patient_id,visit_date,age_group,gender,region,department,treatment_type,visit_type,length_of_stay_days,treatment_cost
1,2022-01-01 0:00:00,31-45,Male,West,General Medicine,Medication,Emergency,5.8,59151
2,2022-01-01 1:00:00,60+,Female,West,Orthopedics,Surgery,Routine,5.1,30272
3,2022-01-01 2:00:00,46-60,Male,South,Pediatrics,Observation,Routine,7.9,67498
4,2022-01-01 3:00:00,31-45,Female,North,Neurology,Medication,Routine,5,29896
5,2022-01-01 4:00:00,18-30,Female,North,Neurology,Therapy,Routine,0,36208
6,2022-01-01 5:00:00,18-30,Male,North,Neurology,Medication,Routine,5.7,34016
7,2022-01-01 6:00:00,18-30,Female,North,Cardiology,Surgery,Routine,0.8,51496
8,2022-01-01 7:00:00,60+,Female,South,Cardiology,Therapy,Emergency,4.9,47951
9,2022-01-01 8:00:00,46-60,Male,South,Neurology,Observation,Emergency,0.6,54975
10,2022-01-01 9:00:00,46-60,Male,South,General Medicine,Medication,Routine,3.1,36895
11,2022-01-01 10:00:00,18-30,Male,South,General Medicine,Medication,Routine,3.3,75110
12,2022-01-01 11:00:00,60+,Male,North,Cardiology,Observation,Routine,2.5,71681
13,2022-01-01 12:00:00,46-60,Female,West,Neurology,Medication,Emergency,3.3,51524
14,2022-01-01 13:00:00,18-30,Male,East,General Medicine,Medication,Routine,6.1,45433
15,2022-01-01 14:00:00,18-30,Male,South,Cardiology,Medication,Routine,2.6,43413
16,2022-01-01 15:00:00,18-30,Male,West,Neurology,Therapy,Emergency,5.1,48797
17,2022-01-01 16:00:00,31-45,Male,South,Orthopedics,Therapy,Emergency,2.1,26995
18,2022-01-01 17:00:00,31-45,Male,North,Neurology,Surgery,Routine,3.6,35808
19,2022-01-01 18:00:00,31-45,Female,North,Neurology,Medication,Emergency,4.6,72202
20,2022-01-01 19:00:00,31-45,Male,West,Pediatrics,Surgery,Emergency,2,61036
21,2022-01-01 20:00:00,46-60,Female,West,Pediatrics,Therapy,Routine,1.4,87685
22,2022-01-01 21:00:00,18-30,Male,West,Orthopedics,Medication,Routine,5,49016
23,2022-01-01 22:00:00,31-45,Male,North,Orthopedics,Surgery,Emergency,6.2,47770
24,2022-01-01 23:00:00,31-45,Male,North,Neurology,Medication,Routine,3.8,46842
25,2022-01-02 0:00:00,31-45,Male,East,General Medicine,Medication,Routine,3.1,48617
26,2022-01-02 1:00:00,46-60,Male,West,Orthopedics,Observation,Routine,4.3,41801
27,2022-01-02 2:00:00,18-30,Male,East,Neurology,Surgery,Emergency,4.1,60420
28,2022-01-02 3:00:00,31-45,Male,South,Cardiology,Therapy,Emergency,4.5,55582
29,2022-01-02 4:00:00,31-45,Male,East,Pediatrics,Surgery,Routine,1.1,44802
30,2022-01-02 5:00:00,18-30,Female,South,General Medicine,Surgery,Emergency,1.9,80023
31,2022-01-02 6:00:00,46-60,Male,South,Neurology,Surgery,Emergency,2.3,92932
32,2022-01-02 7:00:00,18-30,Female,East,Cardiology,Observation,Emergency,4.3,78332
33,2022-01-02 8:00:00,18-30,Male,West,Pediatrics,Medication,Routine,4.4,66162
34,2022-01-02 9:00:00,60+,Female,South,Cardiology,Therapy,Routine,5.3,70235
35,2022-01-02 10:00:00,60+,Male,West,Neurology,Observation,Routine,4.5,92128
36,2022-01-02 11:00:00,46-60,Male,North,Orthopedics,Therapy,Routine,1.4,70206
37,2022-01-02 12:00:00,31-45,Male,South,Pediatrics,Observation,Routine,6.9,43296
38,2022-01-02 13:00:00,18-30,Female,North,Cardiology,Medication,Emergency,6.5,62845
39,2022-01-02 14:00:00,46-60,Female,East,Orthopedics,Therapy,Routine,1.5,67525
40,2022-01-02 15:00:00,31-45,Female,West,General Medicine,Surgery,Emergency,4.7,35106
41,2022-01-02 16:00:00,18-30,Female,East,Neurology,Observation,Routine,2.8,49301
42,2022-01-02 17:00:00,31-45,Male,South,Neurology,Therapy,Routine,4.3,77008
43,2022-01-02 18:00:00,18-30,Male,North,Pediatrics,Medication,Routine,6.1,18530
44,2022-01-02 19:00:00,60+,Male,South,Cardiology,Therapy,Routine,8.3,29991
45,2022-01-02 20:00:00,31-45,Female,East,General Medicine,Observation,Routine,5.5,51472
46,2022-01-02 21:00:00,46-60,Male,West,Pediatrics,Medication,Emergency,4.6,62074
47,2022-01-02 22:00:00,31-45,Female,West,Pediatrics,Surgery,Routine,3.3,27847
48,2022-01-02 23:00:00,31-45,Female,South,Cardiology,Observation,Routine,4.4,52464
49,2022-01-03 0:00:00,31-45,Female,South,General Medicine,Observation,Routine,6.7,78075
50,2022-01-03 1:00:00,18-30,Female,North,Cardiology,Medication,Routine,3.9,56373
51,2022-01-03 2:00:00,60+,Female,East,Neurology,Observation,Routine,2.2,73782
52,2022-01-03 3:00:00,46-60,Male,South,Orthopedics,Therapy,Routine,0.8,43158
53,2022-01-03 4:00:00,60+,Female,North,Neurology,Surgery,Routine,5,38802
54,2022-01-03 5:00:00,60+,Female,South,Neurology,Therapy,Emergency,4.5,71977
55,2022-01-03 6:00:00,31-45,Male,West,Pediatrics,Medication,Routine,2.7,62385
56,2022-01-03 7:00:00,60+,Female,North,Neurology,Observation,Emergency,6.1,31288
57,2022-01-03 8:00:00,18-30,Female,North,General Medicine,Surgery,Routine,3.2,38983
58,2022-01-03 9:00:00,18-30,Male,South,Neurology,Medication,Emergency,3.7,86292
59,2022-01-03 10:00:00,18-30,Male,East,General Medicine,Therapy,Routine,4,36509
60,2022-01-03 11:00:00,31-45,Male,West,Cardiology,Observation,Routine,3.3,73687
61,2022-01-03 12:00:00,31-45,Female,East,Pediatrics,Observation,Routine,4.5,45436
62,2022-01-03 13:00:00,31-45,Male,North,General Medicine,Medication,Emergency,6.3,54936
63,2022-01-03 14:00:00,46-60,Male,East,Neurology,Therapy,Routine,1.7,60892
64,2022-01-03 15:00:00,31-45,Male,North,Pediatrics,Observation,Routine,5,12980
65,2022-01-03 16:00:00,31-45,Female,East,Pediatrics,Therapy,Routine,4.3,25746
66,2022-01-03 17:00:00,31-45,Male,South,General Medicine,Surgery,Routine,4.3,56727
67,2022-01-03 18:00:00,18-30,Female,East,General Medicine,Observation,Routine,5.7,40514
68,2022-01-03 19:00:00,46-60,Female,North,Orthopedics,Surgery,Routine,4.1,74932
69,2022-01-03 20:00:00,18-30,Male,West,Orthopedics,Observation,Routine,5,22878
70,2022-01-03 21:00:00,60+,Female,West,Pediatrics,Medication,Routine,5.4,66305
71,2022-01-03 22:00:00,46-60,Female,West,Orthopedics,Observation,Routine,3,27476
72,2022-01-03 23:00:00,18-30,Male,North,Neurology,Observation,Routine,4.6,47958
73,2022-01-04 0:00:00,18-30,Female,East,Cardiology,Therapy,Routine,3.5,33712
74,2022-01-04 1:00:00,46-60,Male,West,Pediatrics,Therapy,Emergency,3.7,93049
75,2022-01-04 2:00:00,46-60,Female,West,Cardiology,Surgery,Routine,3.4,28210
76,2022-01-04 3:00:00,46-60,Female,West,Orthopedics,Surgery,Emergency,4.9,52559
77,2022-01-04 4:00:00,46-60,Male,South,General Medicine,Surgery,Routine,4.2,20463
78,2022-01-04 5:00:00,18-30,Male,North,Pediatrics,Observation,Emergency,4.8,86991
79,2022-01-04 6:00:00,31-45,Female,North,Orthopedics,Observation,Routine,4,63026
80,2022-01-04 7:00:00,18-30,Female,North,Neurology,Surgery,Routine,0.8,57739
81,2022-01-04 8:00:00,60+,Male,North,Pediatrics,Medication,Routine,4.1,84486
82,2022-01-04 9:00:00,46-60,Female,North,Pediatrics,Medication,Emergency,4.1,57948
83,2022-01-04 10:00:00,31-45,Female,South,General Medicine,Observation,Routine,4.5,59391
84,2022-01-04 11:00:00,18-30,Female,East,Pediatrics,Medication,Routine,2.8,57635
85,2022-01-04 12:00:00,31-45,Female,South,General Medicine,Medication,Routine,1.6,66273
86,2022-01-04 13:00:00,31-45,Male,West,Orthopedics,Surgery,Routine,5.2,45151
87,2022-01-04 14:00:00,46-60,Male,South,Neurology,Medication,Routine,3.5,50714
88,2022-01-04 15:00:00,46-60,Male,North,Neurology,Medication,Routine,4.3,71207
89,2022-01-04 16:00:00,60+,Male,South,Pediatrics,Observation,Routine,3.4,60547
90,2022-01-04 17:00:00,31-45,Male,North,Pediatrics,Observation,Routine,4,52715
91,2022-01-04 18:00:00,18-30,Male,South,Orthopedics,Observation,Emergency,3.1,26990
92,2022-01-04 19:00:00,46-60,Female,North,General Medicine,Medication,Routine,2.1,84961
93,2022-01-04 20:00:00,46-60,Male,West,Neurology,Surgery,Routine,4.9,41771
94,2022-01-04 21:00:00,31-45,Female,North,General Medicine,Therapy,Emergency,2.8,74745
95,2022-01-04 22:00:00,46-60,Female,South,Orthopedics,Observation,Routine,4.3,58515
96,2022-01-04 23:00:00,31-45,Female,West,Neurology,Observation,Routine,4.8,29131
97,2022-01-05 0:00:00,31-45,Male,South,Neurology,Observation,Emergency,2.8,80046
98,2022-01-05 1:00:00,31-45,Female,West,Cardiology,Surgery,Routine,1.6,60091
99,2022-01-05 2:00:00,18-30,Male,East,Orthopedics,Therapy,Routine,8.9,81707
100,2022-01-05 3:00:00,18-30,Female,East,Orthopedics,Therapy,Emergency,2.9,51352
101,2022-01-05 4:00:00,18-30,Female,East,Cardiology,Observation,Emergency,5.2,69081
102,2022-01-05 5:00:00,46-60,Male,South,General Medicine,Medication,Routine,7.9,19749
103,2022-01-05 6:00:00,31-45,Female,South,Cardiology,Observation,Routine,5.6,44996
104,2022-01-05 7:00:00,31-45,Female,West,Orthopedics,Observation,Routine,3.4,29540
105,2022-01-05 8:00:00,60+,Female,West,General Medicine,Medication,Routine,3.9,47504
106,2022-01-05 9:00:00,18-30,Female,West,Neurology,Medication,Routine,2.3,64436
107,2022-01-05 10:00:00,31-45,Male,West,Cardiology,Observation,Routine,5.8,42908
108,2022-01-05 11:00:00,46-60,Female,North,General Medicine,Surgery,Emergency,5.1,72277
109,2022-01-05 12:00:00,18-30,Female,East,General Medicine,Surgery,Emergency,3,37868
110,2022-01-05 13:00:00,18-30,Male,North,General Medicine,Medication,Routine,1.9,72705
111,2022-01-05 14:00:00,31-45,Female,North,Cardiology,Observation,Routine,1.4,81195
112,2022-01-05 15:00:00,18-30,Female,North,Neurology,Surgery,Routine,6,75271
113,2022-01-05 16:00:00,60+,Female,North,General Medicine,Observation,Routine,4.2,48116
114,2022-01-05 17:00:00,46-60,Female,East,Cardiology,Observation,Routine,4.4,12491
115,2022-01-05 18:00:00,46-60,Male,North,Orthopedics,Observation,Emergency,2.4,66643
116,2022-01-05 19:00:00,60+,Female,West,Cardiology,Surgery,Routine,1.1,52495
117,2022-01-05 20:00:00,46-60,Male,South,Cardiology,Therapy,Emergency,5.9,35432
118,2022-01-05 21:00:00,18-30,Female,West,Cardiology,Observation,Routine,4.1,43874
119,2022-01-05 22:00:00,60+,Female,South,General Medicine,Surgery,Routine,5.8,83689
120,2022-01-05 23:00:00,31-45,Female,West,Cardiology,Therapy,Routine,3.2,32253
121,2022-01-06 0:00:00,46-60,Male,West,Orthopedics,Medication,Routine,3.5,64366
122,2022-01-06 1:00:00,60+,Female,South,General Medicine,Surgery,Emergency,5.4,59359
123,2022-01-06 2:00:00,31-45,Female,East,Orthopedics,Therapy,Emergency,5.5,47852
124,2022-01-06 3:00:00,18-30,Male,North,Pediatrics,Surgery,Routine,5.6,67891
125,2022-01-06 4:00:00,18-30,Male,West,Cardiology,Therapy,Routine,3.4,87645
126,2022-01-06 5:00:00,31-45,Male,East,General Medicine,Therapy,Routine,5.2,49081
127,2022-01-06 6:00:00,46-60,Male,North,General Medicine,Surgery,Emergency,6.2,50136
128,2022-01-06 7:00:00,60+,Female,East,Cardiology,Medication,Emergency,3.8,67441
129,2022-01-06 8:00:00,18-30,Female,East,Neurology,Observation,Routine,3,73365
130,2022-01-06 9:00:00,31-45,Female,North,Neurology,Therapy,Routine,6.7,52446
131,2022-01-06 10:00:00,31-45,Female,West,Orthopedics,Observation,Routine,2.7,48893
132,2022-01-06 11:00:00,18-30,Male,East,Cardiology,Medication,Routine,5.3,10647
133,2022-01-06 12:00:00,18-30,Female,West,Cardiology,Observation,Routine,3.9,39440
134,2022-01-06 13:00:00,31-45,Female,West,Pediatrics,Observation,Routine,0.3,32214
135,2022-01-06 14:00:00,60+,Female,West,Neurology,Surgery,Emergency,6.3,68692
136,2022-01-06 15:00:00,31-45,Female,North,Neurology,Surgery,Routine,1.5,50122
137,2022-01-06 16:00:00,31-45,Male,South,Cardiology,Medication,Routine,0,49340
138,2022-01-06 17:00:00,46-60,Female,West,Orthopedics,Surgery,Emergency,5.1,54819
139,2022-01-06 18:00:00,31-45,Female,South,Cardiology,Therapy,Routine,5.1,37596
140,2022-01-06 19:00:00,60+,Female,South,Orthopedics,Medication,Routine,2.7,86065
141,2022-01-06 20:00:00,60+,Male,East,Neurology,Surgery,Routine,4.3,80964
142,2022-01-06 21:00:00,31-45,Male,West,Pediatrics,Surgery,Routine,1.1,87362
143,2022-01-06 22:00:00,31-45,Female,West,General Medicine,Medication,Routine,5.4,68668
144,2022-01-06 23:00:00,31-45,Female,West,Neurology,Therapy,Routine,4.5,54410
145,2022-01-07 0:00:00,31-45,Female,South,Orthopedics,Medication,Emergency,3.9,87295
146,2022-01-07 1:00:00,18-30,Male,North,Cardiology,Surgery,Routine,4,41381
147,2022-01-07 2:00:00,46-60,Female,South,Neurology,Surgery,Emergency,5,37576
148,2022-01-07 3:00:00,31-45,Female,West,Pediatrics,Medication,Routine,3.9,42970
149,2022-01-07 4:00:00,18-30,Female,West,Orthopedics,Therapy,Emergency,0.3,65457
150,2022-01-07 5:00:00,31-45,Male,West,Cardiology,Therapy,Routine,8.4,39758
151,2022-01-07 6:00:00,60+,Female,South,General Medicine,Observation,Routine,6.4,51893
152,2022-01-07 7:00:00,18-30,Female,West,Orthopedics,Therapy,Routine,1.4,22963
153,2022-01-07 8:00:00,18-30,Male,East,Cardiology,Medication,Routine,3.3,64622
154,2022-01-07 9:00:00,31-45,Male,West,General Medicine,Therapy,Routine,3.5,24658
155,2022-01-07 10:00:00,60+,Female,North,Cardiology,Therapy,Emergency,6.2,36357
156,2022-01-07 11:00:00,18-30,Male,East,General Medicine,Observation,Routine,0.3,79343
157,2022-01-07 12:00:00,46-60,Female,West,General Medicine,Therapy,Routine,3,78606
158,2022-01-07 13:00:00,46-60,Male,East,General Medicine,Observation,Routine,0.5,62486
159,2022-01-07 14:00:00,18-30,Male,West,Cardiology,Observation,Emergency,3.4,60513
160,2022-01-07 15:00:00,46-60,Female,North,General Medicine,Therapy,Routine,3.1,44381
161,2022-01-07 16:00:00,31-45,Female,West,Orthopedics,Surgery,Emergency,4.2,39542
162,2022-01-07 17:00:00,46-60,Female,East,Pediatrics,Medication,Emergency,2.8,47755
163,2022-01-07 18:00:00,46-60,Male,North,Pediatrics,Medication,Routine,2.5,24727
164,2022-01-07 19:00:00,31-45,Female,South,General Medicine,Therapy,Routine,5.2,60049
165,2022-01-07 20:00:00,18-30,Female,North,Pediatrics,Medication,Emergency,4.9,55977
166,2022-01-07 21:00:00,46-60,Female,North,Pediatrics,Medication,Routine,5.1,36332
167,2022-01-07 22:00:00,31-45,Female,North,General Medicine,Observation,Routine,3.6,86374
168,2022-01-07 23:00:00,18-30,Female,East,General Medicine,Surgery,Emergency,2.9,67138
169,2022-01-08 0:00:00,18-30,Male,North,Orthopedics,Medication,Emergency,3.8,68837
170,2022-01-08 1:00:00,31-45,Female,West,Neurology,Surgery,Emergency,5,45253
171,2022-01-08 2:00:00,46-60,Female,North,Cardiology,Medication,Routine,0.4,54973
172,2022-01-08 3:00:00,18-30,Male,North,General Medicine,Surgery,Routine,4.8,67547
173,2022-01-08 4:00:00,31-45,Female,West,General Medicine,Surgery,Routine,4.6,58056
174,2022-01-08 5:00:00,18-30,Female,West,Pediatrics,Medication,Routine,4.1,87038
175,2022-01-08 6:00:00,46-60,Female,South,Orthopedics,Observation,Routine,3.7,50924
176,2022-01-08 7:00:00,18-30,Female,North,Pediatrics,Surgery,Routine,1.1,44909
177,2022-01-08 8:00:00,46-60,Female,East,General Medicine,Surgery,Routine,3.1,67685
178,2022-01-08 9:00:00,31-45,Male,North,General Medicine,Medication,Emergency,7.6,29707
179,2022-01-08 10:00:00,60+,Male,North,Pediatrics,Surgery,Emergency,4,73486
180,2022-01-08 11:00:00,18-30,Male,West,General Medicine,Surgery,Emergency,3.4,28986
181,2022-01-08 12:00:00,31-45,Female,South,Neurology,Observation,Routine,4,67772
182,2022-01-08 13:00:00,18-30,Male,North,Cardiology,Surgery,Routine,4.7,42035
183,2022-01-08 14:00:00,60+,Female,East,Cardiology,Observation,Emergency,5.3,64532
184,2022-01-08 15:00:00,60+,Female,North,Cardiology,Surgery,Routine,3.5,73147
185,2022-01-08 16:00:00,31-45,Female,East,Neurology,Surgery,Routine,4.8,58068
186,2022-01-08 17:00:00,46-60,Male,West,General Medicine,Observation,Routine,7.4,31008
187,2022-01-08 18:00:00,46-60,Male,South,Pediatrics,Observation,Routine,6,37064
188,2022-01-08 19:00:00,31-45,Male,North,Orthopedics,Therapy,Routine,8.7,40427
189,2022-01-08 20:00:00,31-45,Female,South,General Medicine,Surgery,Emergency,2.7,17100
190,2022-01-08 21:00:00,18-30,Male,North,Neurology,Observation,Emergency,7.4,77550
191,2022-01-08 22:00:00,18-30,Female,East,Neurology,Surgery,Routine,2.4,57202
192,2022-01-08 23:00:00,60+,Male,South,Cardiology,Surgery,Routine,4.7,32290
193,2022-01-09 0:00:00,60+,Male,North,General Medicine,Surgery,Emergency,5.5,84113
194,2022-01-09 1:00:00,46-60,Female,West,Cardiology,Medication,Routine,3,40973
195,2022-01-09 2:00:00,31-45,Female,East,Orthopedics,Therapy,Routine,4.2,60011
196,2022-01-09 3:00:00,31-45,Male,South,Cardiology,Medication,Emergency,5.8,38495
197,2022-01-09 4:00:00,46-60,Male,North,Orthopedics,Therapy,Emergency,2.6,14635
198,2022-01-09 5:00:00,60+,Male,South,Neurology,Surgery,Emergency,7.3,27711
199,2022-01-09 6:00:00,60+,Female,North,Cardiology,Surgery,Routine,1.2,46030
200,2022-01-09 7:00:00,46-60,Female,East,Cardiology,Observation,Routine,7.9,72966
201,2022-01-09 8:00:00,46-60,Male,West,Pediatrics,Therapy,Emergency,6,61931
202,2022-01-09 9:00:00,18-30,Male,East,Neurology,Therapy,Routine,3.8,57804
203,2022-01-09 10:00:00,18-30,Female,South,Pediatrics,Medication,Emergency,3.2,14799
204,2022-01-09 11:00:00,60+,Male,South,Orthopedics,Therapy,Routine,3,80402
205,2022-01-09 12:00:00,46-60,Female,North,Orthopedics,Surgery,Emergency,3.7,59474
206,2022-01-09 13:00:00,18-30,Female,East,Neurology,Observation,Routine,3.9,52612
207,2022-01-09 14:00:00,18-30,Female,North,Orthopedics,Medication,Routine,6.5,77648
208,2022-01-09 15:00:00,46-60,Female,East,Neurology,Observation,Routine,7.9,79950
209,2022-01-09 16:00:00,18-30,Female,South,Orthopedics,Therapy,Routine,4.4,78092
210,2022-01-09 17:00:00,18-30,Female,North,General Medicine,Therapy,Routine,2.3,50058
211,2022-01-09 18:00:00,31-45,Male,North,Cardiology,Medication,Routine,2.9,34930
212,2022-01-09 19:00:00,46-60,Female,East,General Medicine,Therapy,Emergency,3.6,74778
213,2022-01-09 20:00:00,46-60,Female,West,Neurology,Observation,Routine,1.9,27699
214,2022-01-09 21:00:00,18-30,Male,East,Neurology,Surgery,Routine,1.6,93945
215,2022-01-09 22:00:00,46-60,Female,West,General Medicine,Medication,Routine,8.2,55560
216,2022-01-09 23:00:00,18-30,Male,East,Cardiology,Therapy,Emergency,4.6,33782
217,2022-01-10 0:00:00,31-45,Female,South,Cardiology,Observation,Routine,2.3,30363
218,2022-01-10 1:00:00,46-60,Male,North,Pediatrics,Surgery,Routine,5.6,29448
219,2022-01-10 2:00:00,46-60,Male,East,Orthopedics,Therapy,Emergency,1.6,57807
220,2022-01-10 3:00:00,46-60,Female,South,Pediatrics,Medication,Routine,1.8,54872
221,2022-01-10 4:00:00,46-60,Female,East,Cardiology,Therapy,Routine,2.4,30282
222,2022-01-10 5:00:00,31-45,Female,North,General Medicine,Therapy,Routine,7.3,47871
223,2022-01-10 6:00:00,18-30,Female,East,Orthopedics,Therapy,Emergency,3.5,27641
224,2022-01-10 7:00:00,31-45,Male,West,General Medicine,Surgery,Routine,0.9,66786
225,2022-01-10 8:00:00,31-45,Male,North,Pediatrics,Surgery,Emergency,6.4,53908
226,2022-01-10 9:00:00,18-30,Male,West,Neurology,Therapy,Emergency,3.4,47432
227,2022-01-10 10:00:00,60+,Female,South,General Medicine,Therapy,Routine,0.3,29238
228,2022-01-10 11:00:00,31-45,Male,South,Pediatrics,Medication,Emergency,3.4,48997
229,2022-01-10 12:00:00,60+,Female,East,Pediatrics,Therapy,Routine,5,46705
230,2022-01-10 13:00:00,46-60,Female,West,Pediatrics,Observation,Routine,4.8,61355
231,2022-01-10 14:00:00,46-60,Male,West,Neurology,Observation,Routine,7.6,58340
232,2022-01-10 15:00:00,31-45,Female,North,Neurology,Medication,Emergency,2.3,70841
233,2022-01-10 16:00:00,31-45,Male,West,Neurology,Surgery,Routine,4.1,45308
234,2022-01-10 17:00:00,31-45,Female,West,Orthopedics,Therapy,Routine,2.6,17792
235,2022-01-10 18:00:00,18-30,Male,North,Neurology,Medication,Routine,0.9,74822
236,2022-01-10 19:00:00,46-60,Female,North,Neurology,Surgery,Routine,5.8,36279
237,2022-01-10 20:00:00,31-45,Male,West,Neurology,Medication,Routine,4.9,32862
238,2022-01-10 21:00:00,18-30,Male,East,General Medicine,Surgery,Routine,4.6,54138
239,2022-01-10 22:00:00,46-60,Female,North,Neurology,Therapy,Routine,4.9,61045
240,2022-01-10 23:00:00,18-30,Female,North,Orthopedics,Medication,Routine,2.6,44383
241,2022-01-11 0:00:00,60+,Male,West,Pediatrics,Therapy,Routine,2,44226
242,2022-01-11 1:00:00,60+,Female,West,General Medicine,Medication,Routine,4.1,47179
243,2022-01-11 2:00:00,60+,Female,North,Cardiology,Surgery,Emergency,6.3,83331
244,2022-01-11 3:00:00,31-45,Female,West,Neurology,Medication,Emergency,7.2,54946
245,2022-01-11 4:00:00,18-30,Male,North,Pediatrics,Observation,Routine,5.6,35641
246,2022-01-11 5:00:00,60+,Male,East,Pediatrics,Observation,Routine,4.1,35844
247,2022-01-11 6:00:00,31-45,Female,East,General Medicine,Medication,Emergency,4.5,49982
248,2022-01-11 7:00:00,60+,Female,North,Cardiology,Observation,Emergency,4,59757
249,2022-01-11 8:00:00,60+,Male,North,Orthopedics,Therapy,Routine,1.9,64680
250,2022-01-11 9:00:00,60+,Female,South,Pediatrics,Observation,Routine,4,57483
251,2022-01-11 10:00:00,31-45,Male,South,Pediatrics,Observation,Routine,1.3,38163
252,2022-01-11 11:00:00,31-45,Female,West,Pediatrics,Therapy,Routine,3.8,46521
253,2022-01-11 12:00:00,60+,Female,West,Pediatrics,Therapy,Routine,7.3,69678
254,2022-01-11 13:00:00,31-45,Female,North,General Medicine,Surgery,Emergency,5.6,32078
255,2022-01-11 14:00:00,18-30,Male,North,Cardiology,Therapy,Routine,2.2,45685
256,2022-01-11 15:00:00,31-45,Male,South,Pediatrics,Medication,Routine,3.9,66949
257,2022-01-11 16:00:00,60+,Male,South,Orthopedics,Observation,Emergency,2.3,72506
258,2022-01-11 17:00:00,46-60,Male,North,Orthopedics,Surgery,Emergency,3.9,51142
259,2022-01-11 18:00:00,31-45,Female,East,Neurology,Therapy,Emergency,6.1,46776
260,2022-01-11 19:00:00,18-30,Female,East,Pediatrics,Observation,Emergency,5.3,28558
261,2022-01-11 20:00:00,46-60,Male,West,Pediatrics,Medication,Routine,9,65513
262,2022-01-11 21:00:00,60+,Female,North,Pediatrics,Medication,Emergency,6.4,81376
263,2022-01-11 22:00:00,18-30,Female,North,Pediatrics,Surgery,Emergency,4.4,106303
264,2022-01-11 23:00:00,31-45,Male,West,Pediatrics,Medication,Routine,5.4,62729
265,2022-01-12 0:00:00,60+,Female,South,Orthopedics,Observation,Routine,3.6,53982
266,2022-01-12 1:00:00,46-60,Female,South,Cardiology,Therapy,Routine,1.7,36604
267,2022-01-12 2:00:00,46-60,Male,East,Cardiology,Medication,Emergency,6.6,17423
268,2022-01-12 3:00:00,46-60,Female,North,Neurology,Therapy,Routine,6,58539
269,2022-01-12 4:00:00,31-45,Female,South,Orthopedics,Observation,Routine,3.5,102007
270,2022-01-12 5:00:00,31-45,Female,East,Pediatrics,Observation,Routine,4.5,80416
271,2022-01-12 6:00:00,46-60,Male,East,Cardiology,Therapy,Routine,6.5,77331
272,2022-01-12 7:00:00,46-60,Male,East,General Medicine,Observation,Routine,5.7,59912
273,2022-01-12 8:00:00,60+,Female,South,General Medicine,Surgery,Routine,1.1,62190
274,2022-01-12 9:00:00,60+,Female,South,General Medicine,Medication,Emergency,4.5,6525
275,2022-01-12 10:00:00,31-45,Female,North,Pediatrics,Surgery,Routine,3.7,70250
276,2022-01-12 11:00:00,31-45,Male,North,Pediatrics,Surgery,Routine,6.2,43413
277,2022-01-12 12:00:00,46-60,Male,East,Neurology,Surgery,Routine,6.1,40965
278,2022-01-12 13:00:00,46-60,Male,East,Neurology,Therapy,Routine,6.6,48535
279,2022-01-12 14:00:00,46-60,Female,South,Neurology,Therapy,Routine,1.8,47860
280,2022-01-12 15:00:00,46-60,Female,South,General Medicine,Observation,Routine,2.4,40647
281,2022-01-12 16:00:00,60+,Female,North,Pediatrics,Therapy,Routine,6.2,55277
282,2022-01-12 17:00:00,31-45,Female,North,General Medicine,Observation,Routine,2.8,43834
283,2022-01-12 18:00:00,31-45,Female,West,Neurology,Therapy,Routine,1,57006
284,2022-01-12 19:00:00,18-30,Male,North,Pediatrics,Observation,Routine,5.1,25256
285,2022-01-12 20:00:00,31-45,Female,South,Orthopedics,Medication,Routine,2.9,50719
286,2022-01-12 21:00:00,18-30,Female,East,Cardiology,Observation,Routine,7.6,33074
287,2022-01-12 22:00:00,31-45,Female,West,Cardiology,Medication,Routine,4.6,42171
288,2022-01-12 23:00:00,31-45,Male,North,Neurology,Observation,Emergency,4.3,57868
289,2022-01-13 0:00:00,31-45,Female,North,General Medicine,Therapy,Emergency,3.3,22920
290,2022-01-13 1:00:00,31-45,Male,South,Orthopedics,Therapy,Routine,7.2,38552
291,2022-01-13 2:00:00,18-30,Male,West,Pediatrics,Medication,Routine,4.7,66379
292,2022-01-13 3:00:00,18-30,Male,North,General Medicine,Surgery,Routine,3.2,26736
293,2022-01-13 4:00:00,46-60,Male,East,Neurology,Surgery,Routine,2.4,90557
294,2022-01-13 5:00:00,31-45,Male,South,General Medicine,Observation,Emergency,3.9,79088
295,2022-01-13 6:00:00,18-30,Female,West,Neurology,Therapy,Emergency,2,45109
296,2022-01-13 7:00:00,31-45,Female,North,Cardiology,Surgery,Emergency,6.1,39256
297,2022-01-13 8:00:00,46-60,Male,North,Cardiology,Therapy,Emergency,0.4,59039
298,2022-01-13 9:00:00,18-30,Male,West,General Medicine,Therapy,Emergency,3.7,26051
299,2022-01-13 10:00:00,46-60,Male,South,Orthopedics,Therapy,Routine,5.2,14957
300,2022-01-13 11:00:00,18-30,Female,West,Pediatrics,Observation,Routine,4.7,45813
301,2022-01-13 12:00:00,18-30,Female,West,Neurology,Medication,Emergency,2.6,52319
302,2022-01-13 13:00:00,31-45,Male,South,Pediatrics,Observation,Routine,5.3,56889
303,2022-01-13 14:00:00,31-45,Female,North,Cardiology,Surgery,Routine,2.2,42705
304,2022-01-13 15:00:00,46-60,Female,East,Orthopedics,Medication,Routine,4,80479
305,2022-01-13 16:00:00,46-60,Male,South,Orthopedics,Surgery,Emergency,5.3,25097
306,2022-01-13 17:00:00,60+,Male,East,Pediatrics,Medication,Routine,4.9,32235
307,2022-01-13 18:00:00,31-45,Female,North,Cardiology,Medication,Routine,2.6,64733
308,2022-01-13 19:00:00,31-45,Female,West,Pediatrics,Observation,Emergency,6.4,31767
309,2022-01-13 20:00:00,46-60,Female,East,General Medicine,Therapy,Emergency,4.2,30994
310,2022-01-13 21:00:00,31-45,Male,North,Orthopedics,Therapy,Emergency,5.5,57467
311,2022-01-13 22:00:00,31-45,Male,North,Orthopedics,Medication,Routine,7.1,33930
312,2022-01-13 23:00:00,18-30,Male,West,General Medicine,Observation,Routine,6.2,52338
313,2022-01-14 0:00:00,18-30,Female,West,Cardiology,Surgery,Emergency,6.2,41003
314,2022-01-14 1:00:00,60+,Female,North,Orthopedics,Surgery,Routine,4.4,37767
315,2022-01-14 2:00:00,46-60,Male,North,Neurology,Therapy,Routine,5.6,12954
316,2022-01-14 3:00:00,46-60,Female,East,Neurology,Therapy,Routine,4.4,57791
317,2022-01-14 4:00:00,31-45,Male,North,Cardiology,Surgery,Routine,1.6,30056
318,2022-01-14 5:00:00,18-30,Female,North,General Medicine,Surgery,Routine,4.6,51635
319,2022-01-14 6:00:00,18-30,Male,East,Pediatrics,Observation,Routine,4.5,44758
320,2022-01-14 7:00:00,31-45,Female,South,Cardiology,Surgery,Routine,5.2,50870
321,2022-01-14 8:00:00,31-45,Female,East,Pediatrics,Observation,Emergency,3.7,52006
322,2022-01-14 9:00:00,46-60,Male,East,Cardiology,Therapy,Routine,2.5,58873
323,2022-01-14 10:00:00,46-60,Male,West,Neurology,Surgery,Routine,5.3,40445
324,2022-01-14 11:00:00,31-45,Male,East,General Medicine,Therapy,Routine,1.4,79854
325,2022-01-14 12:00:00,60+,Male,North,Neurology,Medication,Routine,6.9,18052
326,2022-01-14 13:00:00,46-60,Male,North,General Medicine,Medication,Emergency,3.5,50468
327,2022-01-14 14:00:00,31-45,Female,North,Pediatrics,Medication,Routine,4.5,71725
328,2022-01-14 15:00:00,46-60,Male,South,Cardiology,Surgery,Emergency,5.1,64535
329,2022-01-14 16:00:00,31-45,Male,North,Orthopedics,Therapy,Routine,5.2,35503
330,2022-01-14 17:00:00,18-30,Male,South,Orthopedics,Surgery,Routine,1.2,38835
331,2022-01-14 18:00:00,31-45,Male,North,General Medicine,Therapy,Routine,5.6,34864
332,2022-01-14 19:00:00,46-60,Male,East,General Medicine,Observation,Routine,4.6,66985
333,2022-01-14 20:00:00,18-30,Female,West,Neurology,Surgery,Routine,2.7,40202
334,2022-01-14 21:00:00,18-30,Male,North,Orthopedics,Medication,Routine,2.5,60102
335,2022-01-14 22:00:00,18-30,Male,South,Neurology,Observation,Routine,3.3,60286
336,2022-01-14 23:00:00,18-30,Male,South,Pediatrics,Therapy,Emergency,1.4,102368
337,2022-01-15 0:00:00,60+,Female,West,Orthopedics,Surgery,Emergency,7.4,61265
338,2022-01-15 1:00:00,46-60,Female,North,Pediatrics,Therapy,Routine,7,38777
339,2022-01-15 2:00:00,31-45,Male,East,Cardiology,Therapy,Routine,4.9,25797
340,2022-01-15 3:00:00,18-30,Male,North,Neurology,Surgery,Routine,3.6,49483
341,2022-01-15 4:00:00,31-45,Female,North,General Medicine,Surgery,Emergency,3.6,52618
342,2022-01-15 5:00:00,31-45,Female,West,Orthopedics,Therapy,Routine,5.5,10786
343,2022-01-15 6:00:00,18-30,Female,North,Neurology,Therapy,Routine,7.5,40723
344,2022-01-15 7:00:00,31-45,Male,East,General Medicine,Observation,Routine,2.9,60947
345,2022-01-15 8:00:00,31-45,Male,South,Cardiology,Medication,Routine,1.8,44353
346,2022-01-15 9:00:00,46-60,Female,West,Orthopedics,Therapy,Routine,7.1,74372
347,2022-01-15 10:00:00,46-60,Male,East,Pediatrics,Medication,Routine,0.4,23833
348,2022-01-15 11:00:00,18-30,Female,South,Cardiology,Observation,Emergency,2,68538
349,2022-01-15 12:00:00,31-45,Female,West,General Medicine,Medication,Emergency,3.5,73278
350,2022-01-15 13:00:00,46-60,Female,West,Orthopedics,Medication,Routine,0.9,74130
351,2022-01-15 14:00:00,31-45,Male,South,Orthopedics,Observation,Routine,6.2,23683
352,2022-01-15 15:00:00,60+,Female,South,Cardiology,Therapy,Routine,5.7,61291
353,2022-01-15 16:00:00,46-60,Female,East,Orthopedics,Medication,Emergency,2.9,41625
354,2022-01-15 17:00:00,18-30,Male,North,General Medicine,Therapy,Emergency,6.6,26877
355,2022-01-15 18:00:00,18-30,Female,North,Cardiology,Therapy,Routine,6.9,46723
356,2022-01-15 19:00:00,46-60,Male,North,Pediatrics,Surgery,Routine,3.8,36900
357,2022-01-15 20:00:00,18-30,Female,North,Cardiology,Therapy,Routine,3.1,73415
358,2022-01-15 21:00:00,31-45,Male,North,Cardiology,Therapy,Routine,8.5,65261
359,2022-01-15 22:00:00,60+,Female,East,Pediatrics,Medication,Routine,5.4,31951
360,2022-01-15 23:00:00,31-45,Female,West,General Medicine,Therapy,Emergency,4.5,40516
361,2022-01-16 0:00:00,31-45,Female,East,Neurology,Therapy,Routine,6.7,47386
362,2022-01-16 1:00:00,46-60,Female,East,Neurology,Surgery,Routine,4.6,53552
363,2022-01-16 2:00:00,31-45,Female,East,Pediatrics,Surgery,Emergency,3,75128
364,2022-01-16 3:00:00,31-45,Male,West,General Medicine,Medication,Routine,4.2,68816
365,2022-01-16 4:00:00,60+,Male,East,Orthopedics,Medication,Emergency,6.1,56028
366,2022-01-16 5:00:00,31-45,Female,East,Pediatrics,Surgery,Routine,0,49787
367,2022-01-16 6:00:00,60+,Female,West,Neurology,Surgery,Emergency,3.4,19533
368,2022-01-16 7:00:00,60+,Female,East,General Medicine,Observation,Routine,6.8,80840
369,2022-01-16 8:00:00,18-30,Male,North,Cardiology,Therapy,Routine,3,46058
370,2022-01-16 9:00:00,18-30,Male,South,General Medicine,Medication,Routine,7.1,86097
371,2022-01-16 10:00:00,18-30,Female,East,General Medicine,Medication,Routine,6.8,58922
372,2022-01-16 11:00:00,18-30,Male,South,Neurology,Therapy,Routine,3.9,95506
373,2022-01-16 12:00:00,18-30,Female,East,Neurology,Therapy,Emergency,2.9,67126
374,2022-01-16 13:00:00,46-60,Female,East,Orthopedics,Medication,Emergency,3.4,26360
375,2022-01-16 14:00:00,18-30,Female,North,Orthopedics,Surgery,Routine,9.3,42712
376,2022-01-16 15:00:00,31-45,Male,West,Pediatrics,Surgery,Routine,7.7,51617
377,2022-01-16 16:00:00,46-60,Female,South,Cardiology,Therapy,Emergency,4.3,37524
378,2022-01-16 17:00:00,18-30,Female,West,Orthopedics,Medication,Emergency,2.8,47459
379,2022-01-16 18:00:00,46-60,Female,North,Neurology,Therapy,Routine,4.2,27661
380,2022-01-16 19:00:00,31-45,Male,North,General Medicine,Surgery,Emergency,4.5,55114
381,2022-01-16 20:00:00,18-30,Male,South,Pediatrics,Observation,Routine,1.5,59748
382,2022-01-16 21:00:00,46-60,Male,West,Orthopedics,Observation,Routine,4.2,34918
383,2022-01-16 22:00:00,46-60,Female,North,General Medicine,Surgery,Routine,6.6,93805
384,2022-01-16 23:00:00,60+,Male,East,General Medicine,Therapy,Emergency,0.4,56270
385,2022-01-17 0:00:00,46-60,Female,East,Orthopedics,Observation,Routine,5.7,38665
386,2022-01-17 1:00:00,46-60,Male,East,Cardiology,Surgery,Routine,6.7,22409
387,2022-01-17 2:00:00,31-45,Female,West,Cardiology,Medication,Routine,2.9,56199
388,2022-01-17 3:00:00,18-30,Male,East,Pediatrics,Therapy,Routine,7.4,49790
389,2022-01-17 4:00:00,46-60,Female,East,Cardiology,Therapy,Routine,2.6,70661
390,2022-01-17 5:00:00,46-60,Male,North,Pediatrics,Observation,Routine,4.9,52133
391,2022-01-17 6:00:00,60+,Male,North,Neurology,Therapy,Routine,3.4,31126
392,2022-01-17 7:00:00,31-45,Male,East,Orthopedics,Observation,Routine,3.4,88414
393,2022-01-17 8:00:00,31-45,Female,East,General Medicine,Observation,Emergency,2.8,63712
394,2022-01-17 9:00:00,46-60,Male,North,Pediatrics,Surgery,Routine,5.4,49918
395,2022-01-17 10:00:00,31-45,Male,South,Cardiology,Observation,Emergency,5.7,58293
396,2022-01-17 11:00:00,60+,Male,West,Pediatrics,Medication,Routine,3.9,64481
397,2022-01-17 12:00:00,60+,Male,West,Pediatrics,Therapy,Routine,1.3,26423
398,2022-01-17 13:00:00,31-45,Female,North,Cardiology,Observation,Routine,4.8,58154
399,2022-01-17 14:00:00,46-60,Male,West,Cardiology,Therapy,Routine,4.8,45998
400,2022-01-17 15:00:00,46-60,Female,North,Orthopedics,Observation,Routine,3.6,65146
401,2022-01-17 16:00:00,18-30,Female,North,General Medicine,Surgery,Emergency,7.7,40196
402,2022-01-17 17:00:00,60+,Female,North,Orthopedics,Medication,Emergency,0.9,42906
403,2022-01-17 18:00:00,31-45,Female,North,Orthopedics,Therapy,Routine,0.4,88257
404,2022-01-17 19:00:00,46-60,Male,South,Cardiology,Surgery,Routine,2.5,79618
405,2022-01-17 20:00:00,31-45,Female,East,Cardiology,Therapy,Emergency,5.4,10911
406,2022-01-17 21:00:00,60+,Female,East,General Medicine,Surgery,Routine,1.9,78135
407,2022-01-17 22:00:00,31-45,Female,South,Pediatrics,Medication,Routine,2,53527
408,2022-01-17 23:00:00,18-30,Female,West,Orthopedics,Observation,Emergency,5.9,40836
409,2022-01-18 0:00:00,60+,Male,West,General Medicine,Surgery,Emergency,4.9,34857
410,2022-01-18 1:00:00,18-30,Male,East,Orthopedics,Therapy,Routine,4.8,36018
411,2022-01-18 2:00:00,31-45,Female,West,Pediatrics,Therapy,Routine,5.6,41401
412,2022-01-18 3:00:00,60+,Female,East,Orthopedics,Surgery,Routine,3.1,32457
413,2022-01-18 4:00:00,60+,Female,East,Neurology,Medication,Emergency,3.2,27908
414,2022-01-18 5:00:00,31-45,Male,South,General Medicine,Medication,Emergency,5.6,34192
415,2022-01-18 6:00:00,46-60,Male,West,Cardiology,Observation,Routine,1.3,61468
416,2022-01-18 7:00:00,31-45,Male,South,Orthopedics,Observation,Emergency,0.3,56002
417,2022-01-18 8:00:00,31-45,Male,East,General Medicine,Therapy,Emergency,3.1,66117
418,2022-01-18 9:00:00,31-45,Male,East,General Medicine,Therapy,Routine,5.9,53673
419,2022-01-18 10:00:00,46-60,Female,East,Orthopedics,Observation,Emergency,4.5,28866
420,2022-01-18 11:00:00,46-60,Male,North,Cardiology,Observation,Routine,5.7,64889
421,2022-01-18 12:00:00,46-60,Male,North,Cardiology,Observation,Routine,0,34906
422,2022-01-18 13:00:00,46-60,Female,North,Orthopedics,Surgery,Routine,4.6,67932
423,2022-01-18 14:00:00,18-30,Male,South,General Medicine,Observation,Emergency,5.3,31682
424,2022-01-18 15:00:00,31-45,Male,East,Cardiology,Surgery,Routine,1.3,41250
425,2022-01-18 16:00:00,18-30,Male,West,Orthopedics,Surgery,Routine,5.7,47772
426,2022-01-18 17:00:00,31-45,Female,South,Orthopedics,Observation,Emergency,3.8,68488
427,2022-01-18 18:00:00,31-45,Male,South,Orthopedics,Medication,Routine,10.1,58520
428,2022-01-18 19:00:00,60+,Female,South,General Medicine,Medication,Emergency,0.4,55400
429,2022-01-18 20:00:00,31-45,Female,West,Cardiology,Therapy,Routine,6.7,92713
430,2022-01-18 21:00:00,18-30,Male,East,General Medicine,Observation,Routine,3.2,18260
431,2022-01-18 22:00:00,18-30,Male,North,Neurology,Therapy,Routine,0.8,34232
432,2022-01-18 23:00:00,46-60,Male,East,Cardiology,Observation,Emergency,2.9,33376
433,2022-01-19 0:00:00,46-60,Male,East,General Medicine,Therapy,Routine,4.6,19587
434,2022-01-19 1:00:00,18-30,Female,South,Cardiology,Surgery,Routine,6.1,40610
435,2022-01-19 2:00:00,18-30,Male,South,Neurology,Observation,Emergency,7.4,68755
436,2022-01-19 3:00:00,46-60,Female,South,Pediatrics,Medication,Routine,6.8,43167
437,2022-01-19 4:00:00,18-30,Female,North,Orthopedics,Observation,Emergency,2.1,48340
438,2022-01-19 5:00:00,46-60,Female,North,General Medicine,Therapy,Emergency,6.3,20549
439,2022-01-19 6:00:00,46-60,Female,North,Neurology,Therapy,Routine,4.8,39069
440,2022-01-19 7:00:00,18-30,Female,East,Neurology,Therapy,Routine,2.7,45766
441,2022-01-19 8:00:00,18-30,Male,South,Cardiology,Therapy,Routine,3.6,67848
442,2022-01-19 9:00:00,60+,Female,West,Cardiology,Therapy,Routine,2.6,21502
443,2022-01-19 10:00:00,31-45,Female,East,Orthopedics,Therapy,Emergency,4.1,45900
444,2022-01-19 11:00:00,31-45,Male,North,Cardiology,Medication,Emergency,2.5,76736
445,2022-01-19 12:00:00,46-60,Male,West,General Medicine,Therapy,Routine,1.9,46098
446,2022-01-19 13:00:00,60+,Female,West,General Medicine,Medication,Routine,5,12689
447,2022-01-19 14:00:00,60+,Female,South,General Medicine,Observation,Routine,5.3,80584
448,2022-01-19 15:00:00,46-60,Male,West,Pediatrics,Surgery,Routine,3.6,69698
449,2022-01-19 16:00:00,31-45,Female,North,General Medicine,Medication,Routine,6.7,72388
450,2022-01-19 17:00:00,18-30,Male,South,Cardiology,Observation,Routine,3.5,20124
451,2022-01-19 18:00:00,46-60,Male,West,Cardiology,Surgery,Routine,3.4,85249
452,2022-01-19 19:00:00,31-45,Female,South,General Medicine,Medication,Routine,5.3,39534
453,2022-01-19 20:00:00,31-45,Male,West,Neurology,Medication,Emergency,3.7,44811
454,2022-01-19 21:00:00,60+,Female,East,Neurology,Observation,Routine,4.2,40944
455,2022-01-19 22:00:00,18-30,Female,East,Neurology,Therapy,Emergency,1,73939
456,2022-01-19 23:00:00,31-45,Female,North,Orthopedics,Medication,Routine,4,51404
457,2022-01-20 0:00:00,18-30,Male,East,Pediatrics,Medication,Emergency,0.3,64635
458,2022-01-20 1:00:00,31-45,Female,East,General Medicine,Observation,Routine,1.6,56518
459,2022-01-20 2:00:00,18-30,Male,East,Orthopedics,Therapy,Emergency,1.3,53099
460,2022-01-20 3:00:00,18-30,Female,West,Neurology,Surgery,Emergency,1.9,36064
461,2022-01-20 4:00:00,18-30,Female,West,General Medicine,Therapy,Routine,2.9,91243
462,2022-01-20 5:00:00,46-60,Male,South,Orthopedics,Therapy,Routine,3,25732
463,2022-01-20 6:00:00,46-60,Female,West,Cardiology,Observation,Emergency,5.3,63245
464,2022-01-20 7:00:00,31-45,Female,East,Neurology,Therapy,Emergency,4.4,62533
465,2022-01-20 8:00:00,60+,Male,West,Orthopedics,Observation,Emergency,0.2,78087
466,2022-01-20 9:00:00,31-45,Male,North,Cardiology,Surgery,Emergency,4.2,82762
467,2022-01-20 10:00:00,31-45,Male,South,Neurology,Medication,Routine,4.6,52252
468,2022-01-20 11:00:00,60+,Female,South,Pediatrics,Medication,Routine,3.3,65608
469,2022-01-20 12:00:00,18-30,Male,West,Neurology,Observation,Routine,3.9,90297
470,2022-01-20 13:00:00,60+,Male,East,Pediatrics,Observation,Emergency,4.4,53696
471,2022-01-20 14:00:00,18-30,Female,South,Pediatrics,Therapy,Routine,5.5,33671
472,2022-01-20 15:00:00,60+,Male,North,Pediatrics,Therapy,Routine,0.9,47311
473,2022-01-20 16:00:00,18-30,Female,North,General Medicine,Medication,Emergency,3.5,28907
474,2022-01-20 17:00:00,60+,Female,South,General Medicine,Medication,Emergency,7,62436
475,2022-01-20 18:00:00,31-45,Male,East,Pediatrics,Medication,Routine,6.8,76289
476,2022-01-20 19:00:00,60+,Female,East,Cardiology,Observation,Routine,5.7,52579
477,2022-01-20 20:00:00,18-30,Male,West,Pediatrics,Surgery,Routine,5.1,22581
478,2022-01-20 21:00:00,31-45,Male,West,Orthopedics,Surgery,Routine,7.3,75433
479,2022-01-20 22:00:00,60+,Male,South,Pediatrics,Observation,Emergency,7.8,19474
480,2022-01-20 23:00:00,31-45,Male,West,General Medicine,Therapy,Routine,3.7,24081
481,2022-01-21 0:00:00,46-60,Female,West,General Medicine,Surgery,Emergency,2.1,51433
482,2022-01-21 1:00:00,46-60,Female,West,Orthopedics,Therapy,Emergency,3.5,60036
483,2022-01-21 2:00:00,31-45,Male,North,Orthopedics,Medication,Routine,10.2,63445
484,2022-01-21 3:00:00,46-60,Male,West,Neurology,Medication,Routine,0.9,53677
485,2022-01-21 4:00:00,31-45,Female,South,Cardiology,Therapy,Routine,3.1,90201
486,2022-01-21 5:00:00,60+,Male,East,Cardiology,Medication,Routine,1.2,56303
487,2022-01-21 6:00:00,18-30,Female,West,Cardiology,Observation,Routine,4.2,75693
488,2022-01-21 7:00:00,31-45,Male,East,General Medicine,Therapy,Emergency,1.6,70739
489,2022-01-21 8:00:00,60+,Female,West,Cardiology,Therapy,Routine,3.8,29143
490,2022-01-21 9:00:00,60+,Female,South,Neurology,Therapy,Emergency,0.1,51605
491,2022-01-21 10:00:00,31-45,Female,North,Neurology,Surgery,Routine,5.2,97466
492,2022-01-21 11:00:00,46-60,Male,South,Cardiology,Therapy,Routine,6.4,44913
493,2022-01-21 12:00:00,31-45,Male,North,Orthopedics,Therapy,Emergency,3.2,41508
494,2022-01-21 13:00:00,18-30,Male,West,Neurology,Therapy,Routine,3.7,58412
495,2022-01-21 14:00:00,31-45,Male,West,Orthopedics,Surgery,Routine,3.7,45630
496,2022-01-21 15:00:00,31-45,Male,North,General Medicine,Medication,Routine,4.4,39126
497,2022-01-21 16:00:00,31-45,Female,South,Neurology,Surgery,Routine,3.9,45334
498,2022-01-21 17:00:00,18-30,Female,South,Orthopedics,Observation,Emergency,5.5,83640
499,2022-01-21 18:00:00,60+,Female,North,Cardiology,Therapy,Routine,6.5,52268
500,2022-01-21 19:00:00,60+,Female,West,General Medicine,Observation,Routine,2.4,28438
501,2022-01-21 20:00:00,46-60,Female,North,Pediatrics,Surgery,Routine,3.4,24765
502,2022-01-21 21:00:00,31-45,Female,West,Pediatrics,Medication,Emergency,5.8,99136
503,2022-01-21 22:00:00,31-45,Female,North,Cardiology,Medication,Routine,1.2,50533
504,2022-01-21 23:00:00,46-60,Male,West,General Medicine,Therapy,Routine,0.1,63692
505,2022-01-22 0:00:00,46-60,Female,North,General Medicine,Medication,Routine,4.5,39572
506,2022-01-22 1:00:00,18-30,Male,East,General Medicine,Surgery,Routine,5,61420
507,2022-01-22 2:00:00,60+,Female,West,General Medicine,Surgery,Routine,2.6,84187
508,2022-01-22 3:00:00,46-60,Female,South,Pediatrics,Medication,Routine,2.8,41955
509,2022-01-22 4:00:00,60+,Male,North,Orthopedics,Therapy,Routine,2.5,64172
510,2022-01-22 5:00:00,46-60,Female,South,General Medicine,Therapy,Routine,2.3,26885
511,2022-01-22 6:00:00,46-60,Male,North,Orthopedics,Surgery,Routine,5.4,95457
512,2022-01-22 7:00:00,31-45,Female,South,General Medicine,Medication,Emergency,1.6,60371
513,2022-01-22 8:00:00,60+,Male,South,Neurology,Surgery,Emergency,3.5,46744
514,2022-01-22 9:00:00,60+,Female,North,Neurology,Surgery,Routine,2.2,49043
515,2022-01-22 10:00:00,18-30,Male,North,Neurology,Observation,Routine,1.1,44799
516,2022-01-22 11:00:00,18-30,Male,South,General Medicine,Surgery,Routine,5.7,45822
517,2022-01-22 12:00:00,31-45,Female,South,Orthopedics,Therapy,Emergency,3,6050
518,2022-01-22 13:00:00,46-60,Female,South,Pediatrics,Medication,Routine,4.4,53041
519,2022-01-22 14:00:00,60+,Male,West,Cardiology,Medication,Emergency,1,52202
520,2022-01-22 15:00:00,18-30,Female,West,Pediatrics,Observation,Routine,2.5,64773
521,2022-01-22 16:00:00,31-45,Male,East,General Medicine,Observation,Routine,5.5,44537
522,2022-01-22 17:00:00,31-45,Female,West,Neurology,Therapy,Emergency,9.2,39579
523,2022-01-22 18:00:00,60+,Male,West,Neurology,Observation,Emergency,0,54845
524,2022-01-22 19:00:00,46-60,Female,North,Orthopedics,Surgery,Emergency,3.6,22753
525,2022-01-22 20:00:00,46-60,Male,East,General Medicine,Surgery,Routine,4.8,57868
526,2022-01-22 21:00:00,31-45,Female,East,Pediatrics,Therapy,Routine,2.8,17764
527,2022-01-22 22:00:00,31-45,Male,West,General Medicine,Medication,Routine,5.7,77416
528,2022-01-22 23:00:00,31-45,Male,North,General Medicine,Therapy,Routine,2.3,68685
529,2022-01-23 0:00:00,18-30,Female,North,Neurology,Observation,Routine,4.3,36476
530,2022-01-23 1:00:00,60+,Female,East,Pediatrics,Medication,Routine,3,68223
531,2022-01-23 2:00:00,46-60,Male,North,Cardiology,Medication,Routine,6.4,57230
532,2022-01-23 3:00:00,60+,Male,South,Neurology,Medication,Routine,2.6,34820
533,2022-01-23 4:00:00,60+,Male,West,Pediatrics,Observation,Emergency,3.3,14542
534,2022-01-23 5:00:00,31-45,Male,South,Orthopedics,Surgery,Emergency,5.9,61329
535,2022-01-23 6:00:00,46-60,Female,East,Neurology,Surgery,Routine,1.9,39114
536,2022-01-23 7:00:00,60+,Male,East,Orthopedics,Observation,Routine,4.1,76899
537,2022-01-23 8:00:00,46-60,Male,North,Neurology,Observation,Routine,0.4,55281
538,2022-01-23 9:00:00,18-30,Male,North,General Medicine,Therapy,Emergency,1.8,41008
539,2022-01-23 10:00:00,31-45,Female,East,Pediatrics,Therapy,Routine,4.8,90957
540,2022-01-23 11:00:00,18-30,Male,East,Orthopedics,Surgery,Emergency,2,66529
541,2022-01-23 12:00:00,60+,Female,South,Neurology,Observation,Emergency,2.9,18102
542,2022-01-23 13:00:00,46-60,Female,South,Orthopedics,Therapy,Routine,5,45272
543,2022-01-23 14:00:00,18-30,Female,North,Neurology,Observation,Routine,2.8,27318
544,2022-01-23 15:00:00,46-60,Female,South,Neurology,Observation,Emergency,5.6,39004
545,2022-01-23 16:00:00,46-60,Female,North,Cardiology,Surgery,Routine,4.4,52105
546,2022-01-23 17:00:00,31-45,Female,North,Cardiology,Surgery,Routine,4.9,62081
547,2022-01-23 18:00:00,18-30,Female,West,Cardiology,Observation,Emergency,6.5,60227
548,2022-01-23 19:00:00,46-60,Male,North,Orthopedics,Medication,Routine,4.6,76557
549,2022-01-23 20:00:00,31-45,Male,South,General Medicine,Medication,Emergency,7.1,67732
550,2022-01-23 21:00:00,46-60,Female,East,Neurology,Observation,Emergency,5.8,66495
551,2022-01-23 22:00:00,31-45,Male,East,Pediatrics,Surgery,Emergency,3,59030
552,2022-01-23 23:00:00,60+,Male,South,Cardiology,Medication,Routine,6.6,80736
553,2022-01-24 0:00:00,31-45,Female,East,Orthopedics,Surgery,Routine,4.5,48674
554,2022-01-24 1:00:00,31-45,Male,North,Orthopedics,Medication,Routine,3.2,49194
555,2022-01-24 2:00:00,60+,Female,East,Orthopedics,Observation,Emergency,4.6,16889
556,2022-01-24 3:00:00,31-45,Male,South,Pediatrics,Therapy,Emergency,6.2,76123
557,2022-01-24 4:00:00,18-30,Female,East,Pediatrics,Therapy,Routine,4.9,53461
558,2022-01-24 5:00:00,18-30,Female,North,Cardiology,Surgery,Routine,7.6,113672
559,2022-01-24 6:00:00,46-60,Male,North,Pediatrics,Surgery,Routine,6.2,46889
560,2022-01-24 7:00:00,46-60,Male,South,Cardiology,Medication,Emergency,5,56772
561,2022-01-24 8:00:00,46-60,Female,South,Pediatrics,Observation,Emergency,1.9,65930
562,2022-01-24 9:00:00,18-30,Female,South,Pediatrics,Medication,Emergency,3.6,32962
563,2022-01-24 10:00:00,18-30,Female,West,Pediatrics,Observation,Emergency,4.1,62171
564,2022-01-24 11:00:00,18-30,Male,West,Cardiology,Observation,Emergency,5.4,55693
565,2022-01-24 12:00:00,31-45,Male,North,Neurology,Surgery,Emergency,5.3,48926
566,2022-01-24 13:00:00,31-45,Male,West,Cardiology,Therapy,Routine,4.3,78452
567,2022-01-24 14:00:00,31-45,Male,West,Neurology,Therapy,Routine,4.2,36925
568,2022-01-24 15:00:00,31-45,Female,East,Orthopedics,Surgery,Emergency,5.4,60498
569,2022-01-24 16:00:00,60+,Female,West,Orthopedics,Therapy,Routine,2.3,84093
570,2022-01-24 17:00:00,31-45,Female,East,Cardiology,Surgery,Routine,7.4,40868
571,2022-01-24 18:00:00,31-45,Female,South,Neurology,Medication,Routine,0.1,49062
572,2022-01-24 19:00:00,46-60,Male,East,Neurology,Observation,Routine,6.9,101906
573,2022-01-24 20:00:00,31-45,Female,East,Neurology,Therapy,Routine,3.9,64488
574,2022-01-24 21:00:00,46-60,Female,South,Orthopedics,Therapy,Routine,6,44876
575,2022-01-24 22:00:00,60+,Male,South,Cardiology,Medication,Routine,4.7,71052
576,2022-01-24 23:00:00,60+,Male,North,General Medicine,Medication,Routine,4.7,43638
577,2022-01-25 0:00:00,18-30,Female,North,Neurology,Therapy,Routine,5.1,23702
578,2022-01-25 1:00:00,60+,Male,North,Neurology,Therapy,Emergency,5.6,82447
579,2022-01-25 2:00:00,31-45,Female,North,General Medicine,Surgery,Routine,3.3,32939
580,2022-01-25 3:00:00,31-45,Male,East,Cardiology,Surgery,Routine,6.1,104034
581,2022-01-25 4:00:00,31-45,Male,East,Neurology,Therapy,Routine,1.8,45213
582,2022-01-25 5:00:00,60+,Female,North,Cardiology,Surgery,Routine,4,97665
583,2022-01-25 6:00:00,31-45,Male,West,Neurology,Medication,Routine,5.7,27627
584,2022-01-25 7:00:00,31-45,Female,North,Pediatrics,Observation,Emergency,6,75510
585,2022-01-25 8:00:00,46-60,Male,West,Neurology,Surgery,Emergency,4.9,64995
586,2022-01-25 9:00:00,18-30,Male,South,Pediatrics,Observation,Routine,3.2,71755
587,2022-01-25 10:00:00,18-30,Male,East,Cardiology,Surgery,Routine,5.8,74360
588,2022-01-25 11:00:00,18-30,Male,East,Neurology,Therapy,Routine,2.7,45045
589,2022-01-25 12:00:00,18-30,Male,West,Orthopedics,Surgery,Emergency,7.5,28823
590,2022-01-25 13:00:00,18-30,Female,North,Orthopedics,Observation,Emergency,3.8,53982
591,2022-01-25 14:00:00,18-30,Male,East,General Medicine,Observation,Routine,0.9,59461
592,2022-01-25 15:00:00,46-60,Female,West,Orthopedics,Therapy,Routine,1.6,45563
593,2022-01-25 16:00:00,18-30,Male,South,Pediatrics,Observation,Emergency,4.1,60551
594,2022-01-25 17:00:00,31-45,Female,South,Orthopedics,Therapy,Emergency,4.3,61593
595,2022-01-25 18:00:00,60+,Male,East,Orthopedics,Therapy,Routine,7.9,36799
596,2022-01-25 19:00:00,31-45,Female,North,Orthopedics,Observation,Emergency,1.9,62899
597,2022-01-25 20:00:00,46-60,Female,West,Neurology,Medication,Routine,4.1,49656
598,2022-01-25 21:00:00,18-30,Male,East,General Medicine,Observation,Routine,1.9,41000
599,2022-01-25 22:00:00,18-30,Male,South,Cardiology,Observation,Emergency,3,70748
600,2022-01-25 23:00:00,18-30,Male,North,General Medicine,Surgery,Routine,7.4,39460
601,2022-01-26 0:00:00,18-30,Female,West,Pediatrics,Observation,Emergency,1.7,45867
602,2022-01-26 1:00:00,31-45,Female,East,Neurology,Surgery,Routine,5.2,56441
603,2022-01-26 2:00:00,18-30,Male,West,Neurology,Surgery,Routine,4.8,82486
604,2022-01-26 3:00:00,18-30,Male,North,Orthopedics,Observation,Routine,4,58856
605,2022-01-26 4:00:00,18-30,Female,North,Orthopedics,Therapy,Routine,5,65566
606,2022-01-26 5:00:00,31-45,Female,South,Pediatrics,Medication,Routine,1.7,49047
607,2022-01-26 6:00:00,18-30,Male,North,Neurology,Observation,Emergency,7.3,53430
608,2022-01-26 7:00:00,31-45,Female,East,Cardiology,Observation,Routine,7.8,54022
609,2022-01-26 8:00:00,31-45,Male,West,General Medicine,Therapy,Emergency,4.1,60866
610,2022-01-26 9:00:00,46-60,Male,North,Neurology,Surgery,Routine,8.8,49081
611,2022-01-26 10:00:00,18-30,Male,North,Cardiology,Therapy,Emergency,3.2,81800
612,2022-01-26 11:00:00,46-60,Female,East,Cardiology,Therapy,Routine,4.8,47537
613,2022-01-26 12:00:00,46-60,Female,West,General Medicine,Surgery,Routine,6.9,20855
614,2022-01-26 13:00:00,18-30,Female,West,Cardiology,Observation,Routine,3.1,109856
615,2022-01-26 14:00:00,60+,Female,South,Pediatrics,Therapy,Routine,1.2,48453
616,2022-01-26 15:00:00,60+,Male,South,Cardiology,Therapy,Routine,0.8,81263
617,2022-01-26 16:00:00,18-30,Female,West,Pediatrics,Observation,Routine,8.1,83096
618,2022-01-26 17:00:00,31-45,Male,East,Cardiology,Observation,Emergency,2.9,73904
619,2022-01-26 18:00:00,46-60,Male,East,Orthopedics,Medication,Emergency,3.6,51039
620,2022-01-26 19:00:00,46-60,Male,South,Cardiology,Therapy,Emergency,1.8,60734
621,2022-01-26 20:00:00,18-30,Female,North,Pediatrics,Medication,Routine,5.9,29510
622,2022-01-26 21:00:00,18-30,Male,East,Cardiology,Surgery,Emergency,2.4,94803
623,2022-01-26 22:00:00,31-45,Male,North,Cardiology,Observation,Emergency,3,37964
624,2022-01-26 23:00:00,31-45,Female,East,Cardiology,Observation,Routine,4.6,49922
625,2022-01-27 0:00:00,46-60,Male,West,Pediatrics,Medication,Routine,1.9,56980
626,2022-01-27 1:00:00,31-45,Female,South,Cardiology,Therapy,Routine,3.6,52851
627,2022-01-27 2:00:00,31-45,Female,North,General Medicine,Surgery,Routine,6.8,41863
628,2022-01-27 3:00:00,46-60,Female,North,General Medicine,Therapy,Routine,4.9,82887
629,2022-01-27 4:00:00,18-30,Male,West,Pediatrics,Therapy,Routine,4.3,74006
630,2022-01-27 5:00:00,31-45,Female,East,Orthopedics,Medication,Emergency,4.4,61441
631,2022-01-27 6:00:00,46-60,Female,North,General Medicine,Therapy,Routine,3.2,47009
632,2022-01-27 7:00:00,60+,Female,East,Neurology,Medication,Routine,8,76286
633,2022-01-27 8:00:00,31-45,Female,West,General Medicine,Observation,Emergency,2.4,45711
634,2022-01-27 9:00:00,31-45,Male,South,Neurology,Observation,Emergency,4.4,86408
635,2022-01-27 10:00:00,18-30,Female,North,Pediatrics,Observation,Emergency,4.2,57224
636,2022-01-27 11:00:00,31-45,Male,East,Orthopedics,Surgery,Routine,6,79596
637,2022-01-27 12:00:00,31-45,Female,North,Neurology,Surgery,Routine,6.2,52724
638,2022-01-27 13:00:00,18-30,Male,East,Neurology,Therapy,Routine,3.9,56431
639,2022-01-27 14:00:00,31-45,Female,East,General Medicine,Medication,Routine,4.6,79508
640,2022-01-27 15:00:00,31-45,Male,East,Neurology,Therapy,Routine,4.7,98879
641,2022-01-27 16:00:00,18-30,Female,West,Pediatrics,Observation,Routine,0.5,86207
642,2022-01-27 17:00:00,31-45,Male,South,Pediatrics,Therapy,Emergency,0.8,72543
643,2022-01-27 18:00:00,18-30,Male,North,Pediatrics,Therapy,Routine,2.8,66786
644,2022-01-27 19:00:00,31-45,Male,South,General Medicine,Therapy,Routine,2.9,44861
645,2022-01-27 20:00:00,18-30,Female,East,Orthopedics,Observation,Routine,1.6,60905
646,2022-01-27 21:00:00,60+,Male,East,General Medicine,Medication,Emergency,5.5,36739
647,2022-01-27 22:00:00,31-45,Male,South,Pediatrics,Therapy,Routine,4,62516
648,2022-01-27 23:00:00,46-60,Male,South,General Medicine,Observation,Routine,3.6,63801
649,2022-01-28 0:00:00,46-60,Male,North,Pediatrics,Surgery,Routine,1.5,15783
650,2022-01-28 1:00:00,31-45,Female,East,Cardiology,Medication,Routine,3.9,55775
651,2022-01-28 2:00:00,18-30,Male,South,Cardiology,Observation,Routine,1.3,63297
652,2022-01-28 3:00:00,31-45,Male,West,Neurology,Therapy,Routine,3.7,53326
653,2022-01-28 4:00:00,31-45,Male,East,Orthopedics,Observation,Routine,4.1,62161
654,2022-01-28 5:00:00,46-60,Female,East,Cardiology,Medication,Emergency,4.5,28166
655,2022-01-28 6:00:00,31-45,Male,North,Pediatrics,Therapy,Routine,0.9,39483
656,2022-01-28 7:00:00,18-30,Male,West,General Medicine,Surgery,Emergency,4.4,75699
657,2022-01-28 8:00:00,31-45,Male,North,General Medicine,Surgery,Routine,1.9,55011
658,2022-01-28 9:00:00,31-45,Male,West,Neurology,Surgery,Routine,2.4,61798
659,2022-01-28 10:00:00,46-60,Female,North,General Medicine,Observation,Routine,5.4,44070
660,2022-01-28 11:00:00,31-45,Male,West,Cardiology,Medication,Routine,8,55390
661,2022-01-28 12:00:00,31-45,Male,West,General Medicine,Surgery,Routine,4.1,8960
662,2022-01-28 13:00:00,60+,Female,West,Cardiology,Therapy,Routine,2.4,71920
663,2022-01-28 14:00:00,46-60,Female,South,Cardiology,Therapy,Emergency,4.4,91159
664,2022-01-28 15:00:00,18-30,Female,East,Orthopedics,Therapy,Emergency,5.9,33700
665,2022-01-28 16:00:00,18-30,Male,West,Neurology,Observation,Emergency,5.2,36193
666,2022-01-28 17:00:00,18-30,Female,South,Pediatrics,Medication,Routine,9.5,63818
667,2022-01-28 18:00:00,18-30,Male,South,Cardiology,Medication,Routine,2.6,84478
668,2022-01-28 19:00:00,18-30,Female,North,Neurology,Surgery,Routine,4.5,54958
669,2022-01-28 20:00:00,18-30,Male,East,Pediatrics,Medication,Routine,7.1,30414
670,2022-01-28 21:00:00,31-45,Female,East,General Medicine,Therapy,Routine,7,50828
671,2022-01-28 22:00:00,18-30,Male,North,Neurology,Therapy,Routine,0.1,34401
672,2022-01-28 23:00:00,60+,Female,East,Neurology,Observation,Emergency,4,41623
673,2022-01-29 0:00:00,18-30,Male,North,Neurology,Therapy,Routine,7,48919
674,2022-01-29 1:00:00,31-45,Male,South,General Medicine,Medication,Routine,9.8,36414
675,2022-01-29 2:00:00,31-45,Male,South,General Medicine,Therapy,Routine,5.4,39442
676,2022-01-29 3:00:00,60+,Male,West,Neurology,Surgery,Routine,3.3,56491
677,2022-01-29 4:00:00,18-30,Male,North,Orthopedics,Observation,Emergency,2,59301
678,2022-01-29 5:00:00,31-45,Male,South,Cardiology,Observation,Routine,8.4,26520
679,2022-01-29 6:00:00,60+,Male,South,General Medicine,Medication,Emergency,5.5,62928
680,2022-01-29 7:00:00,60+,Male,North,Orthopedics,Therapy,Routine,2.3,47361
681,2022-01-29 8:00:00,46-60,Female,South,General Medicine,Therapy,Routine,3.6,69405
682,2022-01-29 9:00:00,31-45,Male,East,Neurology,Medication,Emergency,4.6,70610
683,2022-01-29 10:00:00,18-30,Male,South,Orthopedics,Medication,Routine,5.1,44109
684,2022-01-29 11:00:00,46-60,Female,North,Pediatrics,Surgery,Routine,2.2,67283
685,2022-01-29 12:00:00,60+,Male,East,Cardiology,Medication,Routine,2.8,38261
686,2022-01-29 13:00:00,31-45,Female,East,Cardiology,Therapy,Routine,0.7,81475
687,2022-01-29 14:00:00,31-45,Male,South,General Medicine,Surgery,Emergency,6.1,39017
688,2022-01-29 15:00:00,31-45,Female,West,Cardiology,Observation,Emergency,3.3,62055
689,2022-01-29 16:00:00,46-60,Female,East,Pediatrics,Therapy,Emergency,4.9,51248
690,2022-01-29 17:00:00,18-30,Male,North,Orthopedics,Observation,Routine,6.8,34662
691,2022-01-29 18:00:00,31-45,Female,West,Orthopedics,Observation,Routine,4.4,73018
692,2022-01-29 19:00:00,31-45,Male,West,Neurology,Observation,Routine,3.8,42717
693,2022-01-29 20:00:00,31-45,Male,East,Orthopedics,Therapy,Emergency,4.4,20999
694,2022-01-29 21:00:00,18-30,Male,South,General Medicine,Observation,Emergency,4.1,2640
695,2022-01-29 22:00:00,18-30,Male,West,Pediatrics,Therapy,Routine,6.5,37499
696,2022-01-29 23:00:00,46-60,Female,South,Neurology,Observation,Routine,4.6,82518
697,2022-01-30 0:00:00,31-45,Male,East,General Medicine,Medication,Routine,2.9,80155
698,2022-01-30 1:00:00,31-45,Female,North,General Medicine,Medication,Routine,6.1,40628
699,2022-01-30 2:00:00,18-30,Female,West,General Medicine,Therapy,Routine,6.5,47511
700,2022-01-30 3:00:00,31-45,Male,North,Cardiology,Observation,Routine,1.3,45702
701,2022-01-30 4:00:00,31-45,Male,South,General Medicine,Observation,Routine,7.1,28331
702,2022-01-30 5:00:00,18-30,Male,South,Cardiology,Observation,Emergency,4.7,36023
703,2022-01-30 6:00:00,31-45,Male,North,Orthopedics,Medication,Emergency,4.6,74623
704,2022-01-30 7:00:00,18-30,Female,East,Cardiology,Observation,Emergency,6,65078
705,2022-01-30 8:00:00,18-30,Male,East,General Medicine,Observation,Routine,2.9,60462
706,2022-01-30 9:00:00,60+,Female,West,Pediatrics,Therapy,Routine,5.9,28297
707,2022-01-30 10:00:00,31-45,Male,West,Pediatrics,Observation,Routine,3.2,57014
708,2022-01-30 11:00:00,46-60,Male,East,Orthopedics,Medication,Routine,1.1,8923
709,2022-01-30 12:00:00,31-45,Male,East,General Medicine,Observation,Routine,2,71856
710,2022-01-30 13:00:00,46-60,Male,North,Cardiology,Medication,Emergency,5.1,60171
711,2022-01-30 14:00:00,46-60,Female,South,Pediatrics,Medication,Routine,2.1,28095
712,2022-01-30 15:00:00,31-45,Female,South,Neurology,Surgery,Emergency,7.2,87329
713,2022-01-30 16:00:00,31-45,Male,West,General Medicine,Medication,Emergency,6.4,19077
714,2022-01-30 17:00:00,31-45,Female,East,General Medicine,Surgery,Emergency,6.7,65606
715,2022-01-30 18:00:00,31-45,Female,North,Neurology,Surgery,Emergency,4.2,66103
716,2022-01-30 19:00:00,60+,Male,West,Pediatrics,Observation,Routine,4.5,30207
717,2022-01-30 20:00:00,46-60,Male,North,Neurology,Surgery,Emergency,1.6,54243
718,2022-01-30 21:00:00,60+,Female,East,Orthopedics,Therapy,Routine,6,22263
719,2022-01-30 22:00:00,18-30,Female,East,Cardiology,Medication,Emergency,4.8,1927
720,2022-01-30 23:00:00,46-60,Female,East,Cardiology,Therapy,Routine,5.1,33642
721,2022-01-31 0:00:00,60+,Female,South,Pediatrics,Surgery,Routine,7.4,42668
722,2022-01-31 1:00:00,18-30,Male,East,Neurology,Observation,Routine,2.8,67885
723,2022-01-31 2:00:00,18-30,Male,West,General Medicine,Medication,Routine,3.7,56348
724,2022-01-31 3:00:00,46-60,Female,South,General Medicine,Therapy,Routine,4.7,56871
725,2022-01-31 4:00:00,31-45,Male,North,General Medicine,Observation,Routine,2.1,34712
726,2022-01-31 5:00:00,46-60,Female,West,Orthopedics,Surgery,Emergency,3.6,44400
727,2022-01-31 6:00:00,18-30,Female,West,Orthopedics,Observation,Routine,5,36401
728,2022-01-31 7:00:00,46-60,Male,North,General Medicine,Therapy,Routine,3.3,30501
729,2022-01-31 8:00:00,18-30,Female,South,Pediatrics,Observation,Routine,6.6,43126
730,2022-01-31 9:00:00,18-30,Female,West,Orthopedics,Therapy,Routine,1,56490
731,2022-01-31 10:00:00,18-30,Male,West,Orthopedics,Observation,Routine,6.2,43547
732,2022-01-31 11:00:00,46-60,Male,West,Cardiology,Medication,Emergency,5.3,48530
733,2022-01-31 12:00:00,46-60,Female,South,Cardiology,Observation,Routine,2.9,68898
734,2022-01-31 13:00:00,31-45,Female,South,Pediatrics,Medication,Routine,2.2,44985
735,2022-01-31 14:00:00,31-45,Male,South,Orthopedics,Therapy,Routine,0.2,28321
736,2022-01-31 15:00:00,60+,Female,West,Orthopedics,Medication,Routine,2.4,66269
737,2022-01-31 16:00:00,31-45,Female,East,Neurology,Observation,Routine,6.1,60317
738,2022-01-31 17:00:00,46-60,Male,North,Pediatrics,Medication,Emergency,3.9,61573
739,2022-01-31 18:00:00,31-45,Male,East,Pediatrics,Therapy,Routine,6.3,67517
740,2022-01-31 19:00:00,31-45,Male,South,Neurology,Observation,Routine,2.8,64133
741,2022-01-31 20:00:00,31-45,Male,West,Neurology,Medication,Routine,5.4,55575
742,2022-01-31 21:00:00,31-45,Male,West,Cardiology,Medication,Routine,2.6,102829
743,2022-01-31 22:00:00,46-60,Male,East,Pediatrics,Surgery,Emergency,2.1,29301
744,2022-01-31 23:00:00,31-45,Female,East,Pediatrics,Medication,Routine,3.8,43272
745,2022-02-01 0:00:00,18-30,Female,North,Neurology,Surgery,Routine,2.7,74347
746,2022-02-01 1:00:00,60+,Male,West,General Medicine,Therapy,Emergency,0.9,57852
747,2022-02-01 2:00:00,31-45,Male,East,General Medicine,Surgery,Routine,3.6,70158
748,2022-02-01 3:00:00,31-45,Female,North,Cardiology,Therapy,Emergency,4.2,58395
749,2022-02-01 4:00:00,60+,Female,South,General Medicine,Medication,Routine,6.5,82481
750,2022-02-01 5:00:00,46-60,Female,East,General Medicine,Medication,Routine,5.9,34850
751,2022-02-01 6:00:00,18-30,Male,South,General Medicine,Surgery,Emergency,6.4,81849
752,2022-02-01 7:00:00,60+,Male,North,Orthopedics,Therapy,Emergency,5.4,78420
753,2022-02-01 8:00:00,46-60,Female,South,Cardiology,Medication,Routine,4.7,30794
754,2022-02-01 9:00:00,31-45,Male,West,Neurology,Surgery,Emergency,1.5,67613
755,2022-02-01 10:00:00,18-30,Male,West,General Medicine,Surgery,Routine,4.3,54139
756,2022-02-01 11:00:00,46-60,Male,South,Orthopedics,Surgery,Routine,5.2,42868
757,2022-02-01 12:00:00,46-60,Female,West,General Medicine,Medication,Routine,6.9,17228
758,2022-02-01 13:00:00,31-45,Female,North,Orthopedics,Therapy,Routine,5.4,34784
759,2022-02-01 14:00:00,60+,Male,West,Cardiology,Medication,Emergency,6.5,69162
760,2022-02-01 15:00:00,46-60,Male,South,General Medicine,Observation,Routine,1.9,71277
761,2022-02-01 16:00:00,18-30,Male,South,Orthopedics,Observation,Routine,3.3,50786
762,2022-02-01 17:00:00,31-45,Male,South,Pediatrics,Medication,Emergency,4.9,71340
763,2022-02-01 18:00:00,18-30,Male,East,Pediatrics,Therapy,Routine,6.3,73905
764,2022-02-01 19:00:00,46-60,Female,South,Orthopedics,Surgery,Routine,3.7,58093
765,2022-02-01 20:00:00,18-30,Male,North,General Medicine,Observation,Routine,3.8,40553
766,2022-02-01 21:00:00,31-45,Male,West,General Medicine,Observation,Routine,5.4,63821
767,2022-02-01 22:00:00,46-60,Male,West,Cardiology,Medication,Emergency,1.7,64740
768,2022-02-01 23:00:00,60+,Female,East,Cardiology,Observation,Routine,7.2,68479
769,2022-02-02 0:00:00,31-45,Female,East,Neurology,Observation,Routine,2.2,72308
770,2022-02-02 1:00:00,46-60,Male,North,Cardiology,Surgery,Emergency,0.2,27757
771,2022-02-02 2:00:00,18-30,Female,South,General Medicine,Surgery,Routine,4,44801
772,2022-02-02 3:00:00,46-60,Female,East,Neurology,Therapy,Routine,7.4,17028
773,2022-02-02 4:00:00,18-30,Female,West,Cardiology,Observation,Emergency,5.2,69940
774,2022-02-02 5:00:00,31-45,Female,East,Orthopedics,Therapy,Routine,5.5,50754
775,2022-02-02 6:00:00,46-60,Female,East,Pediatrics,Therapy,Routine,4.1,63616
776,2022-02-02 7:00:00,18-30,Female,South,Cardiology,Surgery,Routine,3.7,25486
777,2022-02-02 8:00:00,18-30,Male,East,Cardiology,Surgery,Routine,0.9,83020
778,2022-02-02 9:00:00,46-60,Female,North,Orthopedics,Medication,Routine,0.5,31113
779,2022-02-02 10:00:00,46-60,Female,West,General Medicine,Surgery,Routine,4.4,70491
780,2022-02-02 11:00:00,46-60,Male,South,Orthopedics,Therapy,Emergency,6.6,57359
781,2022-02-02 12:00:00,46-60,Male,West,Cardiology,Observation,Routine,4.7,51211
782,2022-02-02 13:00:00,31-45,Male,North,General Medicine,Therapy,Routine,5.2,49597
783,2022-02-02 14:00:00,31-45,Male,North,Neurology,Therapy,Emergency,7.2,42239
784,2022-02-02 15:00:00,31-45,Female,East,Cardiology,Therapy,Routine,4.7,80904
785,2022-02-02 16:00:00,18-30,Female,East,Orthopedics,Surgery,Emergency,3.8,55252
786,2022-02-02 17:00:00,60+,Female,East,Neurology,Therapy,Routine,2.4,29616
787,2022-02-02 18:00:00,31-45,Female,West,Pediatrics,Medication,Routine,8,47321
788,2022-02-02 19:00:00,31-45,Male,North,Neurology,Observation,Emergency,5.1,57567
789,2022-02-02 20:00:00,31-45,Female,South,Orthopedics,Surgery,Routine,2.1,72956
790,2022-02-02 21:00:00,60+,Female,East,Neurology,Therapy,Emergency,1.7,42908
791,2022-02-02 22:00:00,18-30,Male,West,Orthopedics,Medication,Routine,6.5,44244
792,2022-02-02 23:00:00,31-45,Female,East,Cardiology,Observation,Routine,1.9,55469
793,2022-02-03 0:00:00,31-45,Female,North,General Medicine,Therapy,Routine,7.7,72468
794,2022-02-03 1:00:00,46-60,Female,South,Pediatrics,Observation,Routine,1.5,27625
795,2022-02-03 2:00:00,18-30,Female,North,General Medicine,Surgery,Emergency,6.8,65107
796,2022-02-03 3:00:00,60+,Male,West,General Medicine,Surgery,Routine,5,45719
797,2022-02-03 4:00:00,60+,Male,East,General Medicine,Medication,Emergency,4.2,48511
798,2022-02-03 5:00:00,31-45,Male,North,Orthopedics,Surgery,Routine,3.6,95032
799,2022-02-03 6:00:00,46-60,Male,West,Orthopedics,Medication,Routine,7.8,51071
800,2022-02-03 7:00:00,60+,Male,East,Pediatrics,Therapy,Routine,5.4,70094
801,2022-02-03 8:00:00,46-60,Female,South,Orthopedics,Observation,Routine,2.2,69378
802,2022-02-03 9:00:00,18-30,Female,North,Orthopedics,Surgery,Routine,0.6,31400
803,2022-02-03 10:00:00,31-45,Male,East,Orthopedics,Observation,Routine,4.4,18092
804,2022-02-03 11:00:00,46-60,Male,East,Orthopedics,Observation,Routine,4,71420
805,2022-02-03 12:00:00,31-45,Male,East,Cardiology,Therapy,Emergency,1,33329
806,2022-02-03 13:00:00,46-60,Female,East,Pediatrics,Therapy,Emergency,3.9,21716
807,2022-02-03 14:00:00,60+,Male,North,Orthopedics,Surgery,Routine,2.9,75523
808,2022-02-03 15:00:00,60+,Female,East,Pediatrics,Therapy,Routine,4,34611
809,2022-02-03 16:00:00,31-45,Female,West,Neurology,Observation,Routine,5.5,39550
810,2022-02-03 17:00:00,18-30,Female,North,Cardiology,Medication,Routine,7,94487
811,2022-02-03 18:00:00,60+,Female,East,Orthopedics,Medication,Routine,5.8,21805
812,2022-02-03 19:00:00,46-60,Male,North,Cardiology,Medication,Routine,2.6,29874
813,2022-02-03 20:00:00,18-30,Female,West,Cardiology,Surgery,Emergency,4.7,45806
814,2022-02-03 21:00:00,60+,Female,West,Neurology,Therapy,Routine,4.1,50195
815,2022-02-03 22:00:00,60+,Male,North,Pediatrics,Therapy,Routine,1.3,37125
816,2022-02-03 23:00:00,31-45,Female,East,Cardiology,Therapy,Routine,4.8,31827
817,2022-02-04 0:00:00,31-45,Female,East,General Medicine,Therapy,Emergency,7.7,85200
818,2022-02-04 1:00:00,31-45,Female,West,Neurology,Observation,Routine,4.1,60260
819,2022-02-04 2:00:00,18-30,Male,East,General Medicine,Medication,Emergency,0.8,66703
820,2022-02-04 3:00:00,31-45,Female,West,Neurology,Observation,Emergency,4.1,52255
821,2022-02-04 4:00:00,46-60,Female,East,General Medicine,Surgery,Emergency,1.6,60789
822,2022-02-04 5:00:00,18-30,Male,West,General Medicine,Medication,Emergency,5.7,73658
823,2022-02-04 6:00:00,31-45,Male,South,Cardiology,Medication,Routine,5,35074
824,2022-02-04 7:00:00,31-45,Female,East,Cardiology,Observation,Routine,3.7,60297
825,2022-02-04 8:00:00,31-45,Female,East,Neurology,Surgery,Routine,3.3,68921
826,2022-02-04 9:00:00,60+,Male,East,Pediatrics,Surgery,Routine,3.6,85896
827,2022-02-04 10:00:00,31-45,Female,North,Cardiology,Medication,Routine,4,93958
828,2022-02-04 11:00:00,31-45,Male,East,Cardiology,Therapy,Routine,2.5,56397
829,2022-02-04 12:00:00,46-60,Female,North,Orthopedics,Surgery,Routine,1.2,77773
830,2022-02-04 13:00:00,31-45,Male,North,Cardiology,Observation,Emergency,6.3,1597
831,2022-02-04 14:00:00,18-30,Female,West,Pediatrics,Surgery,Routine,3.2,86046
832,2022-02-04 15:00:00,31-45,Male,North,Orthopedics,Medication,Routine,4.3,40482
833,2022-02-04 16:00:00,18-30,Male,North,General Medicine,Therapy,Emergency,4.6,50178
834,2022-02-04 17:00:00,18-30,Male,South,General Medicine,Surgery,Routine,4.6,63822
835,2022-02-04 18:00:00,31-45,Male,East,Orthopedics,Medication,Emergency,1.7,51931
836,2022-02-04 19:00:00,31-45,Male,North,Orthopedics,Surgery,Emergency,0.6,58929
837,2022-02-04 20:00:00,60+,Female,East,Orthopedics,Therapy,Routine,2.8,86754
838,2022-02-04 21:00:00,31-45,Female,North,Neurology,Observation,Routine,4.8,47316
839,2022-02-04 22:00:00,31-45,Male,West,Pediatrics,Medication,Routine,2.5,33262
840,2022-02-04 23:00:00,46-60,Female,South,Pediatrics,Medication,Emergency,3.3,91269
841,2022-02-05 0:00:00,18-30,Female,North,General Medicine,Therapy,Routine,8.3,65535
842,2022-02-05 1:00:00,46-60,Female,East,General Medicine,Medication,Routine,0.3,93445
843,2022-02-05 2:00:00,18-30,Female,West,General Medicine,Therapy,Emergency,2.5,72273
844,2022-02-05 3:00:00,60+,Female,East,Cardiology,Medication,Routine,7.8,28528
845,2022-02-05 4:00:00,18-30,Female,West,General Medicine,Therapy,Emergency,3.9,67908
846,2022-02-05 5:00:00,31-45,Male,South,Orthopedics,Surgery,Emergency,2.6,35321
847,2022-02-05 6:00:00,18-30,Female,West,General Medicine,Surgery,Emergency,6.3,55149
848,2022-02-05 7:00:00,60+,Female,East,Orthopedics,Surgery,Emergency,4.1,53486
849,2022-02-05 8:00:00,31-45,Female,East,Neurology,Medication,Routine,3.3,22647
850,2022-02-05 9:00:00,31-45,Male,North,Cardiology,Therapy,Emergency,4.4,38744
851,2022-02-05 10:00:00,18-30,Female,West,Cardiology,Therapy,Routine,2.7,99104
852,2022-02-05 11:00:00,46-60,Female,East,Pediatrics,Observation,Routine,2,59768
853,2022-02-05 12:00:00,18-30,Female,North,Neurology,Surgery,Routine,3.8,51488
854,2022-02-05 13:00:00,60+,Male,South,Orthopedics,Observation,Emergency,2,91258
855,2022-02-05 14:00:00,18-30,Female,East,Neurology,Surgery,Emergency,4,47075
856,2022-02-05 15:00:00,18-30,Male,North,Cardiology,Observation,Emergency,4.7,53172
857,2022-02-05 16:00:00,18-30,Female,East,Orthopedics,Surgery,Routine,5.7,74816
858,2022-02-05 17:00:00,31-45,Male,West,Neurology,Therapy,Emergency,6.3,46985
859,2022-02-05 18:00:00,31-45,Male,North,Cardiology,Surgery,Emergency,3.2,40070
860,2022-02-05 19:00:00,18-30,Male,West,Orthopedics,Medication,Routine,5,9925
861,2022-02-05 20:00:00,46-60,Female,South,Orthopedics,Surgery,Routine,5,36270
862,2022-02-05 21:00:00,31-45,Male,West,Cardiology,Surgery,Routine,4.7,36079
863,2022-02-05 22:00:00,31-45,Male,North,Orthopedics,Therapy,Routine,3,58171
864,2022-02-05 23:00:00,31-45,Male,East,Cardiology,Medication,Routine,1.9,42791
865,2022-02-06 0:00:00,31-45,Male,North,General Medicine,Therapy,Routine,5,98160
866,2022-02-06 1:00:00,31-45,Female,West,General Medicine,Observation,Routine,0.6,33847
867,2022-02-06 2:00:00,18-30,Female,West,Orthopedics,Observation,Routine,3.5,83013
868,2022-02-06 3:00:00,18-30,Female,East,Orthopedics,Medication,Routine,1.1,59395
869,2022-02-06 4:00:00,60+,Female,South,Cardiology,Observation,Routine,1.3,71135
870,2022-02-06 5:00:00,60+,Male,North,Orthopedics,Medication,Emergency,2.2,69920
871,2022-02-06 6:00:00,31-45,Female,East,Pediatrics,Surgery,Routine,6.2,10635
872,2022-02-06 7:00:00,31-45,Male,East,General Medicine,Observation,Routine,5.4,54769
873,2022-02-06 8:00:00,46-60,Female,East,Orthopedics,Surgery,Routine,2.9,49755
874,2022-02-06 9:00:00,31-45,Female,North,Orthopedics,Therapy,Routine,5.5,32340
875,2022-02-06 10:00:00,18-30,Female,North,Neurology,Observation,Emergency,5.8,64193
876,2022-02-06 11:00:00,18-30,Male,North,Orthopedics,Therapy,Routine,3.7,89331
877,2022-02-06 12:00:00,46-60,Female,South,Pediatrics,Therapy,Routine,1.2,1540
878,2022-02-06 13:00:00,46-60,Female,East,General Medicine,Medication,Emergency,3.6,44311
879,2022-02-06 14:00:00,18-30,Female,West,Neurology,Therapy,Routine,3.8,30085
880,2022-02-06 15:00:00,18-30,Male,West,Cardiology,Medication,Routine,1.5,56436
881,2022-02-06 16:00:00,18-30,Female,East,Cardiology,Medication,Routine,4.7,48488
882,2022-02-06 17:00:00,46-60,Female,West,General Medicine,Medication,Routine,4.6,42886
883,2022-02-06 18:00:00,18-30,Male,South,Cardiology,Medication,Emergency,4.9,68790
884,2022-02-06 19:00:00,18-30,Male,South,Pediatrics,Medication,Routine,4.6,87724
885,2022-02-06 20:00:00,46-60,Female,North,Orthopedics,Surgery,Emergency,5.5,108226
886,2022-02-06 21:00:00,18-30,Female,North,General Medicine,Medication,Emergency,3.6,40207
887,2022-02-06 22:00:00,46-60,Female,North,Neurology,Observation,Routine,4.4,18582
888,2022-02-06 23:00:00,18-30,Male,North,Orthopedics,Medication,Routine,3.2,66184
889,2022-02-07 0:00:00,18-30,Male,North,Cardiology,Surgery,Routine,2.8,87210
890,2022-02-07 1:00:00,18-30,Male,West,Cardiology,Observation,Routine,6.7,71274
891,2022-02-07 2:00:00,46-60,Female,West,Neurology,Observation,Routine,0.1,87127
892,2022-02-07 3:00:00,60+,Male,North,Pediatrics,Surgery,Routine,5.8,50490
893,2022-02-07 4:00:00,46-60,Female,South,Neurology,Observation,Routine,2.8,42809
894,2022-02-07 5:00:00,31-45,Male,West,General Medicine,Surgery,Emergency,2.5,57309
895,2022-02-07 6:00:00,46-60,Male,South,Neurology,Therapy,Routine,4.5,48389
896,2022-02-07 7:00:00,18-30,Male,South,Cardiology,Therapy,Routine,1,68262
897,2022-02-07 8:00:00,31-45,Female,East,Pediatrics,Medication,Emergency,2.4,74395
898,2022-02-07 9:00:00,60+,Female,East,Pediatrics,Medication,Routine,2.3,75962
899,2022-02-07 10:00:00,18-30,Female,North,Neurology,Medication,Routine,3.6,65212
900,2022-02-07 11:00:00,18-30,Female,South,General Medicine,Medication,Routine,2.4,59916
901,2022-02-07 12:00:00,18-30,Male,West,Cardiology,Surgery,Routine,7.2,70889
902,2022-02-07 13:00:00,18-30,Female,East,Orthopedics,Therapy,Routine,7.6,15740
903,2022-02-07 14:00:00,18-30,Male,East,Pediatrics,Surgery,Routine,0,59211
904,2022-02-07 15:00:00,31-45,Female,South,Neurology,Observation,Routine,5.1,56050
905,2022-02-07 16:00:00,31-45,Female,East,General Medicine,Observation,Emergency,5.7,59262
906,2022-02-07 17:00:00,60+,Male,East,General Medicine,Observation,Routine,5.1,53248
907,2022-02-07 18:00:00,46-60,Male,West,Cardiology,Observation,Routine,2.7,63637
908,2022-02-07 19:00:00,31-45,Female,South,Pediatrics,Observation,Routine,3.5,43508
909,2022-02-07 20:00:00,31-45,Female,East,Cardiology,Therapy,Routine,2.5,77590
910,2022-02-07 21:00:00,31-45,Male,South,Orthopedics,Surgery,Routine,3.2,64473
911,2022-02-07 22:00:00,31-45,Male,East,Orthopedics,Observation,Emergency,1.6,58014
912,2022-02-07 23:00:00,31-45,Male,West,Orthopedics,Medication,Routine,3.8,41050
913,2022-02-08 0:00:00,46-60,Male,South,General Medicine,Therapy,Routine,1,71306
914,2022-02-08 1:00:00,31-45,Male,East,Pediatrics,Medication,Routine,3.6,59133
915,2022-02-08 2:00:00,31-45,Female,West,Cardiology,Therapy,Routine,1.5,39890
916,2022-02-08 3:00:00,31-45,Female,East,Cardiology,Therapy,Routine,4.4,53867
917,2022-02-08 4:00:00,31-45,Female,South,Orthopedics,Medication,Routine,2.6,67582
918,2022-02-08 5:00:00,60+,Female,East,Pediatrics,Medication,Routine,4.6,66031
919,2022-02-08 6:00:00,46-60,Male,South,Pediatrics,Observation,Routine,6.2,64740
920,2022-02-08 7:00:00,18-30,Male,South,Neurology,Medication,Routine,7.2,56851
921,2022-02-08 8:00:00,60+,Male,East,Pediatrics,Surgery,Routine,1.1,75516
922,2022-02-08 9:00:00,31-45,Female,West,Pediatrics,Therapy,Routine,2.3,79756
923,2022-02-08 10:00:00,60+,Male,North,Cardiology,Therapy,Emergency,3.4,69746
924,2022-02-08 11:00:00,46-60,Male,West,Pediatrics,Observation,Routine,4.9,43251
925,2022-02-08 12:00:00,31-45,Female,West,Pediatrics,Therapy,Emergency,0.7,33839
926,2022-02-08 13:00:00,18-30,Female,East,Cardiology,Medication,Routine,2,44121
927,2022-02-08 14:00:00,31-45,Female,West,Pediatrics,Therapy,Routine,4.3,94073
928,2022-02-08 15:00:00,31-45,Male,West,Cardiology,Therapy,Routine,4.2,60634
929,2022-02-08 16:00:00,46-60,Male,North,Neurology,Medication,Routine,4.8,97529
930,2022-02-08 17:00:00,31-45,Female,West,General Medicine,Medication,Routine,4.9,52596
931,2022-02-08 18:00:00,18-30,Female,North,Cardiology,Therapy,Routine,4.7,49824
932,2022-02-08 19:00:00,46-60,Male,East,Cardiology,Surgery,Emergency,4.4,53519
933,2022-02-08 20:00:00,60+,Female,North,Pediatrics,Medication,Routine,4.1,53157
934,2022-02-08 21:00:00,31-45,Male,South,Cardiology,Surgery,Routine,5.3,39527
935,2022-02-08 22:00:00,18-30,Female,South,Orthopedics,Surgery,Routine,0.5,32023
936,2022-02-08 23:00:00,31-45,Female,North,Orthopedics,Observation,Emergency,7.1,65027
937,2022-02-09 0:00:00,18-30,Female,South,Neurology,Surgery,Emergency,0.4,76098
938,2022-02-09 1:00:00,60+,Male,East,Cardiology,Observation,Routine,1.8,103900
939,2022-02-09 2:00:00,18-30,Male,South,Pediatrics,Surgery,Emergency,3.5,46326
940,2022-02-09 3:00:00,31-45,Female,North,Pediatrics,Observation,Routine,5.3,47947
941,2022-02-09 4:00:00,31-45,Male,East,General Medicine,Medication,Routine,2,39575
942,2022-02-09 5:00:00,31-45,Female,South,Neurology,Therapy,Routine,3.9,77515
943,2022-02-09 6:00:00,46-60,Female,East,Pediatrics,Therapy,Emergency,5.6,71300
944,2022-02-09 7:00:00,46-60,Male,North,General Medicine,Observation,Emergency,6,37461
945,2022-02-09 8:00:00,18-30,Male,South,Pediatrics,Medication,Emergency,2.6,36956
946,2022-02-09 9:00:00,18-30,Male,East,General Medicine,Observation,Routine,3.4,74050
947,2022-02-09 10:00:00,18-30,Male,East,Orthopedics,Observation,Emergency,2.8,62664
948,2022-02-09 11:00:00,60+,Female,South,Orthopedics,Medication,Routine,3.2,70168
949,2022-02-09 12:00:00,60+,Male,East,Pediatrics,Surgery,Routine,1.9,37345
950,2022-02-09 13:00:00,31-45,Male,East,Neurology,Surgery,Routine,2.2,17446
951,2022-02-09 14:00:00,46-60,Female,North,Cardiology,Medication,Routine,4.9,37501
952,2022-02-09 15:00:00,46-60,Female,North,Neurology,Observation,Routine,4.3,68755
953,2022-02-09 16:00:00,18-30,Female,North,Neurology,Therapy,Routine,5,97221
954,2022-02-09 17:00:00,60+,Female,North,Cardiology,Observation,Emergency,4.4,46411
955,2022-02-09 18:00:00,31-45,Male,North,Orthopedics,Surgery,Routine,5.4,100517
956,2022-02-09 19:00:00,31-45,Male,North,Orthopedics,Medication,Routine,5.8,71596
957,2022-02-09 20:00:00,31-45,Female,South,Cardiology,Medication,Emergency,0.5,27139
958,2022-02-09 21:00:00,18-30,Female,North,General Medicine,Medication,Routine,2.3,59281
959,2022-02-09 22:00:00,18-30,Male,East,Neurology,Surgery,Routine,3.5,72279
960,2022-02-09 23:00:00,46-60,Male,South,Pediatrics,Observation,Routine,4,6490
961,2022-02-10 0:00:00,18-30,Male,East,Orthopedics,Medication,Routine,2.7,67889
962,2022-02-10 1:00:00,46-60,Male,North,Pediatrics,Therapy,Routine,5.8,78454
963,2022-02-10 2:00:00,18-30,Male,North,Cardiology,Medication,Routine,8,62977
964,2022-02-10 3:00:00,31-45,Female,East,Pediatrics,Observation,Emergency,4.4,53766
965,2022-02-10 4:00:00,31-45,Female,East,Pediatrics,Surgery,Routine,4.2,51541
966,2022-02-10 5:00:00,31-45,Female,East,Neurology,Therapy,Routine,5.7,50374
967,2022-02-10 6:00:00,46-60,Female,West,Cardiology,Therapy,Routine,0.3,31480
968,2022-02-10 7:00:00,31-45,Male,West,Pediatrics,Medication,Routine,4.1,41250
969,2022-02-10 8:00:00,31-45,Female,West,Orthopedics,Observation,Routine,6,46668
970,2022-02-10 9:00:00,31-45,Male,West,Cardiology,Medication,Emergency,2.7,57270
971,2022-02-10 10:00:00,46-60,Male,South,Orthopedics,Therapy,Emergency,1.5,43864
972,2022-02-10 11:00:00,60+,Male,North,General Medicine,Medication,Routine,3.6,37617
973,2022-02-10 12:00:00,46-60,Male,East,Pediatrics,Observation,Emergency,3.9,70195
974,2022-02-10 13:00:00,18-30,Male,North,Cardiology,Surgery,Routine,2.2,62412
975,2022-02-10 14:00:00,18-30,Male,East,Orthopedics,Therapy,Routine,8.2,44215
976,2022-02-10 15:00:00,31-45,Male,North,Pediatrics,Observation,Routine,3,65126
977,2022-02-10 16:00:00,31-45,Female,South,Neurology,Medication,Routine,1.7,45937
978,2022-02-10 17:00:00,18-30,Male,West,Orthopedics,Therapy,Emergency,3.8,56261
979,2022-02-10 18:00:00,31-45,Female,North,Orthopedics,Medication,Routine,5.8,74501
980,2022-02-10 19:00:00,31-45,Female,East,General Medicine,Medication,Routine,4,42925
981,2022-02-10 20:00:00,31-45,Male,North,Neurology,Surgery,Emergency,5,31552
982,2022-02-10 21:00:00,46-60,Male,South,General Medicine,Medication,Emergency,2.3,52097
983,2022-02-10 22:00:00,18-30,Female,South,Neurology,Medication,Emergency,7,27731
984,2022-02-10 23:00:00,18-30,Female,North,Orthopedics,Observation,Routine,5.1,49451
985,2022-02-11 0:00:00,46-60,Female,West,General Medicine,Medication,Routine,6.1,49387
986,2022-02-11 1:00:00,31-45,Female,East,Pediatrics,Surgery,Routine,4.7,5726
987,2022-02-11 2:00:00,46-60,Male,South,Neurology,Medication,Routine,5.6,65613
988,2022-02-11 3:00:00,31-45,Male,South,Orthopedics,Medication,Emergency,2.3,51346
989,2022-02-11 4:00:00,18-30,Male,North,Cardiology,Medication,Emergency,3,78638
990,2022-02-11 5:00:00,46-60,Female,South,Neurology,Therapy,Emergency,6.7,59311
991,2022-02-11 6:00:00,46-60,Male,South,Neurology,Surgery,Routine,7.1,69712
992,2022-02-11 7:00:00,46-60,Female,East,Pediatrics,Therapy,Emergency,1.7,78801
993,2022-02-11 8:00:00,31-45,Male,West,Neurology,Surgery,Emergency,4.5,52366
994,2022-02-11 9:00:00,31-45,Female,East,Neurology,Surgery,Routine,3.1,54984
995,2022-02-11 10:00:00,31-45,Male,West,Pediatrics,Observation,Routine,2.6,23529
996,2022-02-11 11:00:00,18-30,Male,East,Pediatrics,Therapy,Emergency,4.6,79791
997,2022-02-11 12:00:00,60+,Female,North,General Medicine,Surgery,Routine,6.3,52086
998,2022-02-11 13:00:00,18-30,Female,South,Orthopedics,Surgery,Emergency,4.9,34885
999,2022-02-11 14:00:00,60+,Female,West,Orthopedics,Observation,Routine,3.4,69794
1000,2022-02-11 15:00:00,31-45,Female,North,General Medicine,Therapy,Emergency,5,11404
1001,2022-02-11 16:00:00,18-30,Female,South,Orthopedics,Medication,Emergency,3.3,46415
1002,2022-02-11 17:00:00,31-45,Male,South,Neurology,Observation,Routine,4.8,73166
1003,2022-02-11 18:00:00,60+,Female,South,General Medicine,Surgery,Emergency,6.8,46246
1004,2022-02-11 19:00:00,46-60,Male,East,General Medicine,Therapy,Routine,0.2,40642
1005,2022-02-11 20:00:00,46-60,Male,North,Orthopedics,Surgery,Routine,5.6,46677
1006,2022-02-11 21:00:00,46-60,Male,North,Cardiology,Observation,Routine,0.9,14801
1007,2022-02-11 22:00:00,46-60,Male,South,Orthopedics,Observation,Routine,6.5,69310
1008,2022-02-11 23:00:00,46-60,Male,West,Cardiology,Therapy,Emergency,2.7,52542
1009,2022-02-12 0:00:00,18-30,Female,North,General Medicine,Observation,Emergency,1.6,49554
1010,2022-02-12 1:00:00,31-45,Female,East,Cardiology,Observation,Routine,5.4,49627
1011,2022-02-12 2:00:00,18-30,Male,West,Neurology,Medication,Routine,4.7,55282
1012,2022-02-12 3:00:00,60+,Male,West,Pediatrics,Surgery,Routine,2,68069
1013,2022-02-12 4:00:00,60+,Female,West,Cardiology,Medication,Routine,1.5,53959
1014,2022-02-12 5:00:00,18-30,Female,West,Pediatrics,Medication,Emergency,3.6,27767
1015,2022-02-12 6:00:00,46-60,Male,North,Neurology,Therapy,Routine,1.6,66510
1016,2022-02-12 7:00:00,60+,Female,South,Pediatrics,Observation,Routine,1.9,64971
1017,2022-02-12 8:00:00,18-30,Female,West,Neurology,Surgery,Routine,4.2,59111
1018,2022-02-12 9:00:00,31-45,Female,East,Pediatrics,Surgery,Routine,2.1,76505
1019,2022-02-12 10:00:00,60+,Male,East,Pediatrics,Surgery,Emergency,4.9,55608
1020,2022-02-12 11:00:00,18-30,Female,South,Orthopedics,Observation,Routine,7,77228
1021,2022-02-12 12:00:00,46-60,Male,North,Cardiology,Surgery,Routine,3.7,83144
1022,2022-02-12 13:00:00,31-45,Male,South,Pediatrics,Surgery,Emergency,4.3,66646
1023,2022-02-12 14:00:00,60+,Male,West,General Medicine,Observation,Emergency,8,40041
1024,2022-02-12 15:00:00,60+,Male,North,Orthopedics,Therapy,Emergency,1.6,52384
1025,2022-02-12 16:00:00,60+,Male,North,Cardiology,Surgery,Emergency,6.4,79777
1026,2022-02-12 17:00:00,31-45,Female,West,Orthopedics,Observation,Emergency,6.1,25047
1027,2022-02-12 18:00:00,60+,Male,East,Cardiology,Medication,Routine,5.7,47161
1028,2022-02-12 19:00:00,46-60,Male,West,Neurology,Observation,Routine,6.6,48141
1029,2022-02-12 20:00:00,31-45,Male,South,Pediatrics,Medication,Routine,4.6,37696
1030,2022-02-12 21:00:00,46-60,Female,West,General Medicine,Observation,Emergency,2.8,72458
1031,2022-02-12 22:00:00,18-30,Female,East,Orthopedics,Surgery,Routine,6.2,62536
1032,2022-02-12 23:00:00,31-45,Female,West,Orthopedics,Therapy,Routine,6.3,40779
1033,2022-02-13 0:00:00,18-30,Female,South,Orthopedics,Therapy,Routine,6.2,67110
1034,2022-02-13 1:00:00,18-30,Female,South,Orthopedics,Surgery,Emergency,4.1,51832
1035,2022-02-13 2:00:00,18-30,Female,East,Pediatrics,Medication,Routine,2.6,37196
1036,2022-02-13 3:00:00,46-60,Female,South,Cardiology,Observation,Routine,4.4,40742
1037,2022-02-13 4:00:00,31-45,Male,South,Pediatrics,Surgery,Routine,5.9,63721
1038,2022-02-13 5:00:00,46-60,Male,West,Neurology,Observation,Emergency,6,73780
1039,2022-02-13 6:00:00,18-30,Female,North,Pediatrics,Surgery,Routine,3.1,45265
1040,2022-02-13 7:00:00,31-45,Male,South,Pediatrics,Surgery,Routine,4.6,65889
1041,2022-02-13 8:00:00,31-45,Male,South,Neurology,Observation,Routine,1.4,86635
1042,2022-02-13 9:00:00,46-60,Female,East,Pediatrics,Therapy,Routine,6,29823
1043,2022-02-13 10:00:00,31-45,Male,East,Cardiology,Therapy,Routine,2.4,62113
1044,2022-02-13 11:00:00,46-60,Male,West,General Medicine,Medication,Routine,5.6,71613
1045,2022-02-13 12:00:00,60+,Female,West,Neurology,Observation,Routine,1.7,53097
1046,2022-02-13 13:00:00,46-60,Male,South,Orthopedics,Medication,Emergency,6.1,79766
1047,2022-02-13 14:00:00,18-30,Female,North,Cardiology,Surgery,Routine,4.6,98977
1048,2022-02-13 15:00:00,18-30,Female,North,General Medicine,Medication,Routine,2.4,61867
1049,2022-02-13 16:00:00,60+,Male,West,Cardiology,Surgery,Emergency,5.4,50328
1050,2022-02-13 17:00:00,18-30,Male,East,Cardiology,Observation,Emergency,2.8,74540
1051,2022-02-13 18:00:00,60+,Male,South,Orthopedics,Observation,Routine,5.5,71841
1052,2022-02-13 19:00:00,31-45,Female,South,General Medicine,Observation,Routine,3.5,4623
1053,2022-02-13 20:00:00,60+,Female,North,Cardiology,Observation,Emergency,0.6,54945
1054,2022-02-13 21:00:00,46-60,Female,West,Orthopedics,Medication,Emergency,2,47108
1055,2022-02-13 22:00:00,60+,Male,North,Neurology,Surgery,Routine,3.1,62934
1056,2022-02-13 23:00:00,31-45,Male,North,Orthopedics,Therapy,Routine,6.7,51127
1057,2022-02-14 0:00:00,46-60,Female,West,Pediatrics,Observation,Routine,5.8,53296
1058,2022-02-14 1:00:00,31-45,Male,East,Orthopedics,Observation,Routine,7.2,37736
1059,2022-02-14 2:00:00,31-45,Male,South,Orthopedics,Surgery,Routine,7.3,69691
1060,2022-02-14 3:00:00,46-60,Female,East,Orthopedics,Therapy,Routine,2.9,88101
1061,2022-02-14 4:00:00,60+,Female,West,Cardiology,Observation,Routine,3.6,38047
1062,2022-02-14 5:00:00,60+,Male,West,General Medicine,Therapy,Routine,3.2,27059
1063,2022-02-14 6:00:00,46-60,Female,South,Orthopedics,Observation,Routine,2.7,55400
1064,2022-02-14 7:00:00,31-45,Male,East,Orthopedics,Medication,Routine,0.3,54427
1065,2022-02-14 8:00:00,31-45,Female,South,Pediatrics,Medication,Routine,4,78419
1066,2022-02-14 9:00:00,46-60,Female,North,Pediatrics,Therapy,Routine,1.4,30416
1067,2022-02-14 10:00:00,18-30,Female,North,Neurology,Surgery,Emergency,3.9,44241
1068,2022-02-14 11:00:00,18-30,Male,North,Neurology,Surgery,Routine,8.2,12046
1069,2022-02-14 12:00:00,31-45,Male,East,Pediatrics,Medication,Emergency,3,82500
1070,2022-02-14 13:00:00,31-45,Female,North,General Medicine,Surgery,Routine,4.4,60011
1071,2022-02-14 14:00:00,31-45,Female,South,Neurology,Surgery,Routine,5.8,45731
1072,2022-02-14 15:00:00,18-30,Female,East,General Medicine,Surgery,Routine,4.6,28555
1073,2022-02-14 16:00:00,18-30,Male,South,Pediatrics,Therapy,Emergency,4.6,30390
1074,2022-02-14 17:00:00,18-30,Female,West,Neurology,Therapy,Routine,3.3,63285
1075,2022-02-14 18:00:00,60+,Female,East,Orthopedics,Surgery,Routine,3.5,32851
1076,2022-02-14 19:00:00,31-45,Female,South,Pediatrics,Medication,Routine,2.1,57080
1077,2022-02-14 20:00:00,31-45,Female,South,Neurology,Surgery,Emergency,5.7,95859
1078,2022-02-14 21:00:00,46-60,Male,East,General Medicine,Observation,Emergency,0.5,48048
1079,2022-02-14 22:00:00,18-30,Male,West,General Medicine,Medication,Routine,5.9,35771
1080,2022-02-14 23:00:00,60+,Female,East,Neurology,Therapy,Routine,1.2,62640
1081,2022-02-15 0:00:00,46-60,Male,North,General Medicine,Observation,Routine,5.9,30484
1082,2022-02-15 1:00:00,18-30,Male,North,Neurology,Surgery,Routine,3.3,89400
1083,2022-02-15 2:00:00,31-45,Male,West,Neurology,Surgery,Routine,1.5,83072
1084,2022-02-15 3:00:00,60+,Female,South,General Medicine,Medication,Emergency,5.2,51717
1085,2022-02-15 4:00:00,60+,Male,South,Cardiology,Medication,Emergency,5.9,37054
1086,2022-02-15 5:00:00,31-45,Male,South,Orthopedics,Surgery,Routine,3.1,46485
1087,2022-02-15 6:00:00,46-60,Male,East,Pediatrics,Surgery,Routine,5.4,49087
1088,2022-02-15 7:00:00,18-30,Female,East,Orthopedics,Medication,Routine,0.6,62671
1089,2022-02-15 8:00:00,60+,Female,West,Pediatrics,Observation,Routine,1.4,75793
1090,2022-02-15 9:00:00,18-30,Male,North,Pediatrics,Therapy,Routine,6.6,34270
1091,2022-02-15 10:00:00,60+,Male,South,Orthopedics,Medication,Routine,3.6,75218
1092,2022-02-15 11:00:00,46-60,Female,North,Neurology,Observation,Routine,0.3,67354
1093,2022-02-15 12:00:00,46-60,Female,East,General Medicine,Surgery,Routine,2.6,44844
1094,2022-02-15 13:00:00,31-45,Male,East,Cardiology,Therapy,Emergency,2.2,33266
1095,2022-02-15 14:00:00,18-30,Male,East,Cardiology,Observation,Routine,3.7,57325
1096,2022-02-15 15:00:00,18-30,Female,North,Cardiology,Therapy,Routine,3.3,33808
1097,2022-02-15 16:00:00,18-30,Female,West,Orthopedics,Therapy,Routine,4.4,75474
1098,2022-02-15 17:00:00,18-30,Male,West,Orthopedics,Therapy,Routine,3.9,32522
1099,2022-02-15 18:00:00,46-60,Female,East,Neurology,Observation,Emergency,6.7,65954
1100,2022-02-15 19:00:00,31-45,Male,South,Cardiology,Observation,Emergency,4.8,53388
1101,2022-02-15 20:00:00,18-30,Male,North,Neurology,Surgery,Routine,4.9,43788
1102,2022-02-15 21:00:00,60+,Male,East,Cardiology,Therapy,Emergency,6.3,52943
1103,2022-02-15 22:00:00,60+,Female,North,Orthopedics,Medication,Routine,3.2,76600
1104,2022-02-15 23:00:00,60+,Male,North,General Medicine,Medication,Emergency,1.5,31155
1105,2022-02-16 0:00:00,60+,Male,West,General Medicine,Medication,Routine,6.4,46757
1106,2022-02-16 1:00:00,18-30,Female,East,General Medicine,Observation,Routine,4.3,39965
1107,2022-02-16 2:00:00,31-45,Female,West,General Medicine,Surgery,Routine,4.3,54228
1108,2022-02-16 3:00:00,46-60,Male,East,Pediatrics,Observation,Emergency,2.7,41306
1109,2022-02-16 4:00:00,46-60,Male,North,Cardiology,Therapy,Routine,2.8,19638
1110,2022-02-16 5:00:00,18-30,Female,West,General Medicine,Medication,Emergency,5.7,33897
1111,2022-02-16 6:00:00,46-60,Female,North,Pediatrics,Observation,Routine,6,87755
1112,2022-02-16 7:00:00,18-30,Female,East,Pediatrics,Medication,Emergency,5.6,59935
1113,2022-02-16 8:00:00,18-30,Male,South,Pediatrics,Observation,Routine,5.6,59247
1114,2022-02-16 9:00:00,31-45,Male,West,Neurology,Medication,Emergency,5.1,49348
1115,2022-02-16 10:00:00,31-45,Male,West,Neurology,Therapy,Routine,4.3,53967
1116,2022-02-16 11:00:00,31-45,Female,North,Pediatrics,Medication,Routine,3.6,46404
1117,2022-02-16 12:00:00,18-30,Male,North,General Medicine,Therapy,Emergency,6.4,65539
1118,2022-02-16 13:00:00,60+,Female,South,Cardiology,Therapy,Emergency,3.3,57016
1119,2022-02-16 14:00:00,31-45,Male,West,Orthopedics,Observation,Routine,4.7,31575
1120,2022-02-16 15:00:00,18-30,Female,East,Neurology,Observation,Routine,2.4,60074
1121,2022-02-16 16:00:00,60+,Male,East,General Medicine,Observation,Routine,2.7,5825
1122,2022-02-16 17:00:00,60+,Male,West,General Medicine,Therapy,Routine,3.5,63277
1123,2022-02-16 18:00:00,60+,Female,West,Orthopedics,Surgery,Routine,2.4,26813
1124,2022-02-16 19:00:00,46-60,Female,West,Orthopedics,Surgery,Routine,5.6,53079
1125,2022-02-16 20:00:00,46-60,Male,South,General Medicine,Therapy,Routine,1.3,31107
1126,2022-02-16 21:00:00,31-45,Female,East,Orthopedics,Therapy,Emergency,4.2,55056
1127,2022-02-16 22:00:00,18-30,Female,East,General Medicine,Observation,Emergency,4.3,66566
1128,2022-02-16 23:00:00,31-45,Male,North,Orthopedics,Observation,Routine,0.4,85057
1129,2022-02-17 0:00:00,31-45,Female,North,Orthopedics,Observation,Routine,3.1,24173
1130,2022-02-17 1:00:00,31-45,Male,West,General Medicine,Surgery,Routine,4.5,74509
1131,2022-02-17 2:00:00,46-60,Male,North,Pediatrics,Surgery,Routine,4.9,57623
1132,2022-02-17 3:00:00,31-45,Female,South,General Medicine,Therapy,Routine,3.6,45987
1133,2022-02-17 4:00:00,18-30,Female,East,Cardiology,Surgery,Routine,5.4,70197
1134,2022-02-17 5:00:00,18-30,Male,East,Orthopedics,Observation,Routine,3.8,50282
1135,2022-02-17 6:00:00,46-60,Male,North,Neurology,Observation,Routine,4,69351
1136,2022-02-17 7:00:00,18-30,Male,West,Orthopedics,Observation,Emergency,4.5,35155
1137,2022-02-17 8:00:00,60+,Male,North,Cardiology,Observation,Emergency,5.9,42340
1138,2022-02-17 9:00:00,31-45,Male,West,Neurology,Observation,Routine,2.6,73872
1139,2022-02-17 10:00:00,31-45,Male,South,Neurology,Medication,Routine,3,84708
1140,2022-02-17 11:00:00,31-45,Female,East,General Medicine,Therapy,Emergency,2.7,54299
1141,2022-02-17 12:00:00,46-60,Female,South,Pediatrics,Therapy,Routine,3.3,746
1142,2022-02-17 13:00:00,31-45,Female,East,General Medicine,Surgery,Emergency,6.9,51019
1143,2022-02-17 14:00:00,46-60,Male,South,Neurology,Observation,Emergency,5.1,55649
1144,2022-02-17 15:00:00,31-45,Female,North,Neurology,Medication,Emergency,1.7,50345
1145,2022-02-17 16:00:00,31-45,Male,South,Pediatrics,Observation,Routine,2.8,61727
1146,2022-02-17 17:00:00,60+,Male,South,Orthopedics,Observation,Routine,4.7,45462
1147,2022-02-17 18:00:00,46-60,Female,North,Pediatrics,Surgery,Emergency,2.2,71777
1148,2022-02-17 19:00:00,46-60,Male,East,General Medicine,Medication,Routine,2.5,31666
1149,2022-02-17 20:00:00,60+,Male,East,Orthopedics,Medication,Routine,6.7,79737
1150,2022-02-17 21:00:00,60+,Male,North,General Medicine,Therapy,Routine,2.8,86002
1151,2022-02-17 22:00:00,46-60,Male,South,Pediatrics,Observation,Routine,5.9,36739
1152,2022-02-17 23:00:00,46-60,Male,South,Orthopedics,Medication,Emergency,6.5,36728
1153,2022-02-18 0:00:00,46-60,Male,South,Pediatrics,Therapy,Routine,2.5,63214
1154,2022-02-18 1:00:00,46-60,Female,West,Cardiology,Medication,Emergency,2.2,31256
1155,2022-02-18 2:00:00,46-60,Male,East,Neurology,Observation,Emergency,3.4,45148
1156,2022-02-18 3:00:00,46-60,Male,South,Orthopedics,Therapy,Routine,1.8,77051
1157,2022-02-18 4:00:00,18-30,Male,East,Neurology,Medication,Routine,4.2,69752
1158,2022-02-18 5:00:00,60+,Male,South,Cardiology,Surgery,Emergency,3.6,94604
1159,2022-02-18 6:00:00,60+,Female,North,Orthopedics,Medication,Routine,4.7,58416
1160,2022-02-18 7:00:00,18-30,Female,North,Neurology,Observation,Emergency,6.8,42783
1161,2022-02-18 8:00:00,46-60,Male,East,Neurology,Surgery,Emergency,5.6,56025
1162,2022-02-18 9:00:00,18-30,Male,East,Orthopedics,Medication,Routine,5,51988
1163,2022-02-18 10:00:00,31-45,Male,North,Neurology,Medication,Emergency,0.1,52269
1164,2022-02-18 11:00:00,46-60,Female,West,Neurology,Therapy,Routine,4.9,54524
1165,2022-02-18 12:00:00,18-30,Female,North,Orthopedics,Observation,Routine,7.4,36365
1166,2022-02-18 13:00:00,46-60,Female,South,Neurology,Medication,Emergency,2,60644
1167,2022-02-18 14:00:00,46-60,Female,West,Neurology,Medication,Emergency,5.4,26827
1168,2022-02-18 15:00:00,31-45,Male,North,General Medicine,Medication,Routine,3.7,40663
1169,2022-02-18 16:00:00,18-30,Female,West,General Medicine,Observation,Routine,2.3,52622
1170,2022-02-18 17:00:00,31-45,Female,West,Cardiology,Surgery,Routine,5.6,9809
1171,2022-02-18 18:00:00,46-60,Male,West,General Medicine,Observation,Routine,7.4,70380
1172,2022-02-18 19:00:00,60+,Male,East,General Medicine,Therapy,Routine,5.6,13937
1173,2022-02-18 20:00:00,46-60,Female,North,Cardiology,Therapy,Routine,3.3,68392
1174,2022-02-18 21:00:00,31-45,Female,East,Neurology,Observation,Routine,2.1,29144
1175,2022-02-18 22:00:00,46-60,Female,East,Neurology,Medication,Emergency,4.3,46902
1176,2022-02-18 23:00:00,31-45,Female,South,General Medicine,Medication,Routine,5.7,65383
1177,2022-02-19 0:00:00,46-60,Male,South,Cardiology,Surgery,Routine,3.2,98963
1178,2022-02-19 1:00:00,18-30,Male,West,Neurology,Observation,Emergency,3.4,57329
1179,2022-02-19 2:00:00,46-60,Female,West,Pediatrics,Observation,Emergency,9.6,15347
1180,2022-02-19 3:00:00,31-45,Female,South,Orthopedics,Medication,Emergency,6.2,74074
1181,2022-02-19 4:00:00,60+,Female,South,Orthopedics,Therapy,Routine,6.3,50362
1182,2022-02-19 5:00:00,31-45,Female,North,Orthopedics,Therapy,Routine,1.1,56398
1183,2022-02-19 6:00:00,46-60,Female,West,General Medicine,Surgery,Routine,2.6,66157
1184,2022-02-19 7:00:00,60+,Male,West,Orthopedics,Surgery,Routine,4.1,10492
1185,2022-02-19 8:00:00,18-30,Male,South,Orthopedics,Therapy,Routine,2,55131
1186,2022-02-19 9:00:00,60+,Male,North,Pediatrics,Observation,Routine,7.2,46806
1187,2022-02-19 10:00:00,46-60,Female,South,Neurology,Surgery,Routine,6.8,79437
1188,2022-02-19 11:00:00,18-30,Female,South,Pediatrics,Medication,Routine,2.9,69542
1189,2022-02-19 12:00:00,31-45,Male,East,General Medicine,Observation,Routine,7.6,22460
1190,2022-02-19 13:00:00,46-60,Male,West,Orthopedics,Medication,Routine,4,80253
1191,2022-02-19 14:00:00,18-30,Female,North,Neurology,Surgery,Routine,9.2,63991
1192,2022-02-19 15:00:00,31-45,Male,East,Orthopedics,Therapy,Routine,4.3,24055
1193,2022-02-19 16:00:00,31-45,Female,West,Orthopedics,Surgery,Routine,5.2,56115
1194,2022-02-19 17:00:00,46-60,Female,South,General Medicine,Therapy,Routine,6.8,75697
1195,2022-02-19 18:00:00,18-30,Male,North,Orthopedics,Observation,Routine,6.6,30719
1196,2022-02-19 19:00:00,60+,Male,West,Cardiology,Surgery,Routine,5,82552
1197,2022-02-19 20:00:00,60+,Male,South,Neurology,Surgery,Routine,3.7,24747
1198,2022-02-19 21:00:00,60+,Female,East,Neurology,Surgery,Emergency,5,39175
1199,2022-02-19 22:00:00,46-60,Female,North,Cardiology,Observation,Routine,2.4,36143
1200,2022-02-19 23:00:00,18-30,Male,West,General Medicine,Medication,Routine,4.3,82539
1201,2022-02-20 0:00:00,46-60,Female,East,Orthopedics,Medication,Emergency,1.8,45180
1202,2022-02-20 1:00:00,18-30,Female,South,Orthopedics,Therapy,Routine,0.4,31744
1203,2022-02-20 2:00:00,18-30,Female,South,Neurology,Surgery,Routine,4.1,63904
1204,2022-02-20 3:00:00,31-45,Male,West,General Medicine,Medication,Routine,6.5,68224
1205,2022-02-20 4:00:00,31-45,Female,South,General Medicine,Observation,Emergency,5.9,68351
1206,2022-02-20 5:00:00,46-60,Male,North,General Medicine,Surgery,Routine,3.8,49573
1207,2022-02-20 6:00:00,46-60,Male,West,Orthopedics,Therapy,Routine,7.5,60091
1208,2022-02-20 7:00:00,31-45,Female,East,General Medicine,Medication,Routine,2.9,41995
1209,2022-02-20 8:00:00,31-45,Male,West,Cardiology,Observation,Routine,0.2,88496
1210,2022-02-20 9:00:00,60+,Female,West,Pediatrics,Observation,Routine,0.4,77884
1211,2022-02-20 10:00:00,31-45,Male,East,General Medicine,Therapy,Emergency,1.6,76659
1212,2022-02-20 11:00:00,31-45,Male,South,Pediatrics,Medication,Routine,5.6,70882
1213,2022-02-20 12:00:00,18-30,Female,East,Orthopedics,Surgery,Routine,2.7,65395
1214,2022-02-20 13:00:00,46-60,Male,North,General Medicine,Observation,Routine,4.9,30113
1215,2022-02-20 14:00:00,46-60,Male,South,Neurology,Therapy,Routine,7.3,67666
1216,2022-02-20 15:00:00,18-30,Male,West,Orthopedics,Observation,Emergency,1.8,57285
1217,2022-02-20 16:00:00,18-30,Female,South,Cardiology,Observation,Routine,5,80267
1218,2022-02-20 17:00:00,46-60,Female,South,Cardiology,Medication,Routine,5.1,71148
1219,2022-02-20 18:00:00,46-60,Male,North,Pediatrics,Medication,Routine,2.3,66008
1220,2022-02-20 19:00:00,31-45,Male,South,Pediatrics,Surgery,Routine,6.7,21316
1221,2022-02-20 20:00:00,60+,Male,South,Neurology,Observation,Routine,3.4,53220
1222,2022-02-20 21:00:00,18-30,Female,South,Neurology,Therapy,Emergency,3.2,43842
1223,2022-02-20 22:00:00,31-45,Female,West,Cardiology,Observation,Routine,8.2,60047
1224,2022-02-20 23:00:00,60+,Male,South,General Medicine,Therapy,Emergency,5,46689
1225,2022-02-21 0:00:00,31-45,Female,East,Cardiology,Observation,Emergency,5.9,49481
1226,2022-02-21 1:00:00,46-60,Female,South,Cardiology,Therapy,Emergency,6.7,64181
1227,2022-02-21 2:00:00,31-45,Female,North,Neurology,Observation,Routine,2.7,46357
1228,2022-02-21 3:00:00,31-45,Female,South,Pediatrics,Observation,Routine,6.5,57432
1229,2022-02-21 4:00:00,60+,Male,South,Neurology,Surgery,Emergency,3,24612
1230,2022-02-21 5:00:00,31-45,Female,West,Neurology,Medication,Emergency,2.9,38352
1231,2022-02-21 6:00:00,60+,Female,East,Neurology,Medication,Emergency,3.5,68121
1232,2022-02-21 7:00:00,18-30,Male,South,Cardiology,Therapy,Routine,2.8,30396
1233,2022-02-21 8:00:00,18-30,Male,East,General Medicine,Observation,Routine,5.6,79915
1234,2022-02-21 9:00:00,18-30,Female,North,Cardiology,Observation,Emergency,4.5,74488
1235,2022-02-21 10:00:00,46-60,Female,West,Orthopedics,Medication,Routine,3,49635
1236,2022-02-21 11:00:00,31-45,Male,East,Neurology,Therapy,Routine,5.3,114975
1237,2022-02-21 12:00:00,60+,Male,West,Neurology,Surgery,Routine,3.4,79862
1238,2022-02-21 13:00:00,31-45,Male,South,Orthopedics,Surgery,Routine,3.3,36014
1239,2022-02-21 14:00:00,60+,Female,North,Neurology,Surgery,Routine,4.1,69923
1240,2022-02-21 15:00:00,18-30,Female,West,Neurology,Observation,Routine,4.9,56317
1241,2022-02-21 16:00:00,60+,Male,South,Neurology,Therapy,Routine,4.8,39466
1242,2022-02-21 17:00:00,46-60,Female,East,Orthopedics,Medication,Routine,3.3,33602
1243,2022-02-21 18:00:00,46-60,Male,North,Cardiology,Observation,Routine,5.7,74898
1244,2022-02-21 19:00:00,46-60,Female,North,Neurology,Observation,Routine,3.6,43041
1245,2022-02-21 20:00:00,46-60,Male,East,General Medicine,Surgery,Emergency,2.7,52962
1246,2022-02-21 21:00:00,46-60,Male,East,Orthopedics,Therapy,Routine,1.1,36579
1247,2022-02-21 22:00:00,18-30,Female,North,Pediatrics,Therapy,Routine,6,40037
1248,2022-02-21 23:00:00,18-30,Female,West,Orthopedics,Surgery,Emergency,4,52461
1249,2022-02-22 0:00:00,60+,Female,North,Cardiology,Surgery,Emergency,4.4,62764
1250,2022-02-22 1:00:00,46-60,Female,East,Orthopedics,Surgery,Routine,6.1,3233
1251,2022-02-22 2:00:00,46-60,Female,West,Pediatrics,Observation,Routine,3,55338
1252,2022-02-22 3:00:00,31-45,Female,South,General Medicine,Observation,Routine,1.3,40078
1253,2022-02-22 4:00:00,18-30,Male,North,Pediatrics,Observation,Routine,4.1,83047
1254,2022-02-22 5:00:00,18-30,Female,East,Orthopedics,Medication,Emergency,4.6,113855
1255,2022-02-22 6:00:00,46-60,Male,South,Pediatrics,Medication,Emergency,3.5,47814
1256,2022-02-22 7:00:00,31-45,Male,North,Orthopedics,Therapy,Emergency,6.9,20555
1257,2022-02-22 8:00:00,18-30,Female,North,General Medicine,Surgery,Routine,1,57338
1258,2022-02-22 9:00:00,31-45,Male,West,General Medicine,Surgery,Routine,6.2,50891
1259,2022-02-22 10:00:00,18-30,Male,East,Cardiology,Observation,Emergency,5.6,94427
1260,2022-02-22 11:00:00,31-45,Female,South,General Medicine,Medication,Routine,4.9,88332
1261,2022-02-22 12:00:00,31-45,Female,North,Neurology,Surgery,Routine,2.7,72307
1262,2022-02-22 13:00:00,46-60,Female,West,Pediatrics,Therapy,Emergency,6.6,43266
1263,2022-02-22 14:00:00,31-45,Male,South,Pediatrics,Surgery,Routine,1.9,68555
1264,2022-02-22 15:00:00,31-45,Female,South,Orthopedics,Observation,Routine,3,60300
1265,2022-02-22 16:00:00,18-30,Female,North,General Medicine,Observation,Emergency,3.7,59826
1266,2022-02-22 17:00:00,18-30,Female,South,Cardiology,Medication,Routine,4.8,23835
1267,2022-02-22 18:00:00,31-45,Female,North,Cardiology,Therapy,Routine,5.3,76236
1268,2022-02-22 19:00:00,31-45,Male,West,Cardiology,Therapy,Routine,5.8,57156
1269,2022-02-22 20:00:00,46-60,Female,West,Neurology,Surgery,Routine,5.6,52983
1270,2022-02-22 21:00:00,31-45,Male,South,General Medicine,Therapy,Routine,4.5,42997
1271,2022-02-22 22:00:00,46-60,Female,North,Cardiology,Surgery,Routine,4.8,39128
1272,2022-02-22 23:00:00,60+,Male,East,Neurology,Surgery,Routine,1.8,61345
1273,2022-02-23 0:00:00,46-60,Male,West,Pediatrics,Medication,Emergency,2.5,20017
1274,2022-02-23 1:00:00,18-30,Male,North,Orthopedics,Therapy,Routine,5.8,70790
1275,2022-02-23 2:00:00,31-45,Female,North,General Medicine,Observation,Emergency,5.7,33918
1276,2022-02-23 3:00:00,18-30,Male,North,General Medicine,Surgery,Routine,5.4,13826
1277,2022-02-23 4:00:00,18-30,Female,South,Pediatrics,Surgery,Routine,3,91438
1278,2022-02-23 5:00:00,60+,Female,East,General Medicine,Surgery,Routine,5.8,37838
1279,2022-02-23 6:00:00,18-30,Female,South,General Medicine,Therapy,Routine,1.7,40557
1280,2022-02-23 7:00:00,31-45,Female,West,General Medicine,Therapy,Emergency,6.2,77691
1281,2022-02-23 8:00:00,46-60,Female,South,General Medicine,Therapy,Routine,3.5,92089
1282,2022-02-23 9:00:00,46-60,Male,North,Neurology,Surgery,Routine,7.4,24340
1283,2022-02-23 10:00:00,31-45,Female,South,Neurology,Observation,Routine,1,35877
1284,2022-02-23 11:00:00,18-30,Male,North,Orthopedics,Observation,Routine,7.5,37346
1285,2022-02-23 12:00:00,31-45,Male,East,General Medicine,Therapy,Routine,3.3,73696
1286,2022-02-23 13:00:00,31-45,Male,South,Pediatrics,Observation,Routine,3.2,87783
1287,2022-02-23 14:00:00,18-30,Male,South,Cardiology,Surgery,Routine,4.4,33395
1288,2022-02-23 15:00:00,31-45,Male,South,Orthopedics,Therapy,Routine,2.6,83295
1289,2022-02-23 16:00:00,18-30,Male,North,Cardiology,Therapy,Routine,3.9,40819
1290,2022-02-23 17:00:00,18-30,Male,North,Cardiology,Surgery,Routine,2.5,61722
1291,2022-02-23 18:00:00,31-45,Female,South,General Medicine,Therapy,Routine,2.6,29571
1292,2022-02-23 19:00:00,18-30,Male,South,Pediatrics,Surgery,Routine,5,52561
1293,2022-02-23 20:00:00,31-45,Female,East,Cardiology,Therapy,Emergency,2.2,52778
1294,2022-02-23 21:00:00,46-60,Male,East,Cardiology,Observation,Emergency,2.5,48697
1295,2022-02-23 22:00:00,46-60,Male,West,Orthopedics,Therapy,Emergency,1.3,62699
1296,2022-02-23 23:00:00,18-30,Male,East,Pediatrics,Therapy,Routine,3,34859
1297,2022-02-24 0:00:00,18-30,Male,East,Pediatrics,Therapy,Emergency,6.6,37326
1298,2022-02-24 1:00:00,18-30,Female,East,Cardiology,Medication,Routine,2.3,63757
1299,2022-02-24 2:00:00,46-60,Female,North,Pediatrics,Observation,Emergency,2.5,81841
1300,2022-02-24 3:00:00,46-60,Female,East,Orthopedics,Surgery,Routine,4.4,54544
1301,2022-02-24 4:00:00,18-30,Male,East,Orthopedics,Medication,Routine,3.3,65073
1302,2022-02-24 5:00:00,60+,Male,South,Orthopedics,Observation,Routine,8.5,70162
1303,2022-02-24 6:00:00,18-30,Male,North,General Medicine,Therapy,Routine,3.7,71610
1304,2022-02-24 7:00:00,31-45,Female,West,Cardiology,Therapy,Emergency,4.7,35930
1305,2022-02-24 8:00:00,46-60,Male,West,Pediatrics,Surgery,Emergency,5.9,39460
1306,2022-02-24 9:00:00,60+,Female,East,Orthopedics,Surgery,Emergency,5.8,41199
1307,2022-02-24 10:00:00,46-60,Female,West,Cardiology,Observation,Routine,4.5,93573
1308,2022-02-24 11:00:00,46-60,Male,West,Cardiology,Observation,Routine,3.7,65164
1309,2022-02-24 12:00:00,31-45,Male,West,General Medicine,Surgery,Routine,8,64266
1310,2022-02-24 13:00:00,46-60,Female,East,Pediatrics,Observation,Emergency,3.8,62325
1311,2022-02-24 14:00:00,18-30,Female,West,Pediatrics,Surgery,Routine,3.1,28584
1312,2022-02-24 15:00:00,60+,Female,East,Orthopedics,Therapy,Emergency,2.7,93764
1313,2022-02-24 16:00:00,31-45,Male,South,Orthopedics,Surgery,Routine,0.5,64584
1314,2022-02-24 17:00:00,46-60,Male,South,Cardiology,Medication,Routine,5.6,69463
1315,2022-02-24 18:00:00,31-45,Male,West,Pediatrics,Surgery,Emergency,0.7,19690
1316,2022-02-24 19:00:00,46-60,Male,South,Pediatrics,Surgery,Routine,4,70593
1317,2022-02-24 20:00:00,31-45,Male,East,Orthopedics,Medication,Routine,3.6,47876
1318,2022-02-24 21:00:00,46-60,Male,South,Neurology,Medication,Routine,8.5,28544
1319,2022-02-24 22:00:00,18-30,Female,West,Cardiology,Medication,Emergency,0.3,35925
1320,2022-02-24 23:00:00,18-30,Female,East,Pediatrics,Medication,Routine,2.2,29702
1321,2022-02-25 0:00:00,18-30,Female,North,General Medicine,Surgery,Routine,3.7,29364
1322,2022-02-25 1:00:00,18-30,Male,East,General Medicine,Observation,Routine,3.6,56211
1323,2022-02-25 2:00:00,60+,Female,South,Neurology,Medication,Routine,2.9,47265
1324,2022-02-25 3:00:00,18-30,Male,North,Orthopedics,Therapy,Routine,3.8,61681
1325,2022-02-25 4:00:00,60+,Male,East,Orthopedics,Surgery,Routine,1.5,88520
1326,2022-02-25 5:00:00,31-45,Female,North,Orthopedics,Observation,Emergency,4.7,52410
1327,2022-02-25 6:00:00,18-30,Male,North,General Medicine,Therapy,Emergency,0.6,10102
1328,2022-02-25 7:00:00,46-60,Female,North,Orthopedics,Surgery,Routine,3.9,50161
1329,2022-02-25 8:00:00,46-60,Female,East,General Medicine,Surgery,Emergency,2.8,78868
1330,2022-02-25 9:00:00,31-45,Male,South,Neurology,Therapy,Routine,6,53281
1331,2022-02-25 10:00:00,31-45,Female,East,Cardiology,Medication,Routine,7.5,85587
1332,2022-02-25 11:00:00,46-60,Female,South,Pediatrics,Medication,Routine,3.3,64059
1333,2022-02-25 12:00:00,18-30,Female,East,Neurology,Therapy,Routine,6.8,18235
1334,2022-02-25 13:00:00,60+,Female,East,General Medicine,Observation,Routine,3.4,57192
1335,2022-02-25 14:00:00,60+,Male,East,Neurology,Medication,Routine,2.1,60940
1336,2022-02-25 15:00:00,46-60,Female,South,Pediatrics,Surgery,Emergency,7.5,76607
1337,2022-02-25 16:00:00,18-30,Female,East,Cardiology,Surgery,Routine,5,91393
1338,2022-02-25 17:00:00,46-60,Female,North,Pediatrics,Observation,Routine,4,73155
1339,2022-02-25 18:00:00,18-30,Male,East,General Medicine,Surgery,Routine,5.4,63810
1340,2022-02-25 19:00:00,18-30,Female,North,Pediatrics,Medication,Routine,4.5,68524
1341,2022-02-25 20:00:00,31-45,Male,West,Neurology,Observation,Routine,3.9,51640
1342,2022-02-25 21:00:00,31-45,Female,West,Orthopedics,Medication,Routine,1.3,25742
1343,2022-02-25 22:00:00,60+,Female,South,Neurology,Observation,Emergency,3.5,55830
1344,2022-02-25 23:00:00,46-60,Female,South,General Medicine,Therapy,Emergency,5.2,62306
1345,2022-02-26 0:00:00,46-60,Male,West,Cardiology,Surgery,Routine,3.8,30927
1346,2022-02-26 1:00:00,31-45,Male,East,Pediatrics,Observation,Routine,5.8,81532
1347,2022-02-26 2:00:00,31-45,Male,East,Cardiology,Therapy,Emergency,4.8,75108
1348,2022-02-26 3:00:00,31-45,Male,East,General Medicine,Medication,Routine,2.2,27565
1349,2022-02-26 4:00:00,60+,Male,West,Pediatrics,Therapy,Routine,1.4,82317
1350,2022-02-26 5:00:00,18-30,Male,North,Neurology,Medication,Routine,3.7,48834
1351,2022-02-26 6:00:00,60+,Female,South,Neurology,Observation,Routine,3,39430
1352,2022-02-26 7:00:00,31-45,Male,North,General Medicine,Observation,Emergency,4.7,76586
1353,2022-02-26 8:00:00,31-45,Female,West,Pediatrics,Surgery,Routine,2.6,53979
1354,2022-02-26 9:00:00,46-60,Male,North,Neurology,Surgery,Routine,2.8,92984
1355,2022-02-26 10:00:00,31-45,Male,East,General Medicine,Observation,Routine,6.1,37942
1356,2022-02-26 11:00:00,60+,Male,East,General Medicine,Medication,Routine,4.3,20367
1357,2022-02-26 12:00:00,60+,Female,North,Cardiology,Medication,Emergency,2.6,49391
1358,2022-02-26 13:00:00,31-45,Male,West,Neurology,Observation,Routine,4,70784
1359,2022-02-26 14:00:00,31-45,Male,North,Pediatrics,Medication,Routine,6.8,36457
1360,2022-02-26 15:00:00,31-45,Female,East,Neurology,Observation,Emergency,4.6,28398
1361,2022-02-26 16:00:00,60+,Female,East,Neurology,Surgery,Routine,5.2,59579
1362,2022-02-26 17:00:00,18-30,Female,West,Neurology,Medication,Routine,2.5,25726
1363,2022-02-26 18:00:00,46-60,Female,North,General Medicine,Surgery,Routine,6.1,61134
1364,2022-02-26 19:00:00,46-60,Male,East,Orthopedics,Therapy,Routine,8.6,48188
1365,2022-02-26 20:00:00,46-60,Female,East,Orthopedics,Surgery,Routine,2.4,64889
1366,2022-02-26 21:00:00,18-30,Male,North,Cardiology,Therapy,Routine,1.6,27323
1367,2022-02-26 22:00:00,46-60,Male,North,Neurology,Surgery,Routine,4.4,80963
1368,2022-02-26 23:00:00,60+,Female,South,Orthopedics,Surgery,Emergency,5.8,51339
1369,2022-02-27 0:00:00,18-30,Male,West,Cardiology,Medication,Routine,3.8,70270
1370,2022-02-27 1:00:00,18-30,Female,West,General Medicine,Surgery,Routine,1.9,74198
1371,2022-02-27 2:00:00,60+,Male,North,Neurology,Observation,Routine,3.8,31851
1372,2022-02-27 3:00:00,18-30,Female,West,Pediatrics,Medication,Emergency,5.2,72645
1373,2022-02-27 4:00:00,60+,Female,East,General Medicine,Medication,Routine,3.2,26499
1374,2022-02-27 5:00:00,31-45,Female,North,Cardiology,Medication,Emergency,5.2,27597
1375,2022-02-27 6:00:00,18-30,Female,North,General Medicine,Surgery,Routine,6.3,94280
1376,2022-02-27 7:00:00,60+,Female,North,Pediatrics,Medication,Emergency,4.5,77237
1377,2022-02-27 8:00:00,31-45,Female,South,General Medicine,Therapy,Routine,3.9,96473
1378,2022-02-27 9:00:00,31-45,Male,West,Cardiology,Therapy,Routine,5.7,47596
1379,2022-02-27 10:00:00,31-45,Male,South,Pediatrics,Surgery,Routine,2.3,57049
1380,2022-02-27 11:00:00,31-45,Male,East,Pediatrics,Medication,Emergency,2.1,65547
1381,2022-02-27 12:00:00,18-30,Female,West,General Medicine,Observation,Routine,3.5,54756
1382,2022-02-27 13:00:00,31-45,Male,South,Pediatrics,Observation,Routine,3,40077
1383,2022-02-27 14:00:00,60+,Female,North,General Medicine,Therapy,Routine,2.4,37078
1384,2022-02-27 15:00:00,31-45,Male,South,Neurology,Surgery,Emergency,7.7,59277
1385,2022-02-27 16:00:00,46-60,Male,North,Pediatrics,Surgery,Emergency,8.3,33663
1386,2022-02-27 17:00:00,31-45,Female,South,General Medicine,Surgery,Routine,3.3,33103
1387,2022-02-27 18:00:00,46-60,Male,South,Neurology,Surgery,Routine,4.2,62871
1388,2022-02-27 19:00:00,18-30,Male,South,Pediatrics,Surgery,Routine,3.6,53097
1389,2022-02-27 20:00:00,60+,Male,North,Neurology,Medication,Emergency,6.2,73744
1390,2022-02-27 21:00:00,31-45,Female,South,Pediatrics,Medication,Emergency,6.6,46502
1391,2022-02-27 22:00:00,18-30,Male,West,Cardiology,Medication,Routine,0.4,43375
1392,2022-02-27 23:00:00,18-30,Female,West,Cardiology,Observation,Routine,5,63471
1393,2022-02-28 0:00:00,18-30,Male,West,General Medicine,Medication,Emergency,1.4,38760
1394,2022-02-28 1:00:00,31-45,Male,North,Orthopedics,Surgery,Emergency,7.5,41837
1395,2022-02-28 2:00:00,31-45,Male,North,Cardiology,Surgery,Routine,4.9,42631
1396,2022-02-28 3:00:00,46-60,Male,West,Orthopedics,Observation,Routine,2.4,50806
1397,2022-02-28 4:00:00,31-45,Female,West,Neurology,Observation,Routine,3.5,90449
1398,2022-02-28 5:00:00,18-30,Male,West,Neurology,Therapy,Routine,3.4,27464
1399,2022-02-28 6:00:00,46-60,Female,East,Orthopedics,Observation,Routine,5.1,80910
1400,2022-02-28 7:00:00,46-60,Female,West,General Medicine,Therapy,Routine,6.1,69756
1401,2022-02-28 8:00:00,18-30,Male,South,Pediatrics,Medication,Routine,1.7,86340
1402,2022-02-28 9:00:00,18-30,Male,East,Orthopedics,Surgery,Routine,7.7,117734
1403,2022-02-28 10:00:00,18-30,Female,East,Orthopedics,Therapy,Routine,7.2,83629
1404,2022-02-28 11:00:00,46-60,Female,North,Orthopedics,Therapy,Routine,2.2,73513
1405,2022-02-28 12:00:00,46-60,Male,South,Orthopedics,Therapy,Emergency,4.1,28750
1406,2022-02-28 13:00:00,31-45,Male,North,Orthopedics,Observation,Routine,7.4,31276
1407,2022-02-28 14:00:00,46-60,Male,North,General Medicine,Observation,Routine,6.5,62204
1408,2022-02-28 15:00:00,46-60,Male,South,Cardiology,Observation,Routine,3.3,21038
1409,2022-02-28 16:00:00,31-45,Male,North,Pediatrics,Therapy,Emergency,5.6,67309
1410,2022-02-28 17:00:00,60+,Female,South,Cardiology,Medication,Emergency,10,12302
1411,2022-02-28 18:00:00,18-30,Male,South,Orthopedics,Surgery,Routine,4.2,78045
1412,2022-02-28 19:00:00,18-30,Male,North,Cardiology,Observation,Emergency,2.7,48566
1413,2022-02-28 20:00:00,31-45,Female,West,General Medicine,Medication,Routine,4.3,57532
1414,2022-02-28 21:00:00,18-30,Male,North,Neurology,Observation,Emergency,4.5,40033
1415,2022-02-28 22:00:00,31-45,Male,East,Cardiology,Observation,Routine,3,17029
1416,2022-02-28 23:00:00,60+,Female,North,Pediatrics,Therapy,Routine,4.9,79694
1417,2022-03-01 0:00:00,18-30,Male,South,General Medicine,Therapy,Routine,1.5,81714
1418,2022-03-01 1:00:00,18-30,Female,East,Neurology,Observation,Routine,2.7,47970
1419,2022-03-01 2:00:00,31-45,Male,South,General Medicine,Surgery,Routine,5.5,68239
1420,2022-03-01 3:00:00,60+,Male,West,Orthopedics,Observation,Emergency,0.5,47182
1421,2022-03-01 4:00:00,31-45,Male,West,Neurology,Surgery,Emergency,5.8,60770
1422,2022-03-01 5:00:00,31-45,Female,East,Pediatrics,Medication,Routine,0,70183
1423,2022-03-01 6:00:00,18-30,Female,West,Neurology,Observation,Routine,0.5,66102
1424,2022-03-01 7:00:00,18-30,Female,West,Pediatrics,Surgery,Routine,3,81819
1425,2022-03-01 8:00:00,60+,Female,North,Orthopedics,Medication,Routine,4.6,65378
1426,2022-03-01 9:00:00,60+,Male,North,Pediatrics,Medication,Routine,6.7,55562
1427,2022-03-01 10:00:00,18-30,Female,West,General Medicine,Therapy,Routine,4.1,39772
1428,2022-03-01 11:00:00,60+,Female,West,Cardiology,Medication,Emergency,3.5,45430
1429,2022-03-01 12:00:00,46-60,Female,North,General Medicine,Therapy,Routine,5.2,71201
1430,2022-03-01 13:00:00,60+,Male,West,General Medicine,Medication,Routine,2.3,24963
1431,2022-03-01 14:00:00,31-45,Male,West,Neurology,Medication,Routine,4.3,77116
1432,2022-03-01 15:00:00,31-45,Female,South,Orthopedics,Surgery,Routine,1.6,49377
1433,2022-03-01 16:00:00,31-45,Female,West,Cardiology,Surgery,Routine,4.2,38628
1434,2022-03-01 17:00:00,46-60,Male,East,Pediatrics,Therapy,Emergency,3.7,33026
1435,2022-03-01 18:00:00,18-30,Female,South,Neurology,Observation,Routine,2.4,68487
1436,2022-03-01 19:00:00,18-30,Female,East,Orthopedics,Surgery,Routine,4.3,54707
1437,2022-03-01 20:00:00,31-45,Female,West,Cardiology,Medication,Emergency,4.3,86775
1438,2022-03-01 21:00:00,46-60,Female,North,General Medicine,Therapy,Routine,6.4,29738
1439,2022-03-01 22:00:00,18-30,Male,South,Orthopedics,Therapy,Emergency,0.8,43437
1440,2022-03-01 23:00:00,46-60,Male,North,Orthopedics,Therapy,Routine,3.8,53156
1441,2022-03-02 0:00:00,60+,Male,South,Orthopedics,Medication,Routine,2.5,39963
1442,2022-03-02 1:00:00,18-30,Female,North,General Medicine,Surgery,Emergency,5.7,55122
1443,2022-03-02 2:00:00,46-60,Female,South,Pediatrics,Observation,Emergency,5.5,61390
1444,2022-03-02 3:00:00,31-45,Male,South,Neurology,Therapy,Routine,5,64690
1445,2022-03-02 4:00:00,60+,Male,East,Pediatrics,Medication,Routine,2.6,85123
1446,2022-03-02 5:00:00,18-30,Male,North,Cardiology,Surgery,Emergency,5.8,28931
1447,2022-03-02 6:00:00,46-60,Female,East,Neurology,Surgery,Routine,0.9,61755
1448,2022-03-02 7:00:00,46-60,Male,East,Cardiology,Observation,Routine,0.5,42061
1449,2022-03-02 8:00:00,60+,Female,North,General Medicine,Therapy,Emergency,1.4,63600
1450,2022-03-02 9:00:00,46-60,Female,South,Pediatrics,Medication,Routine,3.9,63627
1451,2022-03-02 10:00:00,31-45,Male,East,Orthopedics,Surgery,Emergency,5.4,35262
1452,2022-03-02 11:00:00,46-60,Male,North,Neurology,Medication,Emergency,2,36977
1453,2022-03-02 12:00:00,60+,Female,South,Orthopedics,Surgery,Routine,6.6,65233
1454,2022-03-02 13:00:00,31-45,Male,East,Cardiology,Therapy,Emergency,4.3,55468
1455,2022-03-02 14:00:00,18-30,Male,East,Orthopedics,Therapy,Routine,0.9,50608
1456,2022-03-02 15:00:00,60+,Female,East,Orthopedics,Observation,Routine,4.2,68160
1457,2022-03-02 16:00:00,46-60,Female,South,General Medicine,Surgery,Routine,6.2,69634
1458,2022-03-02 17:00:00,46-60,Female,East,General Medicine,Medication,Emergency,5.2,44407
1459,2022-03-02 18:00:00,18-30,Female,South,Pediatrics,Surgery,Emergency,6.2,37959
1460,2022-03-02 19:00:00,46-60,Female,West,Cardiology,Medication,Routine,1.3,29762
1461,2022-03-02 20:00:00,31-45,Male,East,General Medicine,Observation,Routine,3.2,55669
1462,2022-03-02 21:00:00,46-60,Female,West,General Medicine,Surgery,Emergency,2.2,26537
1463,2022-03-02 22:00:00,18-30,Female,North,Pediatrics,Therapy,Routine,7.4,56989
1464,2022-03-02 23:00:00,46-60,Female,East,Neurology,Medication,Routine,5.3,79337
1465,2022-03-03 0:00:00,60+,Male,North,Pediatrics,Therapy,Routine,9.7,47931
1466,2022-03-03 1:00:00,18-30,Female,North,Orthopedics,Observation,Emergency,3.1,44276
1467,2022-03-03 2:00:00,60+,Female,North,Orthopedics,Observation,Emergency,2.6,94957
1468,2022-03-03 3:00:00,31-45,Female,West,General Medicine,Medication,Emergency,3.7,85194
1469,2022-03-03 4:00:00,60+,Male,South,General Medicine,Surgery,Routine,6.8,39708
1470,2022-03-03 5:00:00,46-60,Female,West,Pediatrics,Therapy,Emergency,3.3,57780
1471,2022-03-03 6:00:00,31-45,Female,West,Pediatrics,Therapy,Routine,4.2,61574
1472,2022-03-03 7:00:00,46-60,Female,North,Cardiology,Medication,Emergency,4.2,59073
1473,2022-03-03 8:00:00,60+,Male,East,Orthopedics,Medication,Routine,4.1,91293
1474,2022-03-03 9:00:00,31-45,Male,South,Pediatrics,Medication,Routine,2.7,56745
1475,2022-03-03 10:00:00,31-45,Male,North,Neurology,Observation,Routine,3.7,59745
1476,2022-03-03 11:00:00,46-60,Male,South,Cardiology,Observation,Routine,3.6,68773
1477,2022-03-03 12:00:00,46-60,Female,West,Pediatrics,Therapy,Emergency,4,78798
1478,2022-03-03 13:00:00,46-60,Female,South,General Medicine,Surgery,Emergency,5.9,73738
1479,2022-03-03 14:00:00,46-60,Male,South,Pediatrics,Medication,Routine,7.5,65762
1480,2022-03-03 15:00:00,31-45,Male,East,General Medicine,Observation,Emergency,2.3,23826
1481,2022-03-03 16:00:00,46-60,Female,North,General Medicine,Surgery,Routine,3.2,45237
1482,2022-03-03 17:00:00,18-30,Female,South,Orthopedics,Medication,Emergency,2.3,71388
1483,2022-03-03 18:00:00,31-45,Male,South,Orthopedics,Surgery,Emergency,4.4,60008
1484,2022-03-03 19:00:00,18-30,Male,West,Pediatrics,Medication,Emergency,2.9,71523
1485,2022-03-03 20:00:00,31-45,Male,West,Pediatrics,Surgery,Routine,4.5,92743
1486,2022-03-03 21:00:00,31-45,Male,South,Neurology,Therapy,Routine,6.2,31461
1487,2022-03-03 22:00:00,31-45,Female,North,Cardiology,Medication,Emergency,1.1,77758
1488,2022-03-03 23:00:00,46-60,Male,South,Cardiology,Medication,Routine,5,48393
1489,2022-03-04 0:00:00,31-45,Male,South,Pediatrics,Therapy,Emergency,3.1,73707
1490,2022-03-04 1:00:00,31-45,Female,East,Orthopedics,Medication,Emergency,4.9,54176
1491,2022-03-04 2:00:00,18-30,Female,North,Neurology,Medication,Routine,2.2,97540
1492,2022-03-04 3:00:00,31-45,Female,East,Cardiology,Observation,Emergency,6.4,57602
1493,2022-03-04 4:00:00,18-30,Female,North,Pediatrics,Therapy,Emergency,5.8,42190
1494,2022-03-04 5:00:00,18-30,Female,North,Orthopedics,Observation,Routine,5.1,63397
1495,2022-03-04 6:00:00,46-60,Male,North,Orthopedics,Therapy,Routine,5.6,61479
1496,2022-03-04 7:00:00,46-60,Male,East,Orthopedics,Surgery,Emergency,2.5,77762
1497,2022-03-04 8:00:00,46-60,Male,East,General Medicine,Therapy,Routine,2.8,63961
1498,2022-03-04 9:00:00,31-45,Female,East,Orthopedics,Therapy,Routine,5.5,104501
1499,2022-03-04 10:00:00,31-45,Male,West,Pediatrics,Observation,Emergency,2.5,52772
1500,2022-03-04 11:00:00,60+,Female,East,Neurology,Medication,Routine,6.9,53008
1501,2022-03-04 12:00:00,31-45,Male,West,Pediatrics,Therapy,Emergency,3.4,42922
1502,2022-03-04 13:00:00,31-45,Male,West,Orthopedics,Medication,Routine,5,56713
1503,2022-03-04 14:00:00,18-30,Female,West,Neurology,Therapy,Routine,8.2,59621
1504,2022-03-04 15:00:00,31-45,Female,South,Cardiology,Observation,Emergency,2.6,60624
1505,2022-03-04 16:00:00,31-45,Male,South,Cardiology,Therapy,Routine,4.1,56344
1506,2022-03-04 17:00:00,31-45,Male,South,Pediatrics,Surgery,Emergency,6.1,42804
1507,2022-03-04 18:00:00,31-45,Male,West,Neurology,Therapy,Emergency,5.9,37367
1508,2022-03-04 19:00:00,31-45,Male,West,Pediatrics,Therapy,Emergency,3.3,47497
1509,2022-03-04 20:00:00,46-60,Male,North,Neurology,Medication,Routine,3,77831
1510,2022-03-04 21:00:00,46-60,Female,West,Neurology,Medication,Routine,3.5,82136
1511,2022-03-04 22:00:00,46-60,Female,South,Pediatrics,Surgery,Emergency,6.9,53461
1512,2022-03-04 23:00:00,46-60,Female,West,Neurology,Therapy,Routine,3.4,36168
1513,2022-03-05 0:00:00,60+,Female,West,Orthopedics,Medication,Routine,4.2,53377
1514,2022-03-05 1:00:00,18-30,Male,North,Neurology,Therapy,Routine,3.1,96833
1515,2022-03-05 2:00:00,18-30,Male,West,Neurology,Observation,Routine,5.4,74979
1516,2022-03-05 3:00:00,18-30,Female,East,Pediatrics,Observation,Emergency,4.3,66015
1517,2022-03-05 4:00:00,46-60,Male,North,Cardiology,Surgery,Emergency,2,74254
1518,2022-03-05 5:00:00,60+,Female,West,General Medicine,Observation,Emergency,2.1,85811
1519,2022-03-05 6:00:00,18-30,Male,West,Neurology,Medication,Routine,0,31943
1520,2022-03-05 7:00:00,60+,Male,North,General Medicine,Medication,Emergency,2.3,47159
1521,2022-03-05 8:00:00,18-30,Male,West,Neurology,Surgery,Routine,5.6,44426
1522,2022-03-05 9:00:00,60+,Female,South,Pediatrics,Therapy,Routine,6.6,66742
1523,2022-03-05 10:00:00,31-45,Female,East,Pediatrics,Medication,Routine,5.4,58202
1524,2022-03-05 11:00:00,18-30,Female,East,Neurology,Observation,Emergency,5.1,70126
1525,2022-03-05 12:00:00,31-45,Female,South,Pediatrics,Medication,Emergency,3.7,44862
1526,2022-03-05 13:00:00,31-45,Male,West,Pediatrics,Surgery,Emergency,5.5,82439
1527,2022-03-05 14:00:00,31-45,Male,West,Neurology,Observation,Emergency,4.6,53613
1528,2022-03-05 15:00:00,31-45,Male,East,Cardiology,Observation,Emergency,7.6,68891
1529,2022-03-05 16:00:00,46-60,Male,West,Neurology,Observation,Routine,3.8,78908
1530,2022-03-05 17:00:00,31-45,Female,East,Cardiology,Surgery,Emergency,6.7,77302
1531,2022-03-05 18:00:00,31-45,Male,East,Pediatrics,Surgery,Routine,5.7,62217
1532,2022-03-05 19:00:00,46-60,Male,South,Cardiology,Therapy,Routine,5.5,71387
1533,2022-03-05 20:00:00,46-60,Male,East,Pediatrics,Therapy,Routine,0,89833
1534,2022-03-05 21:00:00,31-45,Female,West,Cardiology,Therapy,Routine,5.9,65272
1535,2022-03-05 22:00:00,31-45,Female,West,Cardiology,Surgery,Routine,3.7,40407
1536,2022-03-05 23:00:00,18-30,Female,North,Neurology,Observation,Routine,3.1,66661
1537,2022-03-06 0:00:00,18-30,Male,West,Cardiology,Observation,Routine,1,54254
1538,2022-03-06 1:00:00,46-60,Female,North,Pediatrics,Medication,Emergency,4,8040
1539,2022-03-06 2:00:00,18-30,Male,East,Neurology,Therapy,Emergency,4.1,64240
1540,2022-03-06 3:00:00,31-45,Male,West,Cardiology,Observation,Routine,1.4,57333
1541,2022-03-06 4:00:00,46-60,Male,South,Neurology,Observation,Routine,1.1,78128
1542,2022-03-06 5:00:00,18-30,Female,South,General Medicine,Observation,Routine,5,39998
1543,2022-03-06 6:00:00,31-45,Female,South,Neurology,Observation,Routine,5.7,24886
1544,2022-03-06 7:00:00,31-45,Male,East,General Medicine,Surgery,Routine,4.4,58374
1545,2022-03-06 8:00:00,60+,Male,East,General Medicine,Therapy,Emergency,6.3,62604
1546,2022-03-06 9:00:00,31-45,Female,North,Neurology,Observation,Routine,3.8,56877
1547,2022-03-06 10:00:00,46-60,Female,South,Pediatrics,Observation,Routine,3.9,55414
1548,2022-03-06 11:00:00,31-45,Female,North,Pediatrics,Observation,Routine,2.2,33625
1549,2022-03-06 12:00:00,18-30,Male,North,Pediatrics,Observation,Routine,0.9,52222
1550,2022-03-06 13:00:00,46-60,Male,West,Orthopedics,Medication,Routine,7.7,48032
1551,2022-03-06 14:00:00,60+,Male,West,General Medicine,Observation,Routine,6.3,76454
1552,2022-03-06 15:00:00,46-60,Female,South,Neurology,Observation,Emergency,1.2,62587
1553,2022-03-06 16:00:00,46-60,Female,East,Pediatrics,Observation,Routine,4.3,49440
1554,2022-03-06 17:00:00,60+,Female,West,Pediatrics,Medication,Routine,3.8,89478
1555,2022-03-06 18:00:00,18-30,Male,East,Neurology,Surgery,Routine,3.5,49622
1556,2022-03-06 19:00:00,18-30,Male,North,General Medicine,Medication,Routine,3.2,66156
1557,2022-03-06 20:00:00,46-60,Female,North,Neurology,Observation,Routine,4.8,51662
1558,2022-03-06 21:00:00,31-45,Male,North,Orthopedics,Surgery,Routine,5.6,87623
1559,2022-03-06 22:00:00,46-60,Female,North,Orthopedics,Observation,Routine,4.8,56737
1560,2022-03-06 23:00:00,60+,Male,South,Neurology,Surgery,Routine,3.8,57328
1561,2022-03-07 0:00:00,31-45,Female,North,General Medicine,Observation,Routine,3.7,52203
1562,2022-03-07 1:00:00,18-30,Male,West,Pediatrics,Observation,Routine,5.9,58930
1563,2022-03-07 2:00:00,46-60,Male,North,Orthopedics,Surgery,Routine,4.9,78991
1564,2022-03-07 3:00:00,31-45,Female,East,Orthopedics,Surgery,Routine,4.1,71917
1565,2022-03-07 4:00:00,46-60,Female,West,General Medicine,Observation,Routine,3.9,55562
1566,2022-03-07 5:00:00,31-45,Female,East,Orthopedics,Medication,Routine,4.7,89027
1567,2022-03-07 6:00:00,46-60,Female,East,Orthopedics,Medication,Routine,3.1,72460
1568,2022-03-07 7:00:00,18-30,Female,South,General Medicine,Medication,Routine,5.6,46236
1569,2022-03-07 8:00:00,46-60,Male,South,Neurology,Medication,Routine,1.8,27393
1570,2022-03-07 9:00:00,31-45,Female,East,Pediatrics,Surgery,Routine,3.2,46700
1571,2022-03-07 10:00:00,31-45,Female,East,Pediatrics,Surgery,Routine,5.2,63267
1572,2022-03-07 11:00:00,18-30,Female,North,Orthopedics,Medication,Emergency,1.7,66944
1573,2022-03-07 12:00:00,46-60,Male,West,Pediatrics,Therapy,Emergency,0.9,82183
1574,2022-03-07 13:00:00,60+,Female,North,Neurology,Therapy,Emergency,4.1,33109
1575,2022-03-07 14:00:00,18-30,Female,South,Orthopedics,Therapy,Emergency,0.6,46217
1576,2022-03-07 15:00:00,18-30,Female,South,Pediatrics,Observation,Emergency,1.4,31447
1577,2022-03-07 16:00:00,18-30,Male,North,Cardiology,Medication,Emergency,5.5,28224
1578,2022-03-07 17:00:00,46-60,Male,West,Cardiology,Observation,Routine,3.6,42444
1579,2022-03-07 18:00:00,46-60,Female,East,Cardiology,Surgery,Routine,6.6,62332
1580,2022-03-07 19:00:00,31-45,Male,North,Cardiology,Surgery,Routine,1.6,70428
1581,2022-03-07 20:00:00,18-30,Female,South,Cardiology,Therapy,Routine,3.8,36033
1582,2022-03-07 21:00:00,31-45,Male,West,Orthopedics,Therapy,Emergency,4.8,38814
1583,2022-03-07 22:00:00,31-45,Female,South,General Medicine,Surgery,Routine,1.7,19404
1584,2022-03-07 23:00:00,31-45,Male,West,General Medicine,Therapy,Emergency,6.1,59287
1585,2022-03-08 0:00:00,60+,Female,West,Orthopedics,Therapy,Routine,5,40357
1586,2022-03-08 1:00:00,18-30,Female,West,Orthopedics,Surgery,Routine,0.8,88261
1587,2022-03-08 2:00:00,46-60,Male,North,Neurology,Observation,Routine,3.9,63196
1588,2022-03-08 3:00:00,31-45,Female,North,General Medicine,Therapy,Routine,4.8,51571
1589,2022-03-08 4:00:00,31-45,Female,North,Cardiology,Observation,Routine,2.8,42178
1590,2022-03-08 5:00:00,46-60,Female,West,Orthopedics,Therapy,Emergency,1,25107
1591,2022-03-08 6:00:00,46-60,Female,West,Cardiology,Medication,Emergency,4.6,27643
1592,2022-03-08 7:00:00,60+,Male,South,General Medicine,Observation,Emergency,8.4,42557
1593,2022-03-08 8:00:00,18-30,Female,East,Pediatrics,Observation,Routine,3.2,41022
1594,2022-03-08 9:00:00,18-30,Male,North,Pediatrics,Therapy,Emergency,7.1,35017
1595,2022-03-08 10:00:00,46-60,Male,West,Orthopedics,Observation,Routine,2.5,62542
1596,2022-03-08 11:00:00,31-45,Male,South,Neurology,Medication,Routine,4.4,65285
1597,2022-03-08 12:00:00,31-45,Male,South,Cardiology,Surgery,Emergency,5.5,45827
1598,2022-03-08 13:00:00,18-30,Female,South,Orthopedics,Medication,Routine,4,93703
1599,2022-03-08 14:00:00,18-30,Female,North,Neurology,Surgery,Routine,3.4,20065
1600,2022-03-08 15:00:00,60+,Male,North,Cardiology,Medication,Routine,5.5,56163
1601,2022-03-08 16:00:00,18-30,Female,East,General Medicine,Medication,Emergency,7.8,50628
1602,2022-03-08 17:00:00,31-45,Male,South,Pediatrics,Observation,Routine,4.6,43986
1603,2022-03-08 18:00:00,18-30,Female,North,Neurology,Medication,Routine,3,41047
1604,2022-03-08 19:00:00,31-45,Female,South,Cardiology,Therapy,Routine,3.6,54861
1605,2022-03-08 20:00:00,18-30,Female,West,Orthopedics,Therapy,Emergency,9,50489
1606,2022-03-08 21:00:00,31-45,Male,South,Cardiology,Therapy,Emergency,4.3,47162
1607,2022-03-08 22:00:00,18-30,Male,East,Orthopedics,Therapy,Routine,2.8,29026
1608,2022-03-08 23:00:00,46-60,Female,North,Pediatrics,Observation,Routine,1.7,22638
1609,2022-03-09 0:00:00,18-30,Male,West,Pediatrics,Therapy,Routine,0.3,49230
1610,2022-03-09 1:00:00,31-45,Male,North,Cardiology,Medication,Routine,4.7,46958
1611,2022-03-09 2:00:00,60+,Female,West,Cardiology,Therapy,Emergency,5.3,51059
1612,2022-03-09 3:00:00,46-60,Male,South,Orthopedics,Observation,Routine,3.2,52828
1613,2022-03-09 4:00:00,31-45,Female,South,Orthopedics,Surgery,Routine,4,44550
1614,2022-03-09 5:00:00,31-45,Female,East,Neurology,Medication,Emergency,1.7,50752
1615,2022-03-09 6:00:00,31-45,Female,East,Neurology,Medication,Routine,4.3,37929
1616,2022-03-09 7:00:00,46-60,Male,West,Neurology,Observation,Emergency,5,85479
1617,2022-03-09 8:00:00,60+,Female,East,Cardiology,Surgery,Emergency,2.9,39005
1618,2022-03-09 9:00:00,46-60,Female,East,Neurology,Therapy,Emergency,7.4,47580
1619,2022-03-09 10:00:00,31-45,Male,East,Cardiology,Surgery,Routine,2.3,40524
1620,2022-03-09 11:00:00,46-60,Male,East,Pediatrics,Medication,Routine,4.6,40188
1621,2022-03-09 12:00:00,31-45,Male,South,General Medicine,Medication,Emergency,5.7,55493
1622,2022-03-09 13:00:00,18-30,Male,East,Pediatrics,Medication,Routine,3.8,52955
1623,2022-03-09 14:00:00,31-45,Female,South,Cardiology,Surgery,Routine,3.6,45811
1624,2022-03-09 15:00:00,60+,Male,South,Cardiology,Therapy,Routine,1.1,49330
1625,2022-03-09 16:00:00,18-30,Male,North,General Medicine,Medication,Routine,6.7,40604
1626,2022-03-09 17:00:00,46-60,Male,South,Orthopedics,Observation,Emergency,3.7,63035
1627,2022-03-09 18:00:00,18-30,Male,South,Orthopedics,Therapy,Routine,5.1,96104
1628,2022-03-09 19:00:00,31-45,Female,East,Orthopedics,Medication,Routine,5.3,37503
1629,2022-03-09 20:00:00,18-30,Male,South,Neurology,Therapy,Emergency,2.7,62879
1630,2022-03-09 21:00:00,31-45,Female,West,Orthopedics,Observation,Emergency,3.6,55899
1631,2022-03-09 22:00:00,46-60,Male,East,Neurology,Surgery,Routine,6.7,68373
1632,2022-03-09 23:00:00,31-45,Female,East,Neurology,Medication,Routine,1.8,68936
1633,2022-03-10 0:00:00,46-60,Female,East,Orthopedics,Observation,Routine,8.3,59108
1634,2022-03-10 1:00:00,46-60,Male,North,Orthopedics,Medication,Routine,2.5,54204
1635,2022-03-10 2:00:00,60+,Female,East,General Medicine,Medication,Emergency,1.6,46311
1636,2022-03-10 3:00:00,18-30,Male,South,General Medicine,Surgery,Routine,4.3,39701
1637,2022-03-10 4:00:00,31-45,Female,West,Neurology,Surgery,Routine,8.4,53063
1638,2022-03-10 5:00:00,18-30,Female,East,General Medicine,Therapy,Routine,0.2,29308
1639,2022-03-10 6:00:00,60+,Female,East,Neurology,Observation,Routine,3.7,43123
1640,2022-03-10 7:00:00,60+,Male,West,Cardiology,Observation,Routine,5,77137
1641,2022-03-10 8:00:00,31-45,Female,East,Neurology,Surgery,Routine,4.1,56970
1642,2022-03-10 9:00:00,46-60,Male,North,Neurology,Medication,Emergency,4.8,72853
1643,2022-03-10 10:00:00,31-45,Female,South,General Medicine,Therapy,Routine,2.6,84393
1644,2022-03-10 11:00:00,46-60,Female,West,Cardiology,Surgery,Emergency,2.8,51459
1645,2022-03-10 12:00:00,18-30,Female,West,Pediatrics,Therapy,Routine,3.7,59147
1646,2022-03-10 13:00:00,46-60,Female,North,Pediatrics,Therapy,Routine,1.7,48963
1647,2022-03-10 14:00:00,18-30,Female,South,Pediatrics,Observation,Routine,3.9,38748
1648,2022-03-10 15:00:00,46-60,Female,North,Cardiology,Therapy,Routine,3.2,35941
1649,2022-03-10 16:00:00,46-60,Male,South,Orthopedics,Observation,Routine,3.1,71863
1650,2022-03-10 17:00:00,46-60,Male,North,Cardiology,Medication,Routine,4.6,59173
1651,2022-03-10 18:00:00,18-30,Male,East,General Medicine,Medication,Emergency,0.4,91932
1652,2022-03-10 19:00:00,31-45,Female,North,Neurology,Surgery,Emergency,3.5,74441
1653,2022-03-10 20:00:00,31-45,Male,West,Neurology,Medication,Routine,8.6,40376
1654,2022-03-10 21:00:00,31-45,Female,West,General Medicine,Observation,Routine,1.8,71807
1655,2022-03-10 22:00:00,18-30,Male,West,General Medicine,Therapy,Emergency,6.6,48898
1656,2022-03-10 23:00:00,60+,Male,North,Neurology,Therapy,Routine,4.1,79337
1657,2022-03-11 0:00:00,31-45,Female,West,Orthopedics,Medication,Emergency,2.8,45273
1658,2022-03-11 1:00:00,31-45,Female,West,Orthopedics,Observation,Emergency,1.4,33951
1659,2022-03-11 2:00:00,31-45,Male,East,Orthopedics,Therapy,Routine,4.3,39085
1660,2022-03-11 3:00:00,31-45,Male,East,General Medicine,Medication,Routine,6.9,40107
1661,2022-03-11 4:00:00,46-60,Male,South,Neurology,Observation,Routine,3.2,38195
1662,2022-03-11 5:00:00,31-45,Male,South,Neurology,Observation,Emergency,3.8,43548
1663,2022-03-11 6:00:00,60+,Female,South,Neurology,Therapy,Routine,6,72134
1664,2022-03-11 7:00:00,31-45,Male,North,Cardiology,Surgery,Emergency,4.7,90921
1665,2022-03-11 8:00:00,60+,Female,South,Cardiology,Surgery,Routine,0.9,28396
1666,2022-03-11 9:00:00,60+,Female,North,Pediatrics,Observation,Routine,4.2,80270
1667,2022-03-11 10:00:00,18-30,Male,North,Cardiology,Observation,Routine,7,45446
1668,2022-03-11 11:00:00,60+,Female,South,Orthopedics,Medication,Routine,3.9,61958
1669,2022-03-11 12:00:00,18-30,Male,South,Orthopedics,Observation,Routine,1.5,21917
1670,2022-03-11 13:00:00,46-60,Female,North,Orthopedics,Medication,Routine,4.8,65481
1671,2022-03-11 14:00:00,31-45,Female,East,Orthopedics,Medication,Routine,3.6,14894
1672,2022-03-11 15:00:00,60+,Male,West,Pediatrics,Medication,Routine,0.3,61279
1673,2022-03-11 16:00:00,60+,Female,West,Orthopedics,Observation,Routine,0.6,60145
1674,2022-03-11 17:00:00,46-60,Female,West,General Medicine,Observation,Emergency,6,58820
1675,2022-03-11 18:00:00,46-60,Male,East,General Medicine,Medication,Routine,2.5,40302
1676,2022-03-11 19:00:00,31-45,Female,North,General Medicine,Therapy,Routine,2.2,65991
1677,2022-03-11 20:00:00,18-30,Female,South,Cardiology,Observation,Emergency,3.9,62822
1678,2022-03-11 21:00:00,31-45,Male,North,Neurology,Surgery,Emergency,2.7,50801
1679,2022-03-11 22:00:00,18-30,Male,North,Pediatrics,Therapy,Routine,4.2,68437
1680,2022-03-11 23:00:00,46-60,Female,South,General Medicine,Surgery,Routine,3.6,53088
1681,2022-03-12 0:00:00,31-45,Female,East,General Medicine,Observation,Emergency,1.6,65576
1682,2022-03-12 1:00:00,60+,Female,West,Orthopedics,Therapy,Emergency,3,52482
1683,2022-03-12 2:00:00,46-60,Male,West,General Medicine,Observation,Emergency,4.9,59334
1684,2022-03-12 3:00:00,46-60,Female,North,Orthopedics,Observation,Routine,4.1,66494
1685,2022-03-12 4:00:00,18-30,Female,East,Orthopedics,Therapy,Routine,3.8,47042
1686,2022-03-12 5:00:00,60+,Female,West,Neurology,Observation,Routine,7.9,30323
1687,2022-03-12 6:00:00,60+,Female,East,Cardiology,Therapy,Emergency,5.5,60522
1688,2022-03-12 7:00:00,31-45,Female,South,Orthopedics,Observation,Routine,5.7,78788
1689,2022-03-12 8:00:00,46-60,Female,North,Orthopedics,Medication,Routine,3.7,60983
1690,2022-03-12 9:00:00,46-60,Male,North,Neurology,Surgery,Emergency,4.4,61363
1691,2022-03-12 10:00:00,18-30,Male,East,Orthopedics,Medication,Routine,3.1,54156
1692,2022-03-12 11:00:00,31-45,Female,West,Pediatrics,Observation,Routine,5.6,69782
1693,2022-03-12 12:00:00,31-45,Female,East,Cardiology,Observation,Routine,3.8,51281
1694,2022-03-12 13:00:00,18-30,Male,South,Pediatrics,Observation,Routine,4.4,45922
1695,2022-03-12 14:00:00,31-45,Male,West,General Medicine,Medication,Routine,4.3,77106
1696,2022-03-12 15:00:00,18-30,Male,West,Cardiology,Observation,Routine,4,44389
1697,2022-03-12 16:00:00,18-30,Female,East,General Medicine,Therapy,Routine,9.9,72789
1698,2022-03-12 17:00:00,18-30,Female,South,Orthopedics,Surgery,Routine,2.7,77119
1699,2022-03-12 18:00:00,60+,Female,West,Neurology,Observation,Routine,2.6,66336
1700,2022-03-12 19:00:00,31-45,Female,North,Pediatrics,Observation,Routine,5.4,30015
1701,2022-03-12 20:00:00,60+,Male,South,General Medicine,Surgery,Routine,2.8,55543
1702,2022-03-12 21:00:00,31-45,Male,West,Orthopedics,Surgery,Routine,3.4,50960
1703,2022-03-12 22:00:00,31-45,Male,East,Pediatrics,Surgery,Routine,1.8,45080
1704,2022-03-12 23:00:00,31-45,Male,West,Pediatrics,Medication,Routine,5,57855
1705,2022-03-13 0:00:00,31-45,Female,North,General Medicine,Medication,Routine,5,70384
1706,2022-03-13 1:00:00,18-30,Female,South,Orthopedics,Observation,Routine,3.4,45829
1707,2022-03-13 2:00:00,46-60,Male,West,Neurology,Surgery,Routine,5.4,51572
1708,2022-03-13 3:00:00,18-30,Male,North,General Medicine,Observation,Routine,0.3,50179
1709,2022-03-13 4:00:00,46-60,Male,West,Pediatrics,Observation,Emergency,2.6,78277
1710,2022-03-13 5:00:00,46-60,Male,West,Pediatrics,Observation,Routine,3.7,49858
1711,2022-03-13 6:00:00,18-30,Male,South,Cardiology,Medication,Routine,1.7,30312
1712,2022-03-13 7:00:00,18-30,Female,East,Orthopedics,Surgery,Routine,0.5,23531
1713,2022-03-13 8:00:00,46-60,Female,East,Cardiology,Observation,Emergency,3.4,62255
1714,2022-03-13 9:00:00,31-45,Male,North,Neurology,Medication,Routine,5.4,39786
1715,2022-03-13 10:00:00,18-30,Male,North,General Medicine,Therapy,Routine,6.6,68374
1716,2022-03-13 11:00:00,60+,Male,North,Pediatrics,Therapy,Routine,2.9,28376
1717,2022-03-13 12:00:00,18-30,Female,South,Orthopedics,Observation,Routine,5.5,44222
1718,2022-03-13 13:00:00,46-60,Female,East,Pediatrics,Observation,Emergency,5.3,28389
1719,2022-03-13 14:00:00,60+,Female,North,Cardiology,Surgery,Routine,6.4,63692
1720,2022-03-13 15:00:00,18-30,Male,North,Cardiology,Surgery,Emergency,3.3,67977
1721,2022-03-13 16:00:00,18-30,Female,West,General Medicine,Observation,Routine,0.4,61773
1722,2022-03-13 17:00:00,18-30,Male,West,Orthopedics,Medication,Routine,4.1,33281
1723,2022-03-13 18:00:00,31-45,Female,North,Orthopedics,Observation,Routine,2,40085
1724,2022-03-13 19:00:00,18-30,Female,West,General Medicine,Surgery,Routine,2.6,59686
1725,2022-03-13 20:00:00,46-60,Female,West,Cardiology,Surgery,Routine,3.4,21245
1726,2022-03-13 21:00:00,18-30,Male,West,Cardiology,Medication,Routine,3.3,50177
1727,2022-03-13 22:00:00,31-45,Male,South,Cardiology,Observation,Routine,4.3,85338
1728,2022-03-13 23:00:00,60+,Female,North,Pediatrics,Surgery,Emergency,5.4,51401
1729,2022-03-14 0:00:00,46-60,Male,North,Neurology,Observation,Routine,3.3,25229
1730,2022-03-14 1:00:00,46-60,Male,West,Cardiology,Surgery,Routine,4.8,42852
1731,2022-03-14 2:00:00,31-45,Male,South,Neurology,Therapy,Routine,4,42386
1732,2022-03-14 3:00:00,46-60,Male,West,Neurology,Therapy,Routine,5.9,97806
1733,2022-03-14 4:00:00,31-45,Male,South,Orthopedics,Therapy,Routine,3.6,88314
1734,2022-03-14 5:00:00,31-45,Male,North,General Medicine,Surgery,Emergency,3.8,69619
1735,2022-03-14 6:00:00,18-30,Male,West,Pediatrics,Medication,Emergency,3.3,48138
1736,2022-03-14 7:00:00,60+,Female,North,Neurology,Therapy,Routine,3.7,79013
1737,2022-03-14 8:00:00,31-45,Male,South,Pediatrics,Surgery,Routine,2.4,32331
1738,2022-03-14 9:00:00,18-30,Male,East,Orthopedics,Observation,Routine,2.2,76532
1739,2022-03-14 10:00:00,31-45,Female,South,Cardiology,Therapy,Emergency,5.6,73559
1740,2022-03-14 11:00:00,31-45,Female,East,Neurology,Medication,Routine,1.8,51973
1741,2022-03-14 12:00:00,46-60,Female,North,General Medicine,Medication,Routine,3.4,77784
1742,2022-03-14 13:00:00,46-60,Female,North,Orthopedics,Medication,Emergency,6,46056
1743,2022-03-14 14:00:00,46-60,Male,West,Pediatrics,Observation,Emergency,3.3,29698
1744,2022-03-14 15:00:00,18-30,Female,East,Cardiology,Observation,Routine,5.7,74559
1745,2022-03-14 16:00:00,31-45,Female,South,Pediatrics,Medication,Emergency,2.8,53295
1746,2022-03-14 17:00:00,31-45,Male,North,General Medicine,Medication,Routine,1.9,67036
1747,2022-03-14 18:00:00,18-30,Male,East,Neurology,Medication,Routine,0.8,91418
1748,2022-03-14 19:00:00,31-45,Male,South,General Medicine,Observation,Routine,6.6,40555
1749,2022-03-14 20:00:00,46-60,Female,East,Pediatrics,Observation,Emergency,1.7,52132
1750,2022-03-14 21:00:00,18-30,Male,South,Pediatrics,Surgery,Routine,5.5,86393
1751,2022-03-14 22:00:00,31-45,Female,South,General Medicine,Therapy,Routine,2,68375
1752,2022-03-14 23:00:00,18-30,Male,South,General Medicine,Observation,Emergency,6.6,41004
1753,2022-03-15 0:00:00,18-30,Male,South,General Medicine,Medication,Routine,8.4,35900
1754,2022-03-15 1:00:00,18-30,Female,East,Cardiology,Therapy,Emergency,0.6,44438
1755,2022-03-15 2:00:00,60+,Male,East,Pediatrics,Observation,Routine,1.8,40232
1756,2022-03-15 3:00:00,46-60,Male,West,Orthopedics,Therapy,Routine,5.5,59747
1757,2022-03-15 4:00:00,60+,Male,East,Cardiology,Surgery,Routine,5,56569
1758,2022-03-15 5:00:00,31-45,Male,East,Cardiology,Observation,Emergency,5.6,60585
1759,2022-03-15 6:00:00,18-30,Male,West,Cardiology,Medication,Routine,2.9,38184
1760,2022-03-15 7:00:00,31-45,Female,East,Orthopedics,Medication,Routine,8,53583
1761,2022-03-15 8:00:00,31-45,Female,South,General Medicine,Surgery,Routine,4.2,13886
1762,2022-03-15 9:00:00,46-60,Male,North,Pediatrics,Surgery,Emergency,1.6,57900
1763,2022-03-15 10:00:00,18-30,Female,North,Neurology,Surgery,Routine,3.5,78509
1764,2022-03-15 11:00:00,31-45,Female,West,Neurology,Surgery,Routine,1.6,26505
1765,2022-03-15 12:00:00,18-30,Female,East,Pediatrics,Surgery,Routine,7.2,64669
1766,2022-03-15 13:00:00,31-45,Male,East,Orthopedics,Observation,Emergency,2.7,42780
1767,2022-03-15 14:00:00,46-60,Male,West,Neurology,Observation,Routine,5,71050
1768,2022-03-15 15:00:00,31-45,Male,North,Cardiology,Therapy,Routine,3.1,58173
1769,2022-03-15 16:00:00,31-45,Female,South,Neurology,Surgery,Emergency,2.8,63094
1770,2022-03-15 17:00:00,31-45,Female,East,Pediatrics,Medication,Emergency,0.2,56296
1771,2022-03-15 18:00:00,31-45,Male,West,Cardiology,Medication,Routine,5.2,81567
1772,2022-03-15 19:00:00,46-60,Male,South,Neurology,Surgery,Emergency,6.6,61948
1773,2022-03-15 20:00:00,60+,Female,West,Pediatrics,Surgery,Routine,2.2,40892
1774,2022-03-15 21:00:00,60+,Female,West,Orthopedics,Surgery,Routine,0.9,56974
1775,2022-03-15 22:00:00,46-60,Male,West,Pediatrics,Surgery,Routine,5.6,47622
1776,2022-03-15 23:00:00,31-45,Female,North,Orthopedics,Surgery,Routine,0.7,58248
1777,2022-03-16 0:00:00,46-60,Female,North,Cardiology,Medication,Emergency,6.4,46605
1778,2022-03-16 1:00:00,31-45,Female,West,Pediatrics,Therapy,Routine,2.2,41464
1779,2022-03-16 2:00:00,31-45,Female,East,General Medicine,Surgery,Routine,1.8,58985
1780,2022-03-16 3:00:00,46-60,Female,South,General Medicine,Surgery,Routine,4.5,56116
1781,2022-03-16 4:00:00,18-30,Female,East,General Medicine,Surgery,Routine,1.9,76279
1782,2022-03-16 5:00:00,60+,Female,North,General Medicine,Observation,Routine,2.6,46701
1783,2022-03-16 6:00:00,31-45,Male,South,General Medicine,Medication,Routine,4.7,15383
1784,2022-03-16 7:00:00,46-60,Male,West,Orthopedics,Medication,Routine,0.9,47723
1785,2022-03-16 8:00:00,46-60,Female,East,Pediatrics,Therapy,Emergency,7.3,22471
1786,2022-03-16 9:00:00,60+,Female,East,Cardiology,Observation,Routine,4.1,63313
1787,2022-03-16 10:00:00,46-60,Female,West,General Medicine,Observation,Routine,1.4,21522
1788,2022-03-16 11:00:00,46-60,Male,East,General Medicine,Observation,Routine,2,35233
1789,2022-03-16 12:00:00,18-30,Male,North,Cardiology,Therapy,Routine,6,47753
1790,2022-03-16 13:00:00,31-45,Female,West,Cardiology,Therapy,Emergency,5.2,85879
1791,2022-03-16 14:00:00,18-30,Male,East,General Medicine,Therapy,Emergency,6.8,33542
1792,2022-03-16 15:00:00,46-60,Female,West,Orthopedics,Observation,Routine,2.6,55248
1793,2022-03-16 16:00:00,31-45,Female,South,Cardiology,Medication,Routine,4.6,66600
1794,2022-03-16 17:00:00,46-60,Female,West,Pediatrics,Observation,Routine,4.9,84681
1795,2022-03-16 18:00:00,18-30,Female,East,Pediatrics,Therapy,Routine,5.4,70556
1796,2022-03-16 19:00:00,18-30,Female,North,Orthopedics,Observation,Routine,6.3,76878
1797,2022-03-16 20:00:00,46-60,Female,West,Neurology,Surgery,Emergency,2.6,72286
1798,2022-03-16 21:00:00,18-30,Female,West,Orthopedics,Observation,Emergency,3.8,30818
1799,2022-03-16 22:00:00,18-30,Male,East,General Medicine,Observation,Routine,2.8,62194
1800,2022-03-16 23:00:00,18-30,Female,North,Neurology,Medication,Emergency,3.9,71973
1801,2022-03-17 0:00:00,60+,Male,North,General Medicine,Medication,Emergency,5.4,35870
1802,2022-03-17 1:00:00,46-60,Female,South,Pediatrics,Medication,Emergency,0.7,43405
1803,2022-03-17 2:00:00,31-45,Female,South,Cardiology,Surgery,Emergency,6.2,38936
1804,2022-03-17 3:00:00,31-45,Male,East,General Medicine,Medication,Routine,1.7,70452
1805,2022-03-17 4:00:00,31-45,Male,North,Pediatrics,Surgery,Routine,3.4,53614
1806,2022-03-17 5:00:00,46-60,Female,North,Orthopedics,Therapy,Emergency,6.5,48583
1807,2022-03-17 6:00:00,46-60,Male,South,General Medicine,Medication,Emergency,4.7,29367
1808,2022-03-17 7:00:00,18-30,Female,South,Pediatrics,Observation,Emergency,4.7,53652
1809,2022-03-17 8:00:00,18-30,Female,East,Cardiology,Observation,Routine,1.6,43648
1810,2022-03-17 9:00:00,18-30,Male,North,General Medicine,Surgery,Routine,1.9,59867
1811,2022-03-17 10:00:00,46-60,Male,West,Pediatrics,Medication,Routine,5.9,32141
1812,2022-03-17 11:00:00,46-60,Male,South,General Medicine,Observation,Routine,2.8,58558
1813,2022-03-17 12:00:00,31-45,Male,East,Cardiology,Therapy,Routine,3,46221
1814,2022-03-17 13:00:00,18-30,Female,North,General Medicine,Medication,Routine,5.9,30014
1815,2022-03-17 14:00:00,18-30,Male,North,General Medicine,Therapy,Routine,1.9,28454
1816,2022-03-17 15:00:00,60+,Male,South,Pediatrics,Observation,Routine,4.5,31460
1817,2022-03-17 16:00:00,31-45,Male,East,Neurology,Medication,Routine,4.1,50872
1818,2022-03-17 17:00:00,46-60,Male,West,General Medicine,Surgery,Routine,4,57420
1819,2022-03-17 18:00:00,46-60,Male,South,Neurology,Observation,Routine,3,60396
1820,2022-03-17 19:00:00,31-45,Female,East,Orthopedics,Therapy,Routine,2.8,61151
1821,2022-03-17 20:00:00,18-30,Female,North,General Medicine,Medication,Emergency,1.8,39830
1822,2022-03-17 21:00:00,18-30,Male,West,Neurology,Therapy,Routine,5,76168
1823,2022-03-17 22:00:00,46-60,Male,East,Orthopedics,Therapy,Routine,2.7,46155
1824,2022-03-17 23:00:00,46-60,Female,West,Pediatrics,Surgery,Emergency,5.9,64003
1825,2022-03-18 0:00:00,46-60,Male,East,General Medicine,Surgery,Routine,3.6,51717
1826,2022-03-18 1:00:00,31-45,Female,East,Pediatrics,Observation,Emergency,1.9,62512
1827,2022-03-18 2:00:00,18-30,Female,East,Orthopedics,Surgery,Routine,3.5,50713
1828,2022-03-18 3:00:00,60+,Male,East,Pediatrics,Surgery,Emergency,3.2,62873
1829,2022-03-18 4:00:00,46-60,Female,West,Pediatrics,Observation,Routine,6,54852
1830,2022-03-18 5:00:00,31-45,Male,South,Cardiology,Observation,Emergency,3.3,71277
1831,2022-03-18 6:00:00,60+,Male,West,Orthopedics,Observation,Emergency,3.4,38626
1832,2022-03-18 7:00:00,46-60,Female,East,Pediatrics,Observation,Routine,6.8,19602
1833,2022-03-18 8:00:00,31-45,Female,West,Neurology,Therapy,Routine,5,35533
1834,2022-03-18 9:00:00,46-60,Male,West,Orthopedics,Therapy,Routine,7.3,76378
1835,2022-03-18 10:00:00,46-60,Female,West,Cardiology,Observation,Routine,6.5,51909
1836,2022-03-18 11:00:00,46-60,Male,East,General Medicine,Observation,Routine,2.2,56841
1837,2022-03-18 12:00:00,18-30,Female,West,Pediatrics,Medication,Emergency,6,33927
1838,2022-03-18 13:00:00,31-45,Female,North,Neurology,Medication,Routine,7.1,56311
1839,2022-03-18 14:00:00,60+,Male,East,Cardiology,Medication,Routine,7.1,34544
1840,2022-03-18 15:00:00,18-30,Male,West,Orthopedics,Surgery,Emergency,6,37484
1841,2022-03-18 16:00:00,31-45,Male,North,Pediatrics,Therapy,Routine,5.9,46950
1842,2022-03-18 17:00:00,31-45,Female,West,Cardiology,Therapy,Routine,3.4,63902
1843,2022-03-18 18:00:00,31-45,Male,South,Cardiology,Medication,Emergency,2.3,66037
1844,2022-03-18 19:00:00,46-60,Male,West,Neurology,Medication,Emergency,3.3,66581
1845,2022-03-18 20:00:00,60+,Female,West,General Medicine,Therapy,Routine,0.7,23238
1846,2022-03-18 21:00:00,18-30,Female,South,General Medicine,Surgery,Emergency,6.7,54867
1847,2022-03-18 22:00:00,18-30,Male,East,General Medicine,Medication,Routine,3.4,51064
1848,2022-03-18 23:00:00,18-30,Male,South,Orthopedics,Observation,Routine,6.6,24356
1849,2022-03-19 0:00:00,60+,Male,East,Cardiology,Medication,Routine,1.5,55320
1850,2022-03-19 1:00:00,46-60,Male,South,Orthopedics,Therapy,Routine,6.2,49991
1851,2022-03-19 2:00:00,31-45,Female,West,Cardiology,Therapy,Routine,3,65231
1852,2022-03-19 3:00:00,46-60,Female,West,Neurology,Medication,Routine,1.4,56625
1853,2022-03-19 4:00:00,60+,Male,East,Neurology,Medication,Emergency,7.3,44014
1854,2022-03-19 5:00:00,46-60,Male,East,Orthopedics,Observation,Routine,6.2,73515
1855,2022-03-19 6:00:00,60+,Male,North,Orthopedics,Observation,Emergency,4.4,10575
1856,2022-03-19 7:00:00,31-45,Female,North,Neurology,Surgery,Routine,4.1,53715
1857,2022-03-19 8:00:00,46-60,Male,West,Pediatrics,Surgery,Emergency,4.9,19735
1858,2022-03-19 9:00:00,31-45,Male,West,General Medicine,Observation,Routine,4.4,36756
1859,2022-03-19 10:00:00,46-60,Female,North,General Medicine,Surgery,Routine,2.4,65496
1860,2022-03-19 11:00:00,46-60,Female,North,Neurology,Surgery,Routine,3.2,29516
1861,2022-03-19 12:00:00,46-60,Male,East,General Medicine,Medication,Emergency,7.9,26526
1862,2022-03-19 13:00:00,46-60,Male,South,Pediatrics,Observation,Emergency,9.3,102639
1863,2022-03-19 14:00:00,18-30,Female,East,Pediatrics,Medication,Routine,7.1,27814
1864,2022-03-19 15:00:00,31-45,Male,North,Cardiology,Medication,Routine,5,88010
1865,2022-03-19 16:00:00,60+,Male,West,Orthopedics,Surgery,Routine,3.3,51556
1866,2022-03-19 17:00:00,60+,Female,North,General Medicine,Medication,Emergency,2.4,44503
1867,2022-03-19 18:00:00,18-30,Female,West,Pediatrics,Therapy,Emergency,2.5,66336
1868,2022-03-19 19:00:00,18-30,Female,West,Orthopedics,Surgery,Emergency,2.9,81732
1869,2022-03-19 20:00:00,18-30,Male,West,Orthopedics,Therapy,Emergency,8.3,32079
1870,2022-03-19 21:00:00,46-60,Female,West,Cardiology,Surgery,Emergency,7.6,44795
1871,2022-03-19 22:00:00,46-60,Female,South,Orthopedics,Medication,Routine,5.5,71937
1872,2022-03-19 23:00:00,18-30,Male,North,Orthopedics,Surgery,Emergency,2.1,60760
1873,2022-03-20 0:00:00,31-45,Male,East,Neurology,Therapy,Emergency,5.8,77038
1874,2022-03-20 1:00:00,46-60,Female,West,Cardiology,Surgery,Emergency,3.5,65302
1875,2022-03-20 2:00:00,46-60,Female,West,Cardiology,Therapy,Routine,0.3,91164
1876,2022-03-20 3:00:00,31-45,Male,East,General Medicine,Observation,Routine,4.6,58572
1877,2022-03-20 4:00:00,31-45,Male,East,Orthopedics,Medication,Routine,2.3,59436
1878,2022-03-20 5:00:00,31-45,Female,West,General Medicine,Therapy,Routine,2.4,61434
1879,2022-03-20 6:00:00,31-45,Female,East,Pediatrics,Observation,Routine,3.5,52150
1880,2022-03-20 7:00:00,31-45,Male,East,Orthopedics,Medication,Routine,3,71962
1881,2022-03-20 8:00:00,46-60,Female,South,Pediatrics,Observation,Routine,3.9,59741
1882,2022-03-20 9:00:00,60+,Male,East,Neurology,Therapy,Routine,3.8,70764
1883,2022-03-20 10:00:00,46-60,Female,North,Orthopedics,Medication,Routine,0.2,73890
1884,2022-03-20 11:00:00,46-60,Male,North,General Medicine,Observation,Routine,7,63569
1885,2022-03-20 12:00:00,18-30,Male,North,General Medicine,Therapy,Emergency,2,65034
1886,2022-03-20 13:00:00,31-45,Female,West,Orthopedics,Observation,Emergency,2.1,34793
1887,2022-03-20 14:00:00,18-30,Female,North,General Medicine,Medication,Routine,3.3,43993
1888,2022-03-20 15:00:00,18-30,Male,South,Orthopedics,Medication,Emergency,3.8,71868
1889,2022-03-20 16:00:00,46-60,Female,North,Cardiology,Medication,Emergency,6.9,83473
1890,2022-03-20 17:00:00,60+,Female,West,General Medicine,Therapy,Routine,4.5,16191
1891,2022-03-20 18:00:00,18-30,Female,South,Orthopedics,Observation,Routine,5.1,43643
1892,2022-03-20 19:00:00,31-45,Male,North,Orthopedics,Observation,Routine,4.5,55472
1893,2022-03-20 20:00:00,46-60,Female,South,General Medicine,Therapy,Routine,4.5,37415
1894,2022-03-20 21:00:00,18-30,Female,South,Cardiology,Medication,Emergency,4.6,38550
1895,2022-03-20 22:00:00,31-45,Male,West,General Medicine,Surgery,Routine,0.1,64498
1896,2022-03-20 23:00:00,46-60,Female,West,Orthopedics,Medication,Routine,3.5,86628
1897,2022-03-21 0:00:00,46-60,Female,South,Cardiology,Surgery,Emergency,6.3,14364
1898,2022-03-21 1:00:00,18-30,Male,North,Pediatrics,Medication,Routine,11.9,51590
1899,2022-03-21 2:00:00,31-45,Male,West,Neurology,Therapy,Emergency,1.6,64266
1900,2022-03-21 3:00:00,46-60,Female,South,General Medicine,Surgery,Routine,4.8,70604
1901,2022-03-21 4:00:00,31-45,Female,East,Orthopedics,Therapy,Routine,2.9,61383
1902,2022-03-21 5:00:00,18-30,Male,East,Cardiology,Surgery,Routine,8.1,90228
1903,2022-03-21 6:00:00,46-60,Male,West,Cardiology,Observation,Routine,1.3,55578
1904,2022-03-21 7:00:00,18-30,Female,North,Pediatrics,Surgery,Routine,5.2,81240
1905,2022-03-21 8:00:00,46-60,Female,East,General Medicine,Surgery,Routine,1.2,42073
1906,2022-03-21 9:00:00,18-30,Female,East,Cardiology,Surgery,Routine,3.4,56160
1907,2022-03-21 10:00:00,60+,Male,East,Pediatrics,Observation,Routine,3.9,30746
1908,2022-03-21 11:00:00,31-45,Female,North,Orthopedics,Therapy,Routine,6.1,73017
1909,2022-03-21 12:00:00,31-45,Male,North,Pediatrics,Observation,Emergency,1.8,52591
1910,2022-03-21 13:00:00,18-30,Male,West,General Medicine,Surgery,Routine,5.3,62156
1911,2022-03-21 14:00:00,31-45,Male,West,Pediatrics,Medication,Routine,4,48733
1912,2022-03-21 15:00:00,60+,Female,East,Cardiology,Observation,Routine,4.5,66729
1913,2022-03-21 16:00:00,60+,Female,North,Cardiology,Medication,Routine,5.9,62949
1914,2022-03-21 17:00:00,31-45,Female,South,Neurology,Observation,Routine,1.4,35107
1915,2022-03-21 18:00:00,31-45,Male,East,Pediatrics,Observation,Routine,5.6,36265
1916,2022-03-21 19:00:00,46-60,Female,West,Orthopedics,Surgery,Emergency,2.9,54445
1917,2022-03-21 20:00:00,60+,Male,North,General Medicine,Therapy,Routine,6.2,68191
1918,2022-03-21 21:00:00,31-45,Male,West,Neurology,Therapy,Routine,4.7,92258
1919,2022-03-21 22:00:00,31-45,Male,West,Pediatrics,Surgery,Routine,3.6,61060
1920,2022-03-21 23:00:00,31-45,Male,North,Orthopedics,Observation,Emergency,2.8,75151
1921,2022-03-22 0:00:00,46-60,Male,East,Neurology,Therapy,Routine,5.6,22743
1922,2022-03-22 1:00:00,18-30,Male,North,Cardiology,Therapy,Routine,6.5,95259
1923,2022-03-22 2:00:00,46-60,Female,East,General Medicine,Therapy,Routine,2.9,67114
1924,2022-03-22 3:00:00,31-45,Male,West,Pediatrics,Surgery,Routine,1.7,54008
1925,2022-03-22 4:00:00,46-60,Female,North,Orthopedics,Medication,Routine,5.4,51706
1926,2022-03-22 5:00:00,18-30,Male,South,Cardiology,Medication,Emergency,1.1,32856
1927,2022-03-22 6:00:00,31-45,Female,East,Neurology,Medication,Routine,1.4,38574
1928,2022-03-22 7:00:00,31-45,Female,South,General Medicine,Medication,Routine,1.9,93209
1929,2022-03-22 8:00:00,46-60,Female,East,Neurology,Medication,Emergency,3.2,35220
1930,2022-03-22 9:00:00,18-30,Female,North,Neurology,Therapy,Routine,1.3,34835
1931,2022-03-22 10:00:00,31-45,Male,South,Orthopedics,Therapy,Routine,0.1,40956
1932,2022-03-22 11:00:00,31-45,Male,North,Cardiology,Observation,Routine,1.7,31036
1933,2022-03-22 12:00:00,31-45,Male,East,Pediatrics,Therapy,Routine,5.3,55306
1934,2022-03-22 13:00:00,46-60,Male,East,Orthopedics,Surgery,Routine,1.5,76778
1935,2022-03-22 14:00:00,46-60,Female,East,General Medicine,Observation,Routine,3.3,42790
1936,2022-03-22 15:00:00,46-60,Female,East,Neurology,Therapy,Emergency,7.9,27534
1937,2022-03-22 16:00:00,31-45,Female,West,General Medicine,Observation,Emergency,3.9,60837
1938,2022-03-22 17:00:00,46-60,Male,East,Orthopedics,Observation,Emergency,4.7,53885
1939,2022-03-22 18:00:00,31-45,Female,South,Orthopedics,Medication,Routine,2.1,75054
1940,2022-03-22 19:00:00,18-30,Male,East,Pediatrics,Observation,Routine,8.3,45910
1941,2022-03-22 20:00:00,18-30,Female,North,Neurology,Therapy,Routine,2.9,49797
1942,2022-03-22 21:00:00,31-45,Female,West,Orthopedics,Medication,Routine,3.5,52009
1943,2022-03-22 22:00:00,46-60,Female,South,General Medicine,Therapy,Emergency,6.6,56780
1944,2022-03-22 23:00:00,46-60,Female,West,Pediatrics,Medication,Routine,3.6,47149
1945,2022-03-23 0:00:00,46-60,Female,West,General Medicine,Therapy,Emergency,4.1,43907
1946,2022-03-23 1:00:00,31-45,Male,West,Neurology,Medication,Routine,3.4,17992
1947,2022-03-23 2:00:00,31-45,Female,North,Pediatrics,Medication,Routine,3.5,43692
1948,2022-03-23 3:00:00,18-30,Male,West,Pediatrics,Surgery,Routine,4.7,69304
1949,2022-03-23 4:00:00,31-45,Male,West,Pediatrics,Therapy,Routine,5.1,72005
1950,2022-03-23 5:00:00,31-45,Male,East,Cardiology,Observation,Emergency,2.7,45578
1951,2022-03-23 6:00:00,18-30,Male,North,Pediatrics,Medication,Emergency,2.5,80990
1952,2022-03-23 7:00:00,18-30,Male,South,General Medicine,Therapy,Routine,2.8,54426
1953,2022-03-23 8:00:00,31-45,Male,South,General Medicine,Medication,Routine,1.2,28243
1954,2022-03-23 9:00:00,46-60,Male,South,Neurology,Surgery,Routine,0.8,21952
1955,2022-03-23 10:00:00,60+,Male,North,Orthopedics,Surgery,Routine,4.6,79365
1956,2022-03-23 11:00:00,60+,Female,South,Orthopedics,Surgery,Routine,5.9,47540
1957,2022-03-23 12:00:00,46-60,Female,North,Cardiology,Surgery,Emergency,5.7,30719
1958,2022-03-23 13:00:00,31-45,Male,East,Pediatrics,Observation,Routine,0.8,9814
1959,2022-03-23 14:00:00,46-60,Male,East,Cardiology,Observation,Routine,3.5,47086
1960,2022-03-23 15:00:00,46-60,Male,North,Neurology,Medication,Emergency,1.8,63095
1961,2022-03-23 16:00:00,18-30,Female,South,Neurology,Therapy,Routine,4.3,41046
1962,2022-03-23 17:00:00,31-45,Female,North,Orthopedics,Surgery,Routine,3.2,33935
1963,2022-03-23 18:00:00,46-60,Male,North,Neurology,Surgery,Routine,5.2,44012
1964,2022-03-23 19:00:00,31-45,Male,West,Pediatrics,Observation,Routine,4,79864
1965,2022-03-23 20:00:00,31-45,Female,North,General Medicine,Observation,Routine,0.2,27140
1966,2022-03-23 21:00:00,31-45,Female,West,Neurology,Surgery,Routine,2.1,42166
1967,2022-03-23 22:00:00,18-30,Male,East,Cardiology,Therapy,Emergency,4,79215
1968,2022-03-23 23:00:00,31-45,Male,West,Pediatrics,Medication,Emergency,4.2,64884
1969,2022-03-24 0:00:00,31-45,Male,North,Neurology,Medication,Emergency,1.2,58583
1970,2022-03-24 1:00:00,18-30,Male,East,Neurology,Medication,Routine,0.9,42031
1971,2022-03-24 2:00:00,18-30,Female,West,Pediatrics,Medication,Emergency,4.1,55610
1972,2022-03-24 3:00:00,46-60,Female,North,Neurology,Therapy,Routine,1.2,44243
1973,2022-03-24 4:00:00,31-45,Male,East,General Medicine,Therapy,Routine,0.7,37812
1974,2022-03-24 5:00:00,31-45,Male,West,Orthopedics,Therapy,Routine,3.1,33399
1975,2022-03-24 6:00:00,31-45,Male,North,Pediatrics,Observation,Routine,3,70682
1976,2022-03-24 7:00:00,60+,Female,North,Cardiology,Surgery,Routine,2.2,53792
1977,2022-03-24 8:00:00,31-45,Male,South,Neurology,Therapy,Routine,2.6,61290
1978,2022-03-24 9:00:00,31-45,Male,South,Orthopedics,Medication,Emergency,4,58033
1979,2022-03-24 10:00:00,60+,Male,West,Cardiology,Therapy,Routine,2.6,63818
1980,2022-03-24 11:00:00,46-60,Female,West,Cardiology,Surgery,Emergency,4.1,49906
1981,2022-03-24 12:00:00,18-30,Male,West,General Medicine,Observation,Routine,3.2,45367
1982,2022-03-24 13:00:00,46-60,Female,North,Orthopedics,Medication,Routine,4.3,38694
1983,2022-03-24 14:00:00,31-45,Male,West,Pediatrics,Observation,Routine,5.8,26721
1984,2022-03-24 15:00:00,31-45,Male,North,Orthopedics,Therapy,Routine,5.7,32559
1985,2022-03-24 16:00:00,18-30,Male,West,Orthopedics,Medication,Routine,6.6,47692
1986,2022-03-24 17:00:00,18-30,Female,North,Cardiology,Medication,Routine,5.7,22939
1987,2022-03-24 18:00:00,46-60,Male,North,General Medicine,Therapy,Routine,4.5,27354
1988,2022-03-24 19:00:00,31-45,Male,South,General Medicine,Therapy,Routine,3.1,75843
1989,2022-03-24 20:00:00,31-45,Female,East,Orthopedics,Surgery,Emergency,3.2,59484
1990,2022-03-24 21:00:00,46-60,Female,North,Orthopedics,Therapy,Routine,2.2,45963
1991,2022-03-24 22:00:00,46-60,Female,West,Neurology,Therapy,Routine,4,100431
1992,2022-03-24 23:00:00,18-30,Male,South,Cardiology,Therapy,Emergency,5.4,22035
1993,2022-03-25 0:00:00,46-60,Female,West,Pediatrics,Medication,Routine,2.5,74512
1994,2022-03-25 1:00:00,18-30,Male,West,Pediatrics,Surgery,Emergency,3.9,52771
1995,2022-03-25 2:00:00,46-60,Female,North,General Medicine,Medication,Emergency,2.6,70701
1996,2022-03-25 3:00:00,46-60,Female,North,Cardiology,Therapy,Emergency,4.4,57179
1997,2022-03-25 4:00:00,60+,Female,East,General Medicine,Surgery,Routine,2.9,17555
1998,2022-03-25 5:00:00,18-30,Male,North,Pediatrics,Therapy,Routine,2.5,56909
1999,2022-03-25 6:00:00,18-30,Male,North,Orthopedics,Medication,Routine,2.6,61711
2000,2022-03-25 7:00:00,31-45,Male,East,Cardiology,Medication,Routine,5,11160
2001,2022-03-25 8:00:00,31-45,Male,West,Cardiology,Therapy,Routine,3.8,93881
2002,2022-03-25 9:00:00,18-30,Male,East,Neurology,Surgery,Routine,3.1,61224
2003,2022-03-25 10:00:00,60+,Male,East,Orthopedics,Medication,Emergency,4.5,68440
2004,2022-03-25 11:00:00,18-30,Male,East,Orthopedics,Therapy,Routine,3.2,31689
2005,2022-03-25 12:00:00,31-45,Male,South,General Medicine,Observation,Emergency,6.3,68812
2006,2022-03-25 13:00:00,46-60,Male,West,Cardiology,Therapy,Emergency,2.1,76790
2007,2022-03-25 14:00:00,31-45,Female,South,General Medicine,Therapy,Routine,3.6,60071
2008,2022-03-25 15:00:00,46-60,Female,South,Orthopedics,Surgery,Routine,1.2,54813
2009,2022-03-25 16:00:00,18-30,Male,North,Neurology,Therapy,Routine,3.3,37128
2010,2022-03-25 17:00:00,31-45,Male,East,Cardiology,Observation,Emergency,0.6,50676
2011,2022-03-25 18:00:00,18-30,Male,East,Orthopedics,Therapy,Routine,5.5,44759
2012,2022-03-25 19:00:00,18-30,Male,South,Neurology,Observation,Routine,5.5,66440
2013,2022-03-25 20:00:00,60+,Female,North,Pediatrics,Medication,Routine,5.6,38002
2014,2022-03-25 21:00:00,18-30,Female,North,Orthopedics,Therapy,Emergency,4.1,66293
2015,2022-03-25 22:00:00,31-45,Male,North,Pediatrics,Surgery,Emergency,2.2,38220
2016,2022-03-25 23:00:00,31-45,Female,West,General Medicine,Therapy,Routine,2.4,49753
2017,2022-03-26 0:00:00,31-45,Female,South,Pediatrics,Observation,Routine,7.1,67321
2018,2022-03-26 1:00:00,60+,Male,West,Orthopedics,Observation,Routine,6.9,40924
2019,2022-03-26 2:00:00,18-30,Male,North,Pediatrics,Surgery,Routine,4.2,68011
2020,2022-03-26 3:00:00,46-60,Male,North,Cardiology,Observation,Emergency,3,66060
2021,2022-03-26 4:00:00,60+,Male,North,Orthopedics,Therapy,Emergency,6.7,49581
2022,2022-03-26 5:00:00,31-45,Female,East,Neurology,Observation,Emergency,2.6,78236
2023,2022-03-26 6:00:00,60+,Male,South,Pediatrics,Therapy,Routine,4.5,56556
2024,2022-03-26 7:00:00,18-30,Female,East,Cardiology,Therapy,Routine,6.7,77046
2025,2022-03-26 8:00:00,31-45,Male,West,General Medicine,Observation,Routine,2.3,90869
2026,2022-03-26 9:00:00,31-45,Female,East,General Medicine,Surgery,Routine,5.7,50174
2027,2022-03-26 10:00:00,46-60,Male,South,Pediatrics,Medication,Routine,5,67899
2028,2022-03-26 11:00:00,60+,Male,East,General Medicine,Surgery,Emergency,3.9,42249
2029,2022-03-26 12:00:00,31-45,Female,North,Neurology,Medication,Routine,2,34344
2030,2022-03-26 13:00:00,46-60,Female,West,Orthopedics,Surgery,Emergency,2.6,51091
2031,2022-03-26 14:00:00,18-30,Female,West,Cardiology,Therapy,Routine,4.6,27748
2032,2022-03-26 15:00:00,31-45,Male,North,Pediatrics,Therapy,Routine,1.2,36248
2033,2022-03-26 16:00:00,31-45,Female,North,General Medicine,Observation,Routine,4.3,66829
2034,2022-03-26 17:00:00,60+,Female,North,Orthopedics,Medication,Routine,5.1,44727
2035,2022-03-26 18:00:00,46-60,Female,South,Neurology,Medication,Routine,6,69210
2036,2022-03-26 19:00:00,31-45,Female,East,General Medicine,Observation,Emergency,1.2,60988
2037,2022-03-26 20:00:00,18-30,Female,West,General Medicine,Surgery,Routine,6.6,92023
2038,2022-03-26 21:00:00,18-30,Female,East,Cardiology,Observation,Emergency,7.4,65487
2039,2022-03-26 22:00:00,18-30,Female,North,Neurology,Surgery,Emergency,4.8,77284
2040,2022-03-26 23:00:00,31-45,Female,North,Neurology,Observation,Routine,1.9,63038
2041,2022-03-27 0:00:00,60+,Female,East,Pediatrics,Medication,Emergency,3.3,61228
2042,2022-03-27 1:00:00,31-45,Male,West,Cardiology,Medication,Routine,3.9,78295
2043,2022-03-27 2:00:00,31-45,Male,South,Pediatrics,Surgery,Emergency,4.5,68376
2044,2022-03-27 3:00:00,18-30,Female,East,Cardiology,Medication,Routine,4,59201
2045,2022-03-27 4:00:00,60+,Male,North,Neurology,Medication,Routine,4.6,59113
2046,2022-03-27 5:00:00,46-60,Male,North,Cardiology,Medication,Routine,3.8,65765
2047,2022-03-27 6:00:00,18-30,Female,South,Cardiology,Medication,Routine,4.5,41573
2048,2022-03-27 7:00:00,46-60,Female,East,Cardiology,Therapy,Emergency,3.1,40724
2049,2022-03-27 8:00:00,31-45,Female,South,Orthopedics,Observation,Emergency,3.3,83508
2050,2022-03-27 9:00:00,18-30,Female,South,Orthopedics,Observation,Emergency,2.8,92288
2051,2022-03-27 10:00:00,31-45,Female,West,Neurology,Therapy,Routine,7.8,36422
2052,2022-03-27 11:00:00,31-45,Female,West,Cardiology,Medication,Routine,6.9,41620
2053,2022-03-27 12:00:00,18-30,Male,North,Neurology,Observation,Routine,5.1,77850
2054,2022-03-27 13:00:00,60+,Female,East,Orthopedics,Observation,Routine,6.7,65670
2055,2022-03-27 14:00:00,46-60,Male,West,Cardiology,Observation,Routine,5.6,68529
2056,2022-03-27 15:00:00,46-60,Female,North,Pediatrics,Surgery,Routine,4.4,72932
2057,2022-03-27 16:00:00,31-45,Female,East,Orthopedics,Therapy,Routine,1,50185
2058,2022-03-27 17:00:00,31-45,Male,North,Orthopedics,Surgery,Routine,3.5,61599
2059,2022-03-27 18:00:00,46-60,Female,West,Orthopedics,Surgery,Routine,3.3,60044
2060,2022-03-27 19:00:00,31-45,Female,North,Cardiology,Therapy,Routine,1.7,37830
2061,2022-03-27 20:00:00,18-30,Male,East,General Medicine,Observation,Emergency,1,61302
2062,2022-03-27 21:00:00,31-45,Female,East,Pediatrics,Surgery,Routine,5,79754
2063,2022-03-27 22:00:00,46-60,Male,North,Pediatrics,Observation,Emergency,4.6,48317
2064,2022-03-27 23:00:00,31-45,Female,East,Neurology,Surgery,Routine,1.7,58051
2065,2022-03-28 0:00:00,18-30,Female,North,Cardiology,Observation,Emergency,2.5,59134
2066,2022-03-28 1:00:00,46-60,Male,East,Orthopedics,Medication,Routine,6.3,49307
2067,2022-03-28 2:00:00,18-30,Female,North,General Medicine,Medication,Routine,2.2,68538
2068,2022-03-28 3:00:00,31-45,Male,North,Cardiology,Medication,Routine,4.3,41399
2069,2022-03-28 4:00:00,18-30,Male,North,Cardiology,Therapy,Emergency,3.6,81653
2070,2022-03-28 5:00:00,31-45,Male,South,General Medicine,Medication,Routine,5,67524
2071,2022-03-28 6:00:00,46-60,Female,East,Orthopedics,Surgery,Routine,2.3,36265
2072,2022-03-28 7:00:00,31-45,Female,West,Cardiology,Observation,Emergency,4.2,88960
2073,2022-03-28 8:00:00,18-30,Male,North,Pediatrics,Observation,Routine,4.3,58362
2074,2022-03-28 9:00:00,60+,Female,South,Pediatrics,Observation,Routine,4.5,40541
2075,2022-03-28 10:00:00,60+,Female,West,General Medicine,Observation,Routine,4.2,77091
2076,2022-03-28 11:00:00,60+,Female,North,Orthopedics,Surgery,Routine,4.7,64893
2077,2022-03-28 12:00:00,18-30,Male,West,General Medicine,Observation,Routine,8.4,19561
2078,2022-03-28 13:00:00,31-45,Female,South,Cardiology,Surgery,Routine,9.1,44487
2079,2022-03-28 14:00:00,60+,Male,West,Pediatrics,Surgery,Emergency,2.7,60582
2080,2022-03-28 15:00:00,46-60,Female,North,Neurology,Observation,Emergency,0.6,11809
2081,2022-03-28 16:00:00,18-30,Female,West,General Medicine,Observation,Routine,5.2,56701
2082,2022-03-28 17:00:00,18-30,Male,West,Neurology,Observation,Routine,4.4,58160
2083,2022-03-28 18:00:00,31-45,Female,North,Neurology,Surgery,Emergency,6.1,31330
2084,2022-03-28 19:00:00,60+,Male,South,Pediatrics,Therapy,Emergency,4.6,60413
2085,2022-03-28 20:00:00,31-45,Female,South,General Medicine,Surgery,Emergency,4.1,55149
2086,2022-03-28 21:00:00,31-45,Male,West,Neurology,Therapy,Routine,6.3,31174
2087,2022-03-28 22:00:00,18-30,Female,East,Cardiology,Observation,Emergency,6.5,73391
2088,2022-03-28 23:00:00,46-60,Female,West,Orthopedics,Surgery,Emergency,1.2,71757
2089,2022-03-29 0:00:00,46-60,Female,East,Orthopedics,Observation,Routine,2.4,49205
2090,2022-03-29 1:00:00,31-45,Male,West,Pediatrics,Therapy,Routine,3.8,51028
2091,2022-03-29 2:00:00,46-60,Male,South,General Medicine,Therapy,Routine,4.2,69525
2092,2022-03-29 3:00:00,60+,Male,West,General Medicine,Surgery,Routine,3.5,50987
2093,2022-03-29 4:00:00,18-30,Female,West,Orthopedics,Surgery,Emergency,4.9,16382
2094,2022-03-29 5:00:00,31-45,Male,East,Cardiology,Surgery,Emergency,6,64739
2095,2022-03-29 6:00:00,31-45,Male,South,Orthopedics,Surgery,Emergency,7.4,38735
2096,2022-03-29 7:00:00,46-60,Male,East,Orthopedics,Medication,Emergency,5.2,47203
2097,2022-03-29 8:00:00,31-45,Male,West,General Medicine,Medication,Routine,2.3,84157
2098,2022-03-29 9:00:00,46-60,Male,North,Neurology,Observation,Routine,3.7,52320
2099,2022-03-29 10:00:00,46-60,Male,West,Cardiology,Therapy,Emergency,3.8,55035
2100,2022-03-29 11:00:00,31-45,Male,West,General Medicine,Therapy,Routine,5,65193
2101,2022-03-29 12:00:00,60+,Male,East,Orthopedics,Observation,Routine,4.8,65107
2102,2022-03-29 13:00:00,31-45,Male,North,Neurology,Observation,Routine,8.1,36616
2103,2022-03-29 14:00:00,18-30,Male,North,Cardiology,Observation,Routine,3.1,53794
2104,2022-03-29 15:00:00,46-60,Female,East,Pediatrics,Medication,Routine,4.8,55723
2105,2022-03-29 16:00:00,46-60,Female,South,Cardiology,Observation,Routine,8.7,60441
2106,2022-03-29 17:00:00,31-45,Male,North,Cardiology,Therapy,Routine,2.8,60784
2107,2022-03-29 18:00:00,60+,Female,North,Orthopedics,Observation,Emergency,4.3,106749
2108,2022-03-29 19:00:00,60+,Female,East,Orthopedics,Surgery,Emergency,2.1,31483
2109,2022-03-29 20:00:00,31-45,Male,South,Pediatrics,Therapy,Emergency,4.2,74602
2110,2022-03-29 21:00:00,60+,Male,South,Pediatrics,Therapy,Routine,2.4,78668
2111,2022-03-29 22:00:00,18-30,Male,West,Pediatrics,Therapy,Emergency,6.1,64856
2112,2022-03-29 23:00:00,18-30,Female,West,General Medicine,Medication,Emergency,4.3,41994
2113,2022-03-30 0:00:00,18-30,Male,East,General Medicine,Medication,Routine,2.1,88293
2114,2022-03-30 1:00:00,60+,Female,South,Orthopedics,Therapy,Emergency,5.7,11160
2115,2022-03-30 2:00:00,46-60,Male,East,Orthopedics,Surgery,Routine,4.4,41335
2116,2022-03-30 3:00:00,18-30,Female,West,Pediatrics,Therapy,Emergency,5.9,78434
2117,2022-03-30 4:00:00,31-45,Female,East,General Medicine,Medication,Routine,1.7,47598
2118,2022-03-30 5:00:00,46-60,Male,East,Neurology,Surgery,Routine,4.7,86929
2119,2022-03-30 6:00:00,18-30,Male,North,General Medicine,Therapy,Routine,5.5,24764
2120,2022-03-30 7:00:00,60+,Female,North,Orthopedics,Medication,Routine,3.2,32758
2121,2022-03-30 8:00:00,46-60,Female,North,General Medicine,Surgery,Routine,1.5,44367
2122,2022-03-30 9:00:00,31-45,Male,West,Orthopedics,Observation,Emergency,3.9,63348
2123,2022-03-30 10:00:00,60+,Male,East,Pediatrics,Observation,Emergency,6.5,50560
2124,2022-03-30 11:00:00,31-45,Female,North,Pediatrics,Therapy,Emergency,6.3,45192
2125,2022-03-30 12:00:00,60+,Male,North,Pediatrics,Observation,Routine,3.1,83408
2126,2022-03-30 13:00:00,46-60,Female,North,Neurology,Medication,Emergency,1.4,85269
2127,2022-03-30 14:00:00,46-60,Male,West,Neurology,Surgery,Routine,3.1,46712
2128,2022-03-30 15:00:00,18-30,Male,West,Orthopedics,Therapy,Emergency,3.1,20805
2129,2022-03-30 16:00:00,60+,Male,East,Cardiology,Surgery,Routine,4.9,11850
2130,2022-03-30 17:00:00,31-45,Female,East,Neurology,Surgery,Routine,3.8,59786
2131,2022-03-30 18:00:00,18-30,Male,East,Orthopedics,Surgery,Emergency,2.5,68119
2132,2022-03-30 19:00:00,18-30,Female,North,General Medicine,Medication,Emergency,6.2,56260
2133,2022-03-30 20:00:00,31-45,Male,South,Pediatrics,Therapy,Routine,4.3,53582
2134,2022-03-30 21:00:00,31-45,Female,West,Pediatrics,Observation,Emergency,4.9,38909
2135,2022-03-30 22:00:00,46-60,Female,North,Pediatrics,Surgery,Routine,0.6,68100
2136,2022-03-30 23:00:00,60+,Male,North,Orthopedics,Surgery,Emergency,0.8,88564
2137,2022-03-31 0:00:00,18-30,Female,East,Pediatrics,Surgery,Routine,1.1,10662
2138,2022-03-31 1:00:00,46-60,Female,East,Neurology,Medication,Routine,3,53450
2139,2022-03-31 2:00:00,18-30,Female,North,General Medicine,Observation,Routine,5.2,35593
2140,2022-03-31 3:00:00,60+,Female,West,Pediatrics,Surgery,Routine,0.7,25191
2141,2022-03-31 4:00:00,46-60,Male,West,Orthopedics,Medication,Emergency,7.2,32400
2142,2022-03-31 5:00:00,31-45,Male,North,General Medicine,Medication,Routine,4.3,62593
2143,2022-03-31 6:00:00,46-60,Male,South,Pediatrics,Surgery,Routine,6.7,63099
2144,2022-03-31 7:00:00,31-45,Female,South,Cardiology,Surgery,Routine,2.2,84206
2145,2022-03-31 8:00:00,31-45,Female,West,Pediatrics,Medication,Routine,5,55176
2146,2022-03-31 9:00:00,46-60,Male,East,Neurology,Medication,Emergency,4.2,19836
2147,2022-03-31 10:00:00,31-45,Male,South,General Medicine,Surgery,Routine,5.6,50237
2148,2022-03-31 11:00:00,31-45,Female,South,Neurology,Medication,Routine,3.5,27272
2149,2022-03-31 12:00:00,31-45,Male,East,Cardiology,Medication,Routine,4.9,30864
2150,2022-03-31 13:00:00,46-60,Male,South,Cardiology,Surgery,Routine,6.2,66611
2151,2022-03-31 14:00:00,31-45,Female,North,Neurology,Surgery,Emergency,2.7,58884
2152,2022-03-31 15:00:00,18-30,Male,South,General Medicine,Therapy,Routine,4.5,66751
2153,2022-03-31 16:00:00,46-60,Female,East,Cardiology,Observation,Routine,0.2,47850
2154,2022-03-31 17:00:00,46-60,Male,North,Cardiology,Surgery,Emergency,5.4,70811
2155,2022-03-31 18:00:00,18-30,Female,South,Pediatrics,Surgery,Routine,7.9,46732
2156,2022-03-31 19:00:00,18-30,Female,West,Orthopedics,Surgery,Emergency,1.5,77334
2157,2022-03-31 20:00:00,18-30,Female,North,Cardiology,Observation,Routine,3.8,61893
2158,2022-03-31 21:00:00,31-45,Female,North,General Medicine,Therapy,Emergency,5.8,50860
2159,2022-03-31 22:00:00,31-45,Female,West,General Medicine,Medication,Routine,4.1,59242
2160,2022-03-31 23:00:00,46-60,Male,West,Pediatrics,Observation,Routine,4.3,54643
2161,2022-04-01 0:00:00,46-60,Male,South,General Medicine,Surgery,Routine,3.2,86922
2162,2022-04-01 1:00:00,46-60,Male,South,Pediatrics,Surgery,Emergency,3.1,59909
2163,2022-04-01 2:00:00,31-45,Female,East,Cardiology,Therapy,Emergency,3.8,54968
2164,2022-04-01 3:00:00,46-60,Male,East,Cardiology,Therapy,Routine,4.1,50230
2165,2022-04-01 4:00:00,31-45,Female,North,Cardiology,Therapy,Emergency,1.6,71864
2166,2022-04-01 5:00:00,60+,Female,West,Cardiology,Medication,Routine,3.9,69158
2167,2022-04-01 6:00:00,46-60,Male,West,Orthopedics,Observation,Emergency,7.1,49523
2168,2022-04-01 7:00:00,18-30,Female,East,Orthopedics,Observation,Emergency,3.2,31887
2169,2022-04-01 8:00:00,46-60,Male,North,Cardiology,Therapy,Routine,1.5,36961
2170,2022-04-01 9:00:00,31-45,Female,North,General Medicine,Medication,Emergency,3.7,51317
2171,2022-04-01 10:00:00,46-60,Female,East,Pediatrics,Observation,Routine,2.6,81979
2172,2022-04-01 11:00:00,18-30,Male,East,Neurology,Surgery,Routine,1.3,49996
2173,2022-04-01 12:00:00,18-30,Female,East,Pediatrics,Surgery,Routine,4.3,43118
2174,2022-04-01 13:00:00,60+,Male,South,Neurology,Surgery,Emergency,2.6,19786
2175,2022-04-01 14:00:00,18-30,Female,North,Neurology,Observation,Emergency,2.8,85271
2176,2022-04-01 15:00:00,46-60,Male,North,Cardiology,Therapy,Emergency,4.3,66381
2177,2022-04-01 16:00:00,31-45,Female,North,Neurology,Surgery,Emergency,0.9,70920
2178,2022-04-01 17:00:00,46-60,Male,East,Cardiology,Therapy,Emergency,0.5,74234
2179,2022-04-01 18:00:00,46-60,Male,East,Orthopedics,Medication,Routine,5.3,51705
2180,2022-04-01 19:00:00,31-45,Female,East,General Medicine,Surgery,Routine,0.1,56692
2181,2022-04-01 20:00:00,31-45,Male,East,Neurology,Medication,Routine,2,84772
2182,2022-04-01 21:00:00,18-30,Female,West,General Medicine,Therapy,Routine,0.4,58592
2183,2022-04-01 22:00:00,18-30,Female,East,Cardiology,Observation,Routine,3,66751
2184,2022-04-01 23:00:00,31-45,Male,South,Neurology,Therapy,Routine,4.9,72411
2185,2022-04-02 0:00:00,46-60,Male,West,Pediatrics,Surgery,Emergency,4.2,67859
2186,2022-04-02 1:00:00,60+,Male,West,Orthopedics,Surgery,Emergency,8.8,52437
2187,2022-04-02 2:00:00,60+,Male,East,Orthopedics,Therapy,Routine,6.2,54322
2188,2022-04-02 3:00:00,46-60,Male,North,Neurology,Surgery,Emergency,2.1,70553
2189,2022-04-02 4:00:00,46-60,Female,East,Orthopedics,Surgery,Routine,1.6,70520
2190,2022-04-02 5:00:00,46-60,Male,North,Pediatrics,Medication,Emergency,9.4,78365
2191,2022-04-02 6:00:00,31-45,Female,East,General Medicine,Observation,Routine,6.1,66022
2192,2022-04-02 7:00:00,60+,Male,East,Pediatrics,Therapy,Routine,5.2,66932
2193,2022-04-02 8:00:00,46-60,Male,North,Orthopedics,Medication,Emergency,4.1,46075
2194,2022-04-02 9:00:00,31-45,Male,North,General Medicine,Surgery,Routine,4.5,43377
2195,2022-04-02 10:00:00,18-30,Female,North,Pediatrics,Medication,Routine,1,70613
2196,2022-04-02 11:00:00,31-45,Male,North,Cardiology,Observation,Routine,4.3,43516
2197,2022-04-02 12:00:00,31-45,Female,South,Cardiology,Therapy,Routine,4.1,54586
2198,2022-04-02 13:00:00,60+,Female,North,General Medicine,Observation,Emergency,2.2,82580
2199,2022-04-02 14:00:00,31-45,Female,East,General Medicine,Observation,Routine,2.9,79411
2200,2022-04-02 15:00:00,31-45,Male,East,General Medicine,Medication,Emergency,7,61036
2201,2022-04-02 16:00:00,60+,Female,South,Cardiology,Medication,Routine,3.7,49077
2202,2022-04-02 17:00:00,18-30,Male,North,Pediatrics,Observation,Routine,8.1,52532
2203,2022-04-02 18:00:00,31-45,Female,East,General Medicine,Surgery,Routine,0.5,72353
2204,2022-04-02 19:00:00,18-30,Male,South,Cardiology,Therapy,Emergency,3,54270
2205,2022-04-02 20:00:00,46-60,Female,East,General Medicine,Surgery,Routine,0.9,43834
2206,2022-04-02 21:00:00,60+,Male,South,General Medicine,Surgery,Routine,1.6,79315
2207,2022-04-02 22:00:00,31-45,Male,South,General Medicine,Therapy,Routine,2.3,58632
2208,2022-04-02 23:00:00,60+,Male,West,Cardiology,Medication,Routine,4.6,43455
2209,2022-04-03 0:00:00,31-45,Female,West,Pediatrics,Surgery,Emergency,4.5,64579
2210,2022-04-03 1:00:00,60+,Female,North,Cardiology,Medication,Routine,2.6,74424
2211,2022-04-03 2:00:00,46-60,Male,West,Cardiology,Therapy,Routine,0.5,34847
2212,2022-04-03 3:00:00,46-60,Female,South,General Medicine,Surgery,Routine,7,50991
2213,2022-04-03 4:00:00,18-30,Female,East,Neurology,Medication,Routine,3.4,50066
2214,2022-04-03 5:00:00,60+,Female,East,Neurology,Medication,Routine,1.8,64046
2215,2022-04-03 6:00:00,46-60,Female,North,Neurology,Surgery,Routine,4.5,67640
2216,2022-04-03 7:00:00,31-45,Female,West,Cardiology,Therapy,Routine,4.4,43971
2217,2022-04-03 8:00:00,46-60,Female,North,General Medicine,Observation,Routine,3.4,25145
2218,2022-04-03 9:00:00,31-45,Female,South,Neurology,Medication,Routine,4.3,75636
2219,2022-04-03 10:00:00,60+,Male,West,Orthopedics,Therapy,Emergency,1.7,32601
2220,2022-04-03 11:00:00,18-30,Male,North,Orthopedics,Surgery,Emergency,5.5,60424
2221,2022-04-03 12:00:00,46-60,Female,East,Orthopedics,Medication,Routine,2,52360
2222,2022-04-03 13:00:00,31-45,Male,East,Pediatrics,Medication,Routine,2.8,58249
2223,2022-04-03 14:00:00,18-30,Male,North,General Medicine,Medication,Emergency,5.3,88025
2224,2022-04-03 15:00:00,18-30,Male,North,Cardiology,Therapy,Emergency,6.4,115766
2225,2022-04-03 16:00:00,18-30,Female,North,Cardiology,Medication,Routine,7.2,22331
2226,2022-04-03 17:00:00,31-45,Female,South,General Medicine,Medication,Emergency,6.1,74678
2227,2022-04-03 18:00:00,31-45,Female,South,Pediatrics,Surgery,Emergency,3.4,51875
2228,2022-04-03 19:00:00,31-45,Female,East,General Medicine,Medication,Routine,0.9,75957
2229,2022-04-03 20:00:00,31-45,Female,South,Pediatrics,Therapy,Routine,6.8,74145
2230,2022-04-03 21:00:00,31-45,Male,South,Neurology,Surgery,Emergency,6.7,83195
2231,2022-04-03 22:00:00,46-60,Female,West,Neurology,Observation,Routine,2.7,60699
2232,2022-04-03 23:00:00,18-30,Male,South,Pediatrics,Surgery,Emergency,5.8,37208
2233,2022-04-04 0:00:00,60+,Female,West,General Medicine,Medication,Emergency,3.3,73553
2234,2022-04-04 1:00:00,60+,Male,South,Neurology,Observation,Emergency,7,57360
2235,2022-04-04 2:00:00,46-60,Female,East,General Medicine,Surgery,Routine,3,50323
2236,2022-04-04 3:00:00,31-45,Female,North,Neurology,Medication,Routine,8,45476
2237,2022-04-04 4:00:00,60+,Female,East,General Medicine,Surgery,Routine,5.6,75127
2238,2022-04-04 5:00:00,18-30,Female,South,General Medicine,Therapy,Emergency,7.6,87067
2239,2022-04-04 6:00:00,18-30,Female,North,Orthopedics,Medication,Emergency,3.1,31093
2240,2022-04-04 7:00:00,18-30,Female,North,Pediatrics,Therapy,Routine,4.8,67439
2241,2022-04-04 8:00:00,46-60,Male,North,Cardiology,Medication,Routine,2.1,47552
2242,2022-04-04 9:00:00,18-30,Female,West,Pediatrics,Therapy,Emergency,5.7,25655
2243,2022-04-04 10:00:00,31-45,Male,East,General Medicine,Observation,Emergency,5.8,57954
2244,2022-04-04 11:00:00,60+,Female,West,General Medicine,Therapy,Routine,8.8,38337
2245,2022-04-04 12:00:00,60+,Male,North,Pediatrics,Surgery,Routine,5,23445
2246,2022-04-04 13:00:00,31-45,Male,East,General Medicine,Medication,Emergency,5.4,39365
2247,2022-04-04 14:00:00,18-30,Male,East,Neurology,Surgery,Emergency,3.1,34445
2248,2022-04-04 15:00:00,46-60,Male,South,General Medicine,Therapy,Emergency,5.1,42066
2249,2022-04-04 16:00:00,31-45,Male,West,Pediatrics,Medication,Routine,3.2,28482
2250,2022-04-04 17:00:00,18-30,Male,West,Pediatrics,Therapy,Routine,4.2,47097
2251,2022-04-04 18:00:00,18-30,Female,South,Pediatrics,Observation,Routine,4.3,40735
2252,2022-04-04 19:00:00,60+,Male,West,Orthopedics,Observation,Emergency,3.3,62512
2253,2022-04-04 20:00:00,46-60,Female,North,Orthopedics,Observation,Emergency,4.1,66871
2254,2022-04-04 21:00:00,46-60,Female,North,Orthopedics,Therapy,Emergency,3.2,60203
2255,2022-04-04 22:00:00,60+,Male,West,Orthopedics,Therapy,Routine,3.2,50291
2256,2022-04-04 23:00:00,31-45,Male,South,Orthopedics,Observation,Emergency,6.2,49751
2257,2022-04-05 0:00:00,31-45,Female,East,Orthopedics,Therapy,Routine,4.4,38259
2258,2022-04-05 1:00:00,31-45,Male,West,Orthopedics,Surgery,Routine,4.7,38740
2259,2022-04-05 2:00:00,31-45,Male,East,Pediatrics,Therapy,Routine,1.1,69072
2260,2022-04-05 3:00:00,31-45,Male,South,Cardiology,Surgery,Emergency,4.8,19806
2261,2022-04-05 4:00:00,46-60,Male,East,Orthopedics,Observation,Emergency,5.1,53386
2262,2022-04-05 5:00:00,46-60,Male,South,Pediatrics,Therapy,Routine,3.2,48529
2263,2022-04-05 6:00:00,60+,Male,South,Cardiology,Observation,Routine,8.2,66983
2264,2022-04-05 7:00:00,31-45,Male,North,Orthopedics,Medication,Emergency,0.6,26500
2265,2022-04-05 8:00:00,46-60,Female,North,Cardiology,Therapy,Routine,5.6,55250
2266,2022-04-05 9:00:00,46-60,Male,South,Cardiology,Therapy,Emergency,5.4,61860
2267,2022-04-05 10:00:00,31-45,Female,West,Neurology,Observation,Routine,5.1,16905
2268,2022-04-05 11:00:00,46-60,Female,North,General Medicine,Observation,Routine,4.4,33513
2269,2022-04-05 12:00:00,18-30,Female,South,Neurology,Observation,Routine,5.1,53164
2270,2022-04-05 13:00:00,31-45,Female,East,Cardiology,Medication,Routine,5.7,65283
2271,2022-04-05 14:00:00,18-30,Male,East,Pediatrics,Medication,Routine,2.5,58650
2272,2022-04-05 15:00:00,31-45,Female,West,Orthopedics,Observation,Routine,4.6,66209
2273,2022-04-05 16:00:00,31-45,Female,East,General Medicine,Therapy,Routine,3.6,33413
2274,2022-04-05 17:00:00,46-60,Female,East,Orthopedics,Therapy,Routine,1.8,23225
2275,2022-04-05 18:00:00,60+,Female,South,Pediatrics,Observation,Emergency,5.4,56690
2276,2022-04-05 19:00:00,46-60,Female,East,General Medicine,Surgery,Routine,2.9,30413
2277,2022-04-05 20:00:00,46-60,Male,East,Neurology,Medication,Routine,1,37694
2278,2022-04-05 21:00:00,31-45,Male,East,Cardiology,Medication,Emergency,2.9,73646
2279,2022-04-05 22:00:00,46-60,Female,East,Pediatrics,Surgery,Routine,2.4,58782
2280,2022-04-05 23:00:00,18-30,Male,South,Cardiology,Observation,Routine,6.1,43637
2281,2022-04-06 0:00:00,31-45,Male,East,Cardiology,Therapy,Emergency,4.3,41039
2282,2022-04-06 1:00:00,31-45,Female,West,Orthopedics,Therapy,Emergency,6.8,67418
2283,2022-04-06 2:00:00,31-45,Female,North,Pediatrics,Medication,Emergency,2.7,59239
2284,2022-04-06 3:00:00,18-30,Female,West,Cardiology,Surgery,Routine,5.7,30709
2285,2022-04-06 4:00:00,18-30,Male,North,Neurology,Therapy,Emergency,9.7,16044
2286,2022-04-06 5:00:00,31-45,Female,West,General Medicine,Medication,Routine,4.7,92636
2287,2022-04-06 6:00:00,60+,Male,North,Pediatrics,Therapy,Routine,5.7,30550
2288,2022-04-06 7:00:00,31-45,Male,North,Orthopedics,Therapy,Emergency,5.4,65554
2289,2022-04-06 8:00:00,31-45,Male,North,Pediatrics,Therapy,Routine,1.2,85214
2290,2022-04-06 9:00:00,18-30,Female,North,Orthopedics,Medication,Emergency,5.2,57952
2291,2022-04-06 10:00:00,46-60,Male,South,General Medicine,Surgery,Routine,4.6,42991
2292,2022-04-06 11:00:00,31-45,Female,West,Neurology,Observation,Routine,3.5,26479
2293,2022-04-06 12:00:00,18-30,Female,North,Cardiology,Surgery,Emergency,2.2,26200
2294,2022-04-06 13:00:00,31-45,Female,West,Pediatrics,Therapy,Routine,5.4,62534
2295,2022-04-06 14:00:00,18-30,Female,East,Orthopedics,Surgery,Emergency,2.1,84020
2296,2022-04-06 15:00:00,18-30,Female,North,General Medicine,Therapy,Emergency,8.3,47091
2297,2022-04-06 16:00:00,18-30,Male,West,Cardiology,Medication,Emergency,4.2,43886
2298,2022-04-06 17:00:00,18-30,Male,South,General Medicine,Medication,Routine,1.6,68950
2299,2022-04-06 18:00:00,18-30,Male,West,Neurology,Medication,Routine,3,41281
2300,2022-04-06 19:00:00,31-45,Male,North,Cardiology,Therapy,Emergency,3.4,60490
2301,2022-04-06 20:00:00,46-60,Male,East,Cardiology,Surgery,Emergency,8.8,55836
2302,2022-04-06 21:00:00,31-45,Female,West,Cardiology,Observation,Routine,2.2,46811
2303,2022-04-06 22:00:00,31-45,Female,East,Orthopedics,Observation,Emergency,3.8,54689
2304,2022-04-06 23:00:00,31-45,Male,South,Cardiology,Medication,Routine,2.9,90263
2305,2022-04-07 0:00:00,60+,Male,West,General Medicine,Observation,Emergency,5,67091
2306,2022-04-07 1:00:00,31-45,Male,West,Orthopedics,Therapy,Routine,3,76850
2307,2022-04-07 2:00:00,18-30,Female,South,Cardiology,Surgery,Routine,1.7,36626
2308,2022-04-07 3:00:00,46-60,Female,South,General Medicine,Observation,Routine,3.6,76919
2309,2022-04-07 4:00:00,18-30,Female,South,General Medicine,Observation,Routine,3.4,67780
2310,2022-04-07 5:00:00,31-45,Male,North,Pediatrics,Surgery,Emergency,2.8,25008
2311,2022-04-07 6:00:00,31-45,Male,North,General Medicine,Observation,Routine,2.9,65796
2312,2022-04-07 7:00:00,60+,Male,West,Neurology,Surgery,Emergency,6.4,44735
2313,2022-04-07 8:00:00,31-45,Male,West,Cardiology,Therapy,Routine,3.4,24084
2314,2022-04-07 9:00:00,46-60,Female,West,Cardiology,Therapy,Routine,1.7,57596
2315,2022-04-07 10:00:00,60+,Male,East,Cardiology,Therapy,Routine,3.1,65781
2316,2022-04-07 11:00:00,18-30,Male,South,General Medicine,Medication,Routine,4.1,58032
2317,2022-04-07 12:00:00,31-45,Male,West,General Medicine,Therapy,Routine,1.3,52817
2318,2022-04-07 13:00:00,31-45,Female,South,Cardiology,Observation,Routine,7.3,48388
2319,2022-04-07 14:00:00,31-45,Female,North,Orthopedics,Medication,Emergency,5.7,104332
2320,2022-04-07 15:00:00,31-45,Male,South,Orthopedics,Medication,Routine,6.9,31349
2321,2022-04-07 16:00:00,60+,Female,East,Neurology,Medication,Routine,4.8,72458
2322,2022-04-07 17:00:00,46-60,Female,East,Pediatrics,Therapy,Emergency,0.2,55308
2323,2022-04-07 18:00:00,46-60,Female,South,Neurology,Medication,Routine,7.1,37911
2324,2022-04-07 19:00:00,31-45,Female,East,Cardiology,Therapy,Routine,2.3,54032
2325,2022-04-07 20:00:00,46-60,Female,East,Cardiology,Therapy,Routine,2.4,27141
2326,2022-04-07 21:00:00,60+,Male,North,Cardiology,Medication,Routine,4.3,43090
2327,2022-04-07 22:00:00,46-60,Male,West,Pediatrics,Medication,Routine,6.8,54061
2328,2022-04-07 23:00:00,18-30,Male,East,General Medicine,Observation,Routine,6.1,23978
2329,2022-04-08 0:00:00,46-60,Female,West,Pediatrics,Medication,Emergency,5.8,65128
2330,2022-04-08 1:00:00,18-30,Female,South,Neurology,Therapy,Emergency,3.4,35725
2331,2022-04-08 2:00:00,31-45,Female,South,General Medicine,Observation,Routine,3.3,25966
2332,2022-04-08 3:00:00,18-30,Female,East,General Medicine,Observation,Emergency,4.7,33392
2333,2022-04-08 4:00:00,46-60,Male,South,Neurology,Therapy,Routine,3.7,98519
2334,2022-04-08 5:00:00,46-60,Male,North,General Medicine,Medication,Routine,5.8,15439
2335,2022-04-08 6:00:00,18-30,Male,East,Orthopedics,Medication,Routine,5.7,63722
2336,2022-04-08 7:00:00,31-45,Male,East,Neurology,Surgery,Routine,5.2,39967
2337,2022-04-08 8:00:00,31-45,Male,East,Neurology,Medication,Routine,1.1,47997
2338,2022-04-08 9:00:00,31-45,Male,South,Orthopedics,Surgery,Routine,4.3,67079
2339,2022-04-08 10:00:00,18-30,Female,South,Pediatrics,Observation,Emergency,3.8,66096
2340,2022-04-08 11:00:00,31-45,Female,East,Pediatrics,Observation,Emergency,4.3,41386
2341,2022-04-08 12:00:00,46-60,Male,West,Pediatrics,Observation,Routine,2.5,27844
2342,2022-04-08 13:00:00,18-30,Female,South,General Medicine,Surgery,Emergency,1.4,67443
2343,2022-04-08 14:00:00,18-30,Male,South,Orthopedics,Therapy,Emergency,4.9,66048
2344,2022-04-08 15:00:00,31-45,Male,East,Neurology,Therapy,Routine,3.3,49301
2345,2022-04-08 16:00:00,60+,Female,West,Neurology,Observation,Routine,5.1,63839
2346,2022-04-08 17:00:00,46-60,Male,East,Neurology,Surgery,Routine,2.7,46083
2347,2022-04-08 18:00:00,46-60,Male,South,General Medicine,Surgery,Routine,6.8,38459
2348,2022-04-08 19:00:00,31-45,Male,East,General Medicine,Observation,Routine,6,55079
2349,2022-04-08 20:00:00,31-45,Female,East,Pediatrics,Medication,Routine,4.6,65381
2350,2022-04-08 21:00:00,18-30,Female,East,General Medicine,Observation,Routine,3.6,61185
2351,2022-04-08 22:00:00,46-60,Female,West,Pediatrics,Surgery,Routine,5.7,65183
2352,2022-04-08 23:00:00,60+,Female,East,Pediatrics,Medication,Routine,4.8,39788
2353,2022-04-09 0:00:00,46-60,Male,South,Neurology,Therapy,Routine,4.5,86638
2354,2022-04-09 1:00:00,60+,Female,East,General Medicine,Medication,Routine,6.1,48152
2355,2022-04-09 2:00:00,46-60,Female,West,Pediatrics,Therapy,Routine,6.9,52622
2356,2022-04-09 3:00:00,18-30,Female,North,Orthopedics,Surgery,Routine,1.5,28627
2357,2022-04-09 4:00:00,60+,Male,West,Orthopedics,Observation,Emergency,1.9,51123
2358,2022-04-09 5:00:00,18-30,Female,East,General Medicine,Observation,Routine,2.4,65645
2359,2022-04-09 6:00:00,31-45,Female,North,Neurology,Observation,Routine,1,70250
2360,2022-04-09 7:00:00,18-30,Male,East,Neurology,Observation,Routine,3.9,86239
2361,2022-04-09 8:00:00,18-30,Male,West,Pediatrics,Observation,Emergency,5.2,65405
2362,2022-04-09 9:00:00,31-45,Male,North,General Medicine,Surgery,Emergency,4,60538
2363,2022-04-09 10:00:00,31-45,Male,North,Orthopedics,Surgery,Routine,2.9,46074
2364,2022-04-09 11:00:00,31-45,Female,East,Pediatrics,Observation,Routine,6.3,41765
2365,2022-04-09 12:00:00,31-45,Male,East,Pediatrics,Medication,Routine,4.3,74405
2366,2022-04-09 13:00:00,18-30,Female,West,Cardiology,Observation,Routine,4.7,74021
2367,2022-04-09 14:00:00,18-30,Female,East,General Medicine,Therapy,Emergency,6.3,33460
2368,2022-04-09 15:00:00,31-45,Female,North,Pediatrics,Therapy,Routine,3.8,69462
2369,2022-04-09 16:00:00,31-45,Female,South,Orthopedics,Therapy,Routine,8.1,68008
2370,2022-04-09 17:00:00,46-60,Female,South,Cardiology,Therapy,Routine,3.1,32724
2371,2022-04-09 18:00:00,46-60,Male,West,Orthopedics,Observation,Routine,8,65809
2372,2022-04-09 19:00:00,46-60,Female,East,Neurology,Therapy,Emergency,2.1,34009
2373,2022-04-09 20:00:00,46-60,Female,West,Cardiology,Medication,Routine,5,6414
2374,2022-04-09 21:00:00,31-45,Female,South,Cardiology,Observation,Emergency,2.7,51798
2375,2022-04-09 22:00:00,46-60,Male,South,Pediatrics,Therapy,Routine,6.2,60156
2376,2022-04-09 23:00:00,31-45,Female,East,Neurology,Observation,Routine,3,52699
2377,2022-04-10 0:00:00,31-45,Female,North,Pediatrics,Observation,Routine,4.6,112342
2378,2022-04-10 1:00:00,46-60,Male,East,General Medicine,Observation,Routine,2.7,62577
2379,2022-04-10 2:00:00,31-45,Female,South,Orthopedics,Surgery,Routine,5.9,57943
2380,2022-04-10 3:00:00,46-60,Female,North,Orthopedics,Therapy,Routine,2.7,63592
2381,2022-04-10 4:00:00,46-60,Male,West,Pediatrics,Surgery,Emergency,7.4,46174
2382,2022-04-10 5:00:00,60+,Female,South,Orthopedics,Medication,Routine,2,73590
2383,2022-04-10 6:00:00,60+,Female,West,Orthopedics,Medication,Routine,1.3,62220
2384,2022-04-10 7:00:00,31-45,Female,North,General Medicine,Surgery,Routine,5.9,61303
2385,2022-04-10 8:00:00,31-45,Female,West,Neurology,Therapy,Routine,2.8,42518
2386,2022-04-10 9:00:00,31-45,Female,South,Cardiology,Observation,Emergency,4,23713
2387,2022-04-10 10:00:00,31-45,Male,East,Pediatrics,Medication,Routine,3.4,44972
2388,2022-04-10 11:00:00,46-60,Male,West,Pediatrics,Medication,Emergency,1.4,60653
2389,2022-04-10 12:00:00,46-60,Male,South,General Medicine,Medication,Routine,3.8,46106
2390,2022-04-10 13:00:00,46-60,Female,South,General Medicine,Therapy,Emergency,6.5,60835
2391,2022-04-10 14:00:00,31-45,Female,North,Cardiology,Surgery,Emergency,6,50353
2392,2022-04-10 15:00:00,18-30,Female,South,Neurology,Surgery,Emergency,4.5,63612
2393,2022-04-10 16:00:00,31-45,Male,East,Pediatrics,Therapy,Routine,6.2,35464
2394,2022-04-10 17:00:00,18-30,Female,East,General Medicine,Medication,Routine,1.9,58858
2395,2022-04-10 18:00:00,60+,Female,West,Pediatrics,Therapy,Routine,3.3,42181
2396,2022-04-10 19:00:00,31-45,Female,West,Orthopedics,Therapy,Routine,4.8,24234
2397,2022-04-10 20:00:00,18-30,Male,West,Pediatrics,Surgery,Routine,3.7,51697
2398,2022-04-10 21:00:00,18-30,Male,West,Neurology,Therapy,Emergency,3.5,85726
2399,2022-04-10 22:00:00,46-60,Female,East,Neurology,Therapy,Routine,1.6,25828
2400,2022-04-10 23:00:00,46-60,Female,North,Pediatrics,Medication,Emergency,0.2,57388
2401,2022-04-11 0:00:00,31-45,Female,West,Orthopedics,Observation,Routine,5.6,70952
2402,2022-04-11 1:00:00,18-30,Male,North,Neurology,Medication,Emergency,4.5,101001
2403,2022-04-11 2:00:00,31-45,Male,South,General Medicine,Surgery,Routine,5.8,45141
2404,2022-04-11 3:00:00,31-45,Male,South,Pediatrics,Observation,Routine,3.1,42360
2405,2022-04-11 4:00:00,46-60,Female,West,Orthopedics,Medication,Emergency,2.6,31666
2406,2022-04-11 5:00:00,46-60,Male,South,General Medicine,Therapy,Routine,4,77810
2407,2022-04-11 6:00:00,31-45,Female,North,Pediatrics,Therapy,Emergency,5.7,37652
2408,2022-04-11 7:00:00,18-30,Female,North,Orthopedics,Observation,Routine,3.5,47588
2409,2022-04-11 8:00:00,60+,Male,South,General Medicine,Observation,Routine,5.6,18021
2410,2022-04-11 9:00:00,31-45,Female,West,Neurology,Therapy,Emergency,2,72679
2411,2022-04-11 10:00:00,46-60,Male,North,Pediatrics,Surgery,Routine,3.7,78165
2412,2022-04-11 11:00:00,18-30,Female,North,Pediatrics,Medication,Emergency,3.9,71916
2413,2022-04-11 12:00:00,31-45,Female,East,Neurology,Therapy,Routine,6.5,22893
2414,2022-04-11 13:00:00,18-30,Male,West,Cardiology,Medication,Emergency,4.4,67143
2415,2022-04-11 14:00:00,31-45,Female,East,General Medicine,Medication,Routine,7.5,21547
2416,2022-04-11 15:00:00,60+,Female,South,Neurology,Medication,Routine,1.3,56161
2417,2022-04-11 16:00:00,31-45,Female,South,Pediatrics,Medication,Routine,4.3,59102
2418,2022-04-11 17:00:00,18-30,Female,East,General Medicine,Surgery,Routine,4.4,61204
2419,2022-04-11 18:00:00,18-30,Female,West,General Medicine,Surgery,Routine,5.2,65693
2420,2022-04-11 19:00:00,31-45,Female,North,Cardiology,Surgery,Routine,2.4,54839
2421,2022-04-11 20:00:00,18-30,Female,South,Pediatrics,Therapy,Routine,7.4,15751
2422,2022-04-11 21:00:00,18-30,Female,West,Orthopedics,Therapy,Routine,4,65702
2423,2022-04-11 22:00:00,46-60,Male,West,Cardiology,Therapy,Routine,1.8,56952
2424,2022-04-11 23:00:00,31-45,Male,South,Cardiology,Surgery,Routine,4,36948
2425,2022-04-12 0:00:00,31-45,Female,South,Orthopedics,Medication,Routine,3.4,23612
2426,2022-04-12 1:00:00,60+,Female,West,Orthopedics,Surgery,Routine,9.6,85800
2427,2022-04-12 2:00:00,18-30,Male,North,Cardiology,Therapy,Routine,6.1,79626
2428,2022-04-12 3:00:00,60+,Female,East,General Medicine,Observation,Emergency,4.1,69119
2429,2022-04-12 4:00:00,31-45,Male,South,Neurology,Therapy,Routine,3.8,41474
2430,2022-04-12 5:00:00,60+,Male,East,Neurology,Medication,Emergency,5.9,4660
2431,2022-04-12 6:00:00,46-60,Male,West,Cardiology,Surgery,Routine,6,70294
2432,2022-04-12 7:00:00,46-60,Female,East,General Medicine,Observation,Emergency,1.8,62334
2433,2022-04-12 8:00:00,60+,Female,North,Orthopedics,Observation,Routine,5.3,47507
2434,2022-04-12 9:00:00,31-45,Female,West,Cardiology,Medication,Routine,4.1,77496
2435,2022-04-12 10:00:00,60+,Male,North,Pediatrics,Surgery,Emergency,1.4,71960
2436,2022-04-12 11:00:00,31-45,Male,West,General Medicine,Observation,Emergency,5.8,58522
2437,2022-04-12 12:00:00,31-45,Male,North,Pediatrics,Therapy,Routine,8.5,55701
2438,2022-04-12 13:00:00,31-45,Female,West,Pediatrics,Medication,Routine,5.1,56019
2439,2022-04-12 14:00:00,31-45,Male,North,Cardiology,Observation,Routine,6.2,68599
2440,2022-04-12 15:00:00,18-30,Male,West,General Medicine,Medication,Routine,7.6,37850
2441,2022-04-12 16:00:00,31-45,Female,North,Pediatrics,Surgery,Emergency,2.3,63520
2442,2022-04-12 17:00:00,31-45,Male,West,General Medicine,Surgery,Routine,0.3,36588
2443,2022-04-12 18:00:00,46-60,Male,North,Neurology,Surgery,Routine,5.3,81731
2444,2022-04-12 19:00:00,46-60,Female,South,Pediatrics,Therapy,Routine,3.5,65643
2445,2022-04-12 20:00:00,31-45,Female,East,Pediatrics,Observation,Routine,1.3,41235
2446,2022-04-12 21:00:00,31-45,Male,West,General Medicine,Surgery,Routine,3.8,56612
2447,2022-04-12 22:00:00,31-45,Female,North,Neurology,Therapy,Emergency,5.5,37924
2448,2022-04-12 23:00:00,18-30,Male,South,Pediatrics,Surgery,Routine,3.7,85082
2449,2022-04-13 0:00:00,18-30,Female,West,Cardiology,Surgery,Emergency,2.4,87458
2450,2022-04-13 1:00:00,31-45,Male,West,General Medicine,Observation,Routine,3.6,68924
2451,2022-04-13 2:00:00,31-45,Female,West,General Medicine,Therapy,Routine,4,86133
2452,2022-04-13 3:00:00,60+,Male,East,Pediatrics,Surgery,Routine,0.1,58036
2453,2022-04-13 4:00:00,31-45,Female,North,Neurology,Therapy,Routine,3.7,70270
2454,2022-04-13 5:00:00,31-45,Female,North,Pediatrics,Therapy,Emergency,1.3,79494
2455,2022-04-13 6:00:00,31-45,Female,West,Orthopedics,Surgery,Routine,5.3,54885
2456,2022-04-13 7:00:00,18-30,Female,West,Pediatrics,Surgery,Routine,0.9,56422
2457,2022-04-13 8:00:00,31-45,Female,West,Orthopedics,Medication,Routine,6,73673
2458,2022-04-13 9:00:00,46-60,Female,South,Cardiology,Observation,Routine,3.2,67930
2459,2022-04-13 10:00:00,31-45,Female,West,General Medicine,Surgery,Emergency,2.9,39891
2460,2022-04-13 11:00:00,31-45,Male,East,General Medicine,Medication,Routine,4.6,11263
2461,2022-04-13 12:00:00,60+,Male,North,Neurology,Observation,Emergency,2.3,51489
2462,2022-04-13 13:00:00,60+,Female,East,Pediatrics,Surgery,Routine,4.6,13062
2463,2022-04-13 14:00:00,46-60,Female,West,Cardiology,Therapy,Routine,2.5,35180
2464,2022-04-13 15:00:00,31-45,Male,South,Orthopedics,Observation,Routine,2.9,37514
2465,2022-04-13 16:00:00,46-60,Male,West,Neurology,Therapy,Emergency,4.8,43627
2466,2022-04-13 17:00:00,18-30,Female,West,Cardiology,Medication,Emergency,1.7,71409
2467,2022-04-13 18:00:00,31-45,Male,West,Cardiology,Surgery,Routine,1.5,75754
2468,2022-04-13 19:00:00,18-30,Male,West,Orthopedics,Medication,Routine,4.5,65175
2469,2022-04-13 20:00:00,31-45,Female,West,Orthopedics,Surgery,Routine,3.9,67650
2470,2022-04-13 21:00:00,31-45,Female,North,General Medicine,Surgery,Routine,4.3,68122
2471,2022-04-13 22:00:00,18-30,Female,East,Pediatrics,Therapy,Routine,4.7,5063
2472,2022-04-13 23:00:00,60+,Male,South,Neurology,Medication,Routine,4.1,55204
2473,2022-04-14 0:00:00,60+,Female,West,Pediatrics,Therapy,Routine,5.2,19071
2474,2022-04-14 1:00:00,46-60,Female,South,Neurology,Therapy,Routine,4.2,65183
2475,2022-04-14 2:00:00,31-45,Male,North,Cardiology,Therapy,Routine,0,13138
2476,2022-04-14 3:00:00,60+,Female,East,Orthopedics,Medication,Emergency,0.5,51391
2477,2022-04-14 4:00:00,18-30,Male,West,Orthopedics,Surgery,Routine,7.9,65955
2478,2022-04-14 5:00:00,46-60,Male,North,Cardiology,Surgery,Emergency,4,32645
2479,2022-04-14 6:00:00,18-30,Male,North,Cardiology,Medication,Routine,5.9,74234
2480,2022-04-14 7:00:00,46-60,Male,East,Neurology,Surgery,Routine,3.3,65132
2481,2022-04-14 8:00:00,31-45,Male,West,Cardiology,Medication,Routine,3.9,62616
2482,2022-04-14 9:00:00,60+,Male,East,Neurology,Medication,Routine,3.1,68960
2483,2022-04-14 10:00:00,60+,Female,East,Pediatrics,Surgery,Routine,8.9,47816
2484,2022-04-14 11:00:00,18-30,Female,South,Orthopedics,Observation,Routine,4.5,58038
2485,2022-04-14 12:00:00,31-45,Female,South,Orthopedics,Therapy,Emergency,2.9,55201
2486,2022-04-14 13:00:00,60+,Male,East,Orthopedics,Medication,Routine,0.7,54749
2487,2022-04-14 14:00:00,31-45,Female,South,Pediatrics,Medication,Emergency,7.9,41559
2488,2022-04-14 15:00:00,60+,Male,North,Pediatrics,Observation,Routine,3.7,30149
2489,2022-04-14 16:00:00,31-45,Female,East,General Medicine,Medication,Routine,5.5,48263
2490,2022-04-14 17:00:00,31-45,Male,West,Neurology,Medication,Routine,5.7,47161
2491,2022-04-14 18:00:00,31-45,Female,West,Neurology,Surgery,Emergency,3.1,40265
2492,2022-04-14 19:00:00,18-30,Male,North,General Medicine,Surgery,Routine,5.3,72041
2493,2022-04-14 20:00:00,46-60,Female,West,Orthopedics,Observation,Emergency,2.8,31556
2494,2022-04-14 21:00:00,31-45,Male,West,Neurology,Medication,Routine,2,51570
2495,2022-04-14 22:00:00,31-45,Female,East,Neurology,Therapy,Emergency,6.3,78327
2496,2022-04-14 23:00:00,31-45,Male,North,Orthopedics,Surgery,Routine,3.7,73183
2497,2022-04-15 0:00:00,31-45,Female,East,Cardiology,Therapy,Routine,5,79326
2498,2022-04-15 1:00:00,60+,Female,North,Cardiology,Therapy,Routine,4.8,43184
2499,2022-04-15 2:00:00,60+,Female,East,General Medicine,Observation,Routine,5.3,70686
2500,2022-04-15 3:00:00,31-45,Male,East,Pediatrics,Observation,Routine,0.9,33741
2501,2022-04-15 4:00:00,46-60,Male,South,Neurology,Medication,Routine,2.8,49483
2502,2022-04-15 5:00:00,46-60,Male,West,Neurology,Observation,Routine,3.4,51365
2503,2022-04-15 6:00:00,31-45,Male,North,General Medicine,Surgery,Routine,2.3,43483
2504,2022-04-15 7:00:00,60+,Male,West,General Medicine,Medication,Routine,4.9,47764
2505,2022-04-15 8:00:00,18-30,Female,South,Neurology,Medication,Routine,6.4,45132
2506,2022-04-15 9:00:00,18-30,Male,North,Orthopedics,Therapy,Routine,6.7,35352
2507,2022-04-15 10:00:00,60+,Female,South,Orthopedics,Therapy,Emergency,3.3,72128
2508,2022-04-15 11:00:00,31-45,Female,West,Pediatrics,Therapy,Emergency,4.6,51351
2509,2022-04-15 12:00:00,46-60,Male,East,Neurology,Medication,Routine,4.9,59029
2510,2022-04-15 13:00:00,60+,Female,South,Neurology,Observation,Emergency,5.2,58276
2511,2022-04-15 14:00:00,18-30,Male,South,Neurology,Observation,Routine,2.2,56095
2512,2022-04-15 15:00:00,60+,Male,East,Neurology,Observation,Routine,7.6,56856
2513,2022-04-15 16:00:00,31-45,Male,West,General Medicine,Medication,Routine,5.9,48892
2514,2022-04-15 17:00:00,31-45,Female,South,Cardiology,Medication,Emergency,5.9,83368
2515,2022-04-15 18:00:00,46-60,Male,West,Neurology,Medication,Routine,6.4,70215
2516,2022-04-15 19:00:00,60+,Male,East,Cardiology,Medication,Emergency,5.1,55368
2517,2022-04-15 20:00:00,18-30,Male,North,Orthopedics,Medication,Emergency,1.9,46059
2518,2022-04-15 21:00:00,31-45,Female,South,Pediatrics,Observation,Routine,3.7,52624
2519,2022-04-15 22:00:00,46-60,Male,West,Orthopedics,Medication,Routine,0.7,63352
2520,2022-04-15 23:00:00,46-60,Female,East,Neurology,Observation,Routine,4.8,84999
2521,2022-04-16 0:00:00,46-60,Female,East,Orthopedics,Medication,Routine,3.7,27539
2522,2022-04-16 1:00:00,18-30,Male,South,General Medicine,Observation,Routine,3.9,68195
2523,2022-04-16 2:00:00,31-45,Female,North,Cardiology,Surgery,Routine,6.4,77534
2524,2022-04-16 3:00:00,31-45,Female,South,Neurology,Surgery,Routine,3.1,25266
2525,2022-04-16 4:00:00,46-60,Male,West,General Medicine,Observation,Routine,3.5,51377
2526,2022-04-16 5:00:00,31-45,Male,East,Cardiology,Surgery,Routine,4,33710
2527,2022-04-16 6:00:00,18-30,Male,North,General Medicine,Surgery,Routine,0.3,63611
2528,2022-04-16 7:00:00,60+,Female,West,Orthopedics,Observation,Routine,3.5,47833
2529,2022-04-16 8:00:00,18-30,Male,South,Neurology,Medication,Routine,1,52397
2530,2022-04-16 9:00:00,60+,Female,East,Orthopedics,Medication,Routine,2.8,46779
2531,2022-04-16 10:00:00,46-60,Female,South,Pediatrics,Observation,Emergency,5.7,69403
2532,2022-04-16 11:00:00,46-60,Female,North,Neurology,Therapy,Routine,4.9,59581
2533,2022-04-16 12:00:00,31-45,Female,North,Orthopedics,Therapy,Routine,2.8,59619
2534,2022-04-16 13:00:00,18-30,Female,North,Neurology,Surgery,Emergency,4.1,58212
2535,2022-04-16 14:00:00,46-60,Male,North,Cardiology,Therapy,Routine,1.9,66450
2536,2022-04-16 15:00:00,46-60,Male,North,Neurology,Surgery,Emergency,4,49761
2537,2022-04-16 16:00:00,46-60,Female,South,Neurology,Medication,Routine,9.9,89015
2538,2022-04-16 17:00:00,18-30,Female,North,Cardiology,Observation,Emergency,7.7,30304
2539,2022-04-16 18:00:00,46-60,Male,North,Orthopedics,Medication,Emergency,4.1,20482
2540,2022-04-16 19:00:00,46-60,Male,East,Neurology,Observation,Routine,4.3,18826
2541,2022-04-16 20:00:00,46-60,Female,North,General Medicine,Therapy,Routine,2,13408
2542,2022-04-16 21:00:00,46-60,Female,East,Neurology,Medication,Emergency,2.4,68463
2543,2022-04-16 22:00:00,46-60,Male,East,Orthopedics,Medication,Emergency,4.7,66027
2544,2022-04-16 23:00:00,46-60,Male,East,Cardiology,Surgery,Emergency,3,79156
2545,2022-04-17 0:00:00,18-30,Female,South,Orthopedics,Observation,Routine,5.8,33867
2546,2022-04-17 1:00:00,31-45,Male,South,Pediatrics,Therapy,Emergency,7.1,69909
2547,2022-04-17 2:00:00,18-30,Male,West,Neurology,Medication,Routine,4.7,56136
2548,2022-04-17 3:00:00,31-45,Female,West,Neurology,Observation,Routine,4.2,58332
2549,2022-04-17 4:00:00,31-45,Female,East,Cardiology,Therapy,Routine,0.6,67512
2550,2022-04-17 5:00:00,18-30,Female,South,Neurology,Medication,Routine,5.5,39874
2551,2022-04-17 6:00:00,31-45,Male,North,General Medicine,Observation,Routine,1.7,106745
2552,2022-04-17 7:00:00,18-30,Female,West,General Medicine,Surgery,Routine,3.2,81638
2553,2022-04-17 8:00:00,46-60,Male,South,Orthopedics,Medication,Routine,5.9,44366
2554,2022-04-17 9:00:00,60+,Female,North,Cardiology,Observation,Routine,6.1,33185
2555,2022-04-17 10:00:00,18-30,Female,North,Pediatrics,Therapy,Emergency,3.1,53242
2556,2022-04-17 11:00:00,60+,Male,South,Orthopedics,Therapy,Routine,3.2,58645
2557,2022-04-17 12:00:00,31-45,Male,West,Cardiology,Surgery,Routine,2.6,76312
2558,2022-04-17 13:00:00,31-45,Female,South,Cardiology,Medication,Routine,1.6,31626
2559,2022-04-17 14:00:00,18-30,Female,West,Orthopedics,Surgery,Routine,2.7,60710
2560,2022-04-17 15:00:00,31-45,Male,East,Orthopedics,Observation,Routine,0.8,24420
2561,2022-04-17 16:00:00,46-60,Female,South,Neurology,Therapy,Routine,5.4,63727
2562,2022-04-17 17:00:00,46-60,Male,South,Pediatrics,Surgery,Routine,4.8,52850
2563,2022-04-17 18:00:00,18-30,Male,West,General Medicine,Medication,Emergency,5.1,93734
2564,2022-04-17 19:00:00,18-30,Female,West,Neurology,Observation,Routine,2.1,24080
2565,2022-04-17 20:00:00,31-45,Male,South,Cardiology,Medication,Routine,1.6,82412
2566,2022-04-17 21:00:00,31-45,Male,North,Pediatrics,Surgery,Routine,4.1,20923
2567,2022-04-17 22:00:00,18-30,Male,North,Pediatrics,Therapy,Routine,4.1,28456
2568,2022-04-17 23:00:00,31-45,Female,North,Orthopedics,Therapy,Routine,3.7,21458
2569,2022-04-18 0:00:00,46-60,Male,East,Pediatrics,Surgery,Routine,3.4,60007
2570,2022-04-18 1:00:00,60+,Female,East,Pediatrics,Medication,Routine,7.4,31526
2571,2022-04-18 2:00:00,31-45,Female,West,Cardiology,Medication,Routine,4.9,28033
2572,2022-04-18 3:00:00,60+,Female,East,Neurology,Medication,Routine,7.9,59055
2573,2022-04-18 4:00:00,31-45,Male,North,Pediatrics,Medication,Routine,6.5,64036
2574,2022-04-18 5:00:00,31-45,Male,South,Orthopedics,Therapy,Emergency,7.4,55797
2575,2022-04-18 6:00:00,18-30,Female,East,Neurology,Medication,Routine,1.9,51756
2576,2022-04-18 7:00:00,46-60,Female,East,Orthopedics,Surgery,Routine,5.2,91578
2577,2022-04-18 8:00:00,60+,Male,North,Pediatrics,Surgery,Routine,3.1,57917
2578,2022-04-18 9:00:00,46-60,Female,East,Neurology,Surgery,Emergency,0.7,71114
2579,2022-04-18 10:00:00,31-45,Female,West,Pediatrics,Surgery,Emergency,7,57858
2580,2022-04-18 11:00:00,46-60,Male,South,Cardiology,Medication,Routine,3.4,33042
2581,2022-04-18 12:00:00,18-30,Female,North,Neurology,Therapy,Emergency,1.9,65998
2582,2022-04-18 13:00:00,60+,Male,West,Orthopedics,Observation,Routine,3.2,41884
2583,2022-04-18 14:00:00,31-45,Male,North,Cardiology,Medication,Emergency,2.4,53180
2584,2022-04-18 15:00:00,31-45,Female,West,General Medicine,Observation,Routine,2.6,61108
2585,2022-04-18 16:00:00,31-45,Male,South,Orthopedics,Therapy,Routine,3.6,16172
2586,2022-04-18 17:00:00,46-60,Male,South,Pediatrics,Medication,Routine,7.5,22810
2587,2022-04-18 18:00:00,18-30,Male,West,Orthopedics,Observation,Routine,2.7,73189
2588,2022-04-18 19:00:00,46-60,Female,West,General Medicine,Therapy,Routine,7.3,41725
2589,2022-04-18 20:00:00,18-30,Female,West,Orthopedics,Observation,Routine,5.7,42674
2590,2022-04-18 21:00:00,46-60,Female,West,Cardiology,Surgery,Routine,4.8,58329
2591,2022-04-18 22:00:00,46-60,Male,West,Orthopedics,Surgery,Routine,5.5,47287
2592,2022-04-18 23:00:00,46-60,Male,West,Neurology,Therapy,Routine,4,63352
2593,2022-04-19 0:00:00,31-45,Female,South,General Medicine,Therapy,Emergency,6.6,53978
2594,2022-04-19 1:00:00,31-45,Female,West,Orthopedics,Observation,Emergency,5.1,58972
2595,2022-04-19 2:00:00,18-30,Male,East,General Medicine,Therapy,Emergency,0.7,40963
2596,2022-04-19 3:00:00,46-60,Female,South,Cardiology,Surgery,Emergency,4.6,58872
2597,2022-04-19 4:00:00,31-45,Female,North,Neurology,Surgery,Routine,5.6,77102
2598,2022-04-19 5:00:00,31-45,Female,South,Pediatrics,Medication,Routine,3.4,43645
2599,2022-04-19 6:00:00,31-45,Female,North,Orthopedics,Observation,Routine,4.3,73306
2600,2022-04-19 7:00:00,18-30,Female,North,Cardiology,Therapy,Routine,2.8,53969
2601,2022-04-19 8:00:00,46-60,Male,East,General Medicine,Therapy,Routine,1.2,69690
2602,2022-04-19 9:00:00,18-30,Female,West,General Medicine,Therapy,Emergency,0.9,57575
2603,2022-04-19 10:00:00,46-60,Female,West,Cardiology,Observation,Routine,0.9,54332
2604,2022-04-19 11:00:00,31-45,Male,South,Orthopedics,Surgery,Emergency,5.3,61995
2605,2022-04-19 12:00:00,18-30,Male,West,Pediatrics,Therapy,Routine,1,79272
2606,2022-04-19 13:00:00,31-45,Male,East,Orthopedics,Therapy,Emergency,2.7,59722
2607,2022-04-19 14:00:00,18-30,Male,South,Neurology,Surgery,Routine,2.5,64571
2608,2022-04-19 15:00:00,31-45,Female,South,Orthopedics,Therapy,Routine,3.4,47630
2609,2022-04-19 16:00:00,46-60,Female,South,Neurology,Medication,Emergency,0.3,86418
2610,2022-04-19 17:00:00,18-30,Female,West,General Medicine,Surgery,Routine,4.8,67807
2611,2022-04-19 18:00:00,46-60,Female,West,Neurology,Surgery,Routine,1.5,56554
2612,2022-04-19 19:00:00,18-30,Male,West,Pediatrics,Surgery,Routine,6.3,52547
2613,2022-04-19 20:00:00,18-30,Male,South,Cardiology,Medication,Routine,2.8,74558
2614,2022-04-19 21:00:00,46-60,Female,South,Neurology,Surgery,Routine,3.8,42876
2615,2022-04-19 22:00:00,31-45,Female,North,Orthopedics,Observation,Routine,4,19342
2616,2022-04-19 23:00:00,18-30,Female,North,Neurology,Observation,Routine,4.5,56448
2617,2022-04-20 0:00:00,31-45,Female,West,General Medicine,Observation,Routine,4.1,78800
2618,2022-04-20 1:00:00,31-45,Male,South,Neurology,Surgery,Routine,3.1,86826
2619,2022-04-20 2:00:00,46-60,Female,West,Pediatrics,Surgery,Emergency,4.7,52854
2620,2022-04-20 3:00:00,31-45,Male,West,Neurology,Surgery,Emergency,4.9,55872
2621,2022-04-20 4:00:00,46-60,Male,North,Pediatrics,Medication,Routine,2.5,65391
2622,2022-04-20 5:00:00,60+,Male,East,Orthopedics,Observation,Routine,4.9,49713
2623,2022-04-20 6:00:00,31-45,Male,West,General Medicine,Therapy,Routine,6.4,65328
2624,2022-04-20 7:00:00,60+,Female,East,Cardiology,Therapy,Emergency,5.4,53292
2625,2022-04-20 8:00:00,31-45,Female,East,Orthopedics,Surgery,Emergency,5.9,75227
2626,2022-04-20 9:00:00,60+,Female,South,Orthopedics,Medication,Emergency,4.3,69460
2627,2022-04-20 10:00:00,18-30,Female,South,Cardiology,Surgery,Routine,2.1,71205
2628,2022-04-20 11:00:00,46-60,Male,West,Neurology,Therapy,Routine,2.4,50894
2629,2022-04-20 12:00:00,31-45,Male,North,Neurology,Observation,Routine,4.6,93519
2630,2022-04-20 13:00:00,31-45,Male,North,Neurology,Therapy,Routine,5.9,64678
2631,2022-04-20 14:00:00,46-60,Female,West,General Medicine,Observation,Routine,9.6,59946
2632,2022-04-20 15:00:00,46-60,Male,West,Orthopedics,Observation,Routine,6,39781
2633,2022-04-20 16:00:00,18-30,Male,North,Pediatrics,Medication,Emergency,1.7,53059
2634,2022-04-20 17:00:00,18-30,Male,East,Cardiology,Therapy,Routine,2.5,57288
2635,2022-04-20 18:00:00,46-60,Male,West,Orthopedics,Surgery,Emergency,8.6,39246
2636,2022-04-20 19:00:00,46-60,Female,East,Neurology,Medication,Routine,3.6,49154
2637,2022-04-20 20:00:00,60+,Male,West,Cardiology,Observation,Emergency,4.1,51684
2638,2022-04-20 21:00:00,46-60,Male,West,Pediatrics,Therapy,Emergency,2.1,56118
2639,2022-04-20 22:00:00,60+,Female,East,Orthopedics,Surgery,Emergency,7.1,19746
2640,2022-04-20 23:00:00,46-60,Female,East,Orthopedics,Medication,Emergency,5,52295
2641,2022-04-21 0:00:00,31-45,Female,North,General Medicine,Surgery,Emergency,2.5,47453
2642,2022-04-21 1:00:00,18-30,Male,West,Orthopedics,Therapy,Routine,2,54582
2643,2022-04-21 2:00:00,46-60,Male,South,Orthopedics,Surgery,Routine,4.6,75706
2644,2022-04-21 3:00:00,46-60,Male,South,Pediatrics,Medication,Routine,4.1,96048
2645,2022-04-21 4:00:00,18-30,Male,West,Pediatrics,Surgery,Emergency,5.7,68568
2646,2022-04-21 5:00:00,31-45,Female,West,Cardiology,Therapy,Emergency,5.1,30312
2647,2022-04-21 6:00:00,60+,Male,West,Neurology,Medication,Routine,3.5,48092
2648,2022-04-21 7:00:00,31-45,Male,East,Pediatrics,Observation,Routine,2.9,66919
2649,2022-04-21 8:00:00,31-45,Female,South,Cardiology,Medication,Routine,3.7,64666
2650,2022-04-21 9:00:00,31-45,Female,South,Orthopedics,Therapy,Emergency,2.9,74747
2651,2022-04-21 10:00:00,18-30,Female,South,Cardiology,Surgery,Routine,3.7,53053
2652,2022-04-21 11:00:00,31-45,Male,West,Cardiology,Observation,Routine,4,47730
2653,2022-04-21 12:00:00,31-45,Male,East,Cardiology,Observation,Routine,2.2,90048
2654,2022-04-21 13:00:00,18-30,Male,West,Cardiology,Surgery,Routine,5.3,56173
2655,2022-04-21 14:00:00,46-60,Male,North,Pediatrics,Therapy,Routine,3.3,34667
2656,2022-04-21 15:00:00,31-45,Male,North,Neurology,Medication,Routine,2.3,84503
2657,2022-04-21 16:00:00,46-60,Female,South,Cardiology,Therapy,Emergency,3.3,25078
2658,2022-04-21 17:00:00,60+,Female,West,General Medicine,Observation,Routine,4.5,14901
2659,2022-04-21 18:00:00,18-30,Male,North,Orthopedics,Medication,Routine,4.2,70388
2660,2022-04-21 19:00:00,46-60,Male,North,Orthopedics,Medication,Emergency,4.8,73214
2661,2022-04-21 20:00:00,31-45,Male,West,Orthopedics,Surgery,Emergency,5.8,63280
2662,2022-04-21 21:00:00,60+,Male,East,Orthopedics,Therapy,Emergency,6.6,28951
2663,2022-04-21 22:00:00,18-30,Male,West,Orthopedics,Medication,Routine,4.6,53823
2664,2022-04-21 23:00:00,46-60,Female,West,Cardiology,Surgery,Emergency,1.9,49437
2665,2022-04-22 0:00:00,46-60,Female,East,Neurology,Therapy,Routine,3.5,44254
2666,2022-04-22 1:00:00,31-45,Female,South,General Medicine,Observation,Emergency,2,83241
2667,2022-04-22 2:00:00,18-30,Male,South,Pediatrics,Observation,Routine,7.4,34067
2668,2022-04-22 3:00:00,46-60,Male,South,General Medicine,Therapy,Routine,8,61322
2669,2022-04-22 4:00:00,46-60,Female,East,Pediatrics,Medication,Routine,5.3,78881
2670,2022-04-22 5:00:00,31-45,Female,North,Pediatrics,Medication,Routine,5.7,62629
2671,2022-04-22 6:00:00,46-60,Male,East,General Medicine,Observation,Emergency,4.5,79822
2672,2022-04-22 7:00:00,31-45,Female,West,Cardiology,Observation,Routine,4.7,66274
2673,2022-04-22 8:00:00,46-60,Female,East,Orthopedics,Medication,Routine,0.8,63587
2674,2022-04-22 9:00:00,18-30,Male,North,Cardiology,Therapy,Routine,3.9,62337
2675,2022-04-22 10:00:00,60+,Female,North,Orthopedics,Observation,Routine,2.2,67269
2676,2022-04-22 11:00:00,31-45,Female,West,Neurology,Medication,Emergency,4.6,47289
2677,2022-04-22 12:00:00,31-45,Female,South,Pediatrics,Therapy,Emergency,3.9,28963
2678,2022-04-22 13:00:00,18-30,Male,North,General Medicine,Surgery,Emergency,7.9,74081
2679,2022-04-22 14:00:00,18-30,Female,North,Neurology,Therapy,Routine,5.8,78235
2680,2022-04-22 15:00:00,31-45,Female,North,Orthopedics,Medication,Routine,4.6,60040
2681,2022-04-22 16:00:00,31-45,Female,West,Cardiology,Therapy,Routine,3.5,44032
2682,2022-04-22 17:00:00,46-60,Male,North,General Medicine,Medication,Routine,7.4,23846
2683,2022-04-22 18:00:00,18-30,Male,South,Pediatrics,Observation,Routine,3.9,56716
2684,2022-04-22 19:00:00,31-45,Female,West,Neurology,Surgery,Emergency,4.7,28021
2685,2022-04-22 20:00:00,31-45,Male,South,Pediatrics,Observation,Routine,4.1,25220
2686,2022-04-22 21:00:00,18-30,Female,North,Orthopedics,Observation,Routine,3.2,54585
2687,2022-04-22 22:00:00,18-30,Male,North,Pediatrics,Medication,Routine,4.1,39725
2688,2022-04-22 23:00:00,31-45,Male,South,Cardiology,Medication,Routine,0.1,61906
2689,2022-04-23 0:00:00,31-45,Female,West,Neurology,Medication,Emergency,0.9,51814
2690,2022-04-23 1:00:00,31-45,Female,West,Neurology,Medication,Routine,4.7,42867
2691,2022-04-23 2:00:00,31-45,Female,South,Cardiology,Observation,Routine,7.1,20902
2692,2022-04-23 3:00:00,31-45,Male,North,Pediatrics,Medication,Routine,4.7,37942
2693,2022-04-23 4:00:00,18-30,Female,East,Cardiology,Medication,Emergency,2.6,38677
2694,2022-04-23 5:00:00,31-45,Male,South,General Medicine,Observation,Emergency,1.1,30494
2695,2022-04-23 6:00:00,60+,Male,South,Cardiology,Surgery,Routine,5.6,48419
2696,2022-04-23 7:00:00,31-45,Female,South,Pediatrics,Surgery,Routine,2.9,32055
2697,2022-04-23 8:00:00,46-60,Male,North,Cardiology,Therapy,Routine,5.3,51725
2698,2022-04-23 9:00:00,31-45,Female,West,Orthopedics,Observation,Routine,4.8,59808
2699,2022-04-23 10:00:00,46-60,Male,North,Cardiology,Medication,Emergency,5,38477
2700,2022-04-23 11:00:00,46-60,Female,South,Cardiology,Therapy,Emergency,4.1,63508
2701,2022-04-23 12:00:00,31-45,Male,North,Pediatrics,Surgery,Emergency,4.8,27773
2702,2022-04-23 13:00:00,60+,Male,North,General Medicine,Surgery,Routine,3.8,32756
2703,2022-04-23 14:00:00,18-30,Female,South,General Medicine,Observation,Emergency,2.7,52736
2704,2022-04-23 15:00:00,18-30,Male,North,Pediatrics,Medication,Routine,2.1,68741
2705,2022-04-23 16:00:00,46-60,Female,East,Pediatrics,Medication,Emergency,0.8,72348
2706,2022-04-23 17:00:00,46-60,Male,North,Pediatrics,Therapy,Routine,3.6,87248
2707,2022-04-23 18:00:00,18-30,Male,North,Orthopedics,Surgery,Routine,7,47468
2708,2022-04-23 19:00:00,31-45,Male,West,Neurology,Therapy,Routine,5.5,52450
2709,2022-04-23 20:00:00,18-30,Female,West,Cardiology,Therapy,Routine,4.5,34346
2710,2022-04-23 21:00:00,31-45,Female,South,Pediatrics,Therapy,Routine,2.5,29925
2711,2022-04-23 22:00:00,46-60,Female,South,Pediatrics,Medication,Emergency,6,59571
2712,2022-04-23 23:00:00,31-45,Female,West,Pediatrics,Surgery,Routine,3.8,39483
2713,2022-04-24 0:00:00,31-45,Female,East,General Medicine,Therapy,Routine,7.1,79648
2714,2022-04-24 1:00:00,31-45,Male,North,Pediatrics,Surgery,Routine,2,25752
2715,2022-04-24 2:00:00,18-30,Male,East,Cardiology,Surgery,Routine,2.5,64727
2716,2022-04-24 3:00:00,31-45,Female,East,Pediatrics,Therapy,Emergency,2.3,34885
2717,2022-04-24 4:00:00,46-60,Male,West,Cardiology,Therapy,Routine,1,38591
2718,2022-04-24 5:00:00,60+,Male,South,Orthopedics,Observation,Routine,2.1,65782
2719,2022-04-24 6:00:00,46-60,Male,North,Neurology,Medication,Emergency,4.2,41482
2720,2022-04-24 7:00:00,18-30,Male,South,General Medicine,Surgery,Emergency,2.6,44684
2721,2022-04-24 8:00:00,60+,Female,East,Cardiology,Therapy,Routine,3.7,38757
2722,2022-04-24 9:00:00,46-60,Male,East,Orthopedics,Therapy,Emergency,6.1,90701
2723,2022-04-24 10:00:00,46-60,Female,South,Neurology,Surgery,Routine,0.6,42650
2724,2022-04-24 11:00:00,31-45,Female,South,Neurology,Therapy,Emergency,5.2,56031
2725,2022-04-24 12:00:00,31-45,Male,West,Neurology,Observation,Routine,4.1,50962
2726,2022-04-24 13:00:00,31-45,Female,South,Cardiology,Surgery,Emergency,8.2,59428
2727,2022-04-24 14:00:00,18-30,Male,South,Orthopedics,Therapy,Routine,6,42705
2728,2022-04-24 15:00:00,18-30,Male,West,Pediatrics,Surgery,Routine,3,50984
2729,2022-04-24 16:00:00,18-30,Male,South,Orthopedics,Therapy,Routine,2.6,62879
2730,2022-04-24 17:00:00,31-45,Female,East,Orthopedics,Therapy,Routine,7,37740
2731,2022-04-24 18:00:00,46-60,Female,South,Orthopedics,Medication,Emergency,1,76786
2732,2022-04-24 19:00:00,31-45,Female,North,Cardiology,Surgery,Routine,4.4,78710
2733,2022-04-24 20:00:00,18-30,Male,East,Cardiology,Medication,Routine,3.7,67130
2734,2022-04-24 21:00:00,60+,Male,West,Cardiology,Therapy,Routine,3.3,56398
2735,2022-04-24 22:00:00,60+,Male,East,Orthopedics,Surgery,Routine,4.7,4812
2736,2022-04-24 23:00:00,46-60,Female,West,Cardiology,Surgery,Emergency,4.4,63486
2737,2022-04-25 0:00:00,60+,Male,North,Neurology,Observation,Routine,4.9,47173
2738,2022-04-25 1:00:00,31-45,Male,North,Cardiology,Observation,Routine,4.3,50075
2739,2022-04-25 2:00:00,60+,Female,East,General Medicine,Therapy,Emergency,4.8,17052
2740,2022-04-25 3:00:00,18-30,Female,South,Cardiology,Therapy,Emergency,4.2,64872
2741,2022-04-25 4:00:00,31-45,Female,East,Cardiology,Therapy,Routine,2.7,26028
2742,2022-04-25 5:00:00,18-30,Male,East,Cardiology,Therapy,Routine,4,57368
2743,2022-04-25 6:00:00,18-30,Male,North,Cardiology,Observation,Emergency,2.6,73093
2744,2022-04-25 7:00:00,18-30,Male,West,General Medicine,Surgery,Emergency,2.4,45613
2745,2022-04-25 8:00:00,46-60,Female,East,Pediatrics,Medication,Emergency,3.3,79321
2746,2022-04-25 9:00:00,46-60,Female,South,Cardiology,Surgery,Emergency,3.8,40060
2747,2022-04-25 10:00:00,31-45,Female,North,Neurology,Surgery,Emergency,4.1,67009
2748,2022-04-25 11:00:00,18-30,Female,East,General Medicine,Observation,Emergency,5.8,28904
2749,2022-04-25 12:00:00,46-60,Male,East,Pediatrics,Surgery,Emergency,3,75623
2750,2022-04-25 13:00:00,46-60,Male,South,Cardiology,Surgery,Routine,4.4,72520
2751,2022-04-25 14:00:00,31-45,Male,East,Pediatrics,Therapy,Routine,4.2,64367
2752,2022-04-25 15:00:00,46-60,Male,East,Neurology,Medication,Routine,2.8,47134
2753,2022-04-25 16:00:00,31-45,Male,East,General Medicine,Surgery,Routine,4.1,26960
2754,2022-04-25 17:00:00,31-45,Male,East,General Medicine,Surgery,Emergency,6,47187
2755,2022-04-25 18:00:00,60+,Male,South,Pediatrics,Medication,Emergency,4.4,77206
2756,2022-04-25 19:00:00,31-45,Male,East,Cardiology,Therapy,Emergency,4.5,57599
2757,2022-04-25 20:00:00,31-45,Female,East,Orthopedics,Observation,Emergency,2.6,23939
2758,2022-04-25 21:00:00,60+,Female,East,General Medicine,Observation,Routine,7.9,32505
2759,2022-04-25 22:00:00,46-60,Male,North,Orthopedics,Surgery,Emergency,2.7,80063
2760,2022-04-25 23:00:00,18-30,Female,South,General Medicine,Therapy,Routine,0.7,64758
2761,2022-04-26 0:00:00,18-30,Male,North,Cardiology,Observation,Routine,5.7,30320
2762,2022-04-26 1:00:00,18-30,Male,North,Cardiology,Observation,Routine,3.8,19683
2763,2022-04-26 2:00:00,46-60,Female,South,General Medicine,Observation,Emergency,3.4,42499
2764,2022-04-26 3:00:00,31-45,Male,North,Pediatrics,Observation,Routine,2.9,17973
2765,2022-04-26 4:00:00,18-30,Male,North,Cardiology,Observation,Emergency,7.7,51883
2766,2022-04-26 5:00:00,60+,Male,North,Cardiology,Surgery,Routine,4.7,104033
2767,2022-04-26 6:00:00,31-45,Male,South,Neurology,Observation,Routine,5.1,23061
2768,2022-04-26 7:00:00,18-30,Male,East,Cardiology,Surgery,Routine,4.3,51279
2769,2022-04-26 8:00:00,31-45,Male,West,Neurology,Medication,Routine,4.5,81239
2770,2022-04-26 9:00:00,46-60,Male,West,Cardiology,Medication,Emergency,6.8,69982
2771,2022-04-26 10:00:00,18-30,Female,South,Cardiology,Therapy,Routine,3.5,52025
2772,2022-04-26 11:00:00,31-45,Female,West,Pediatrics,Surgery,Emergency,1.1,52073
2773,2022-04-26 12:00:00,46-60,Male,South,Pediatrics,Therapy,Emergency,5.7,31882
2774,2022-04-26 13:00:00,31-45,Female,South,Cardiology,Medication,Emergency,5,49647
2775,2022-04-26 14:00:00,31-45,Male,West,General Medicine,Medication,Routine,4.2,59869
2776,2022-04-26 15:00:00,31-45,Male,North,General Medicine,Medication,Emergency,4.9,77102
2777,2022-04-26 16:00:00,18-30,Male,East,Cardiology,Medication,Routine,3.3,42596
2778,2022-04-26 17:00:00,18-30,Male,West,General Medicine,Observation,Routine,4,51203
2779,2022-04-26 18:00:00,31-45,Female,West,Cardiology,Medication,Routine,3.7,36016
2780,2022-04-26 19:00:00,18-30,Female,West,Pediatrics,Observation,Emergency,2.8,59507
2781,2022-04-26 20:00:00,18-30,Female,West,Orthopedics,Observation,Routine,6.4,70676
2782,2022-04-26 21:00:00,46-60,Female,South,Neurology,Therapy,Routine,1.2,67593
2783,2022-04-26 22:00:00,60+,Male,South,General Medicine,Observation,Routine,8.7,31596
2784,2022-04-26 23:00:00,46-60,Female,East,General Medicine,Therapy,Routine,5.8,57937
2785,2022-04-27 0:00:00,60+,Male,East,Pediatrics,Observation,Routine,0.4,41454
2786,2022-04-27 1:00:00,18-30,Male,West,General Medicine,Observation,Emergency,3.6,75221
2787,2022-04-27 2:00:00,60+,Female,West,Cardiology,Medication,Routine,3.7,51774
2788,2022-04-27 3:00:00,18-30,Male,West,Cardiology,Surgery,Emergency,4.8,24610
2789,2022-04-27 4:00:00,60+,Female,East,Orthopedics,Observation,Routine,2,50604
2790,2022-04-27 5:00:00,60+,Female,West,Orthopedics,Surgery,Emergency,4.1,64169
2791,2022-04-27 6:00:00,46-60,Female,North,Orthopedics,Surgery,Routine,3.8,59880
2792,2022-04-27 7:00:00,60+,Female,East,Cardiology,Surgery,Routine,2.5,44764
2793,2022-04-27 8:00:00,31-45,Female,North,Orthopedics,Observation,Routine,2.2,43295
2794,2022-04-27 9:00:00,31-45,Male,West,Orthopedics,Surgery,Routine,5.8,35250
2795,2022-04-27 10:00:00,31-45,Female,South,Cardiology,Observation,Emergency,0.6,47105
2796,2022-04-27 11:00:00,31-45,Female,North,Pediatrics,Medication,Routine,5,37886
2797,2022-04-27 12:00:00,18-30,Male,East,General Medicine,Observation,Emergency,5.6,74402
2798,2022-04-27 13:00:00,46-60,Female,North,Neurology,Therapy,Emergency,3.6,36977
2799,2022-04-27 14:00:00,60+,Female,East,Cardiology,Medication,Routine,4.1,57446
2800,2022-04-27 15:00:00,18-30,Male,West,Cardiology,Surgery,Routine,6.3,56086
2801,2022-04-27 16:00:00,46-60,Male,North,Neurology,Surgery,Routine,2.6,73913
2802,2022-04-27 17:00:00,60+,Female,South,Neurology,Therapy,Routine,2.8,76787
2803,2022-04-27 18:00:00,60+,Male,North,Orthopedics,Medication,Routine,3,68919
2804,2022-04-27 19:00:00,60+,Female,South,Neurology,Therapy,Emergency,6.3,62059
2805,2022-04-27 20:00:00,31-45,Male,East,General Medicine,Surgery,Routine,6.6,34027
2806,2022-04-27 21:00:00,60+,Female,West,General Medicine,Observation,Routine,1.2,33623
2807,2022-04-27 22:00:00,46-60,Female,West,General Medicine,Surgery,Routine,6,38086
2808,2022-04-27 23:00:00,18-30,Female,South,General Medicine,Therapy,Routine,5.6,70038
2809,2022-04-28 0:00:00,31-45,Male,East,General Medicine,Observation,Emergency,7.1,56467
2810,2022-04-28 1:00:00,46-60,Female,West,Orthopedics,Observation,Emergency,4.8,72373
2811,2022-04-28 2:00:00,18-30,Male,East,Cardiology,Surgery,Emergency,3.9,75056
2812,2022-04-28 3:00:00,46-60,Female,South,Neurology,Observation,Emergency,6.3,40481
2813,2022-04-28 4:00:00,46-60,Female,South,Cardiology,Medication,Routine,5.4,55641
2814,2022-04-28 5:00:00,18-30,Female,North,Neurology,Surgery,Routine,8.5,54740
2815,2022-04-28 6:00:00,31-45,Female,West,Orthopedics,Surgery,Routine,5.9,48444
2816,2022-04-28 7:00:00,46-60,Female,West,Orthopedics,Medication,Emergency,4.3,44303
2817,2022-04-28 8:00:00,31-45,Male,North,Pediatrics,Surgery,Emergency,1.7,78695
2818,2022-04-28 9:00:00,18-30,Male,South,Pediatrics,Therapy,Routine,2.8,56039
2819,2022-04-28 10:00:00,18-30,Male,South,Orthopedics,Therapy,Routine,1.1,55263
2820,2022-04-28 11:00:00,31-45,Female,South,Orthopedics,Surgery,Routine,3.6,38944
2821,2022-04-28 12:00:00,60+,Female,South,Neurology,Medication,Emergency,5.9,68504
2822,2022-04-28 13:00:00,18-30,Male,East,Orthopedics,Observation,Routine,4,34898
2823,2022-04-28 14:00:00,46-60,Female,West,Cardiology,Medication,Emergency,6,64098
2824,2022-04-28 15:00:00,18-30,Female,West,Neurology,Therapy,Routine,4.7,64645
2825,2022-04-28 16:00:00,31-45,Female,South,Orthopedics,Surgery,Routine,3.2,46750
2826,2022-04-28 17:00:00,46-60,Male,South,Neurology,Medication,Emergency,4.2,61353
2827,2022-04-28 18:00:00,46-60,Male,South,Neurology,Observation,Routine,4.9,58713
2828,2022-04-28 19:00:00,18-30,Male,West,General Medicine,Observation,Emergency,4.3,54213
2829,2022-04-28 20:00:00,31-45,Male,West,Pediatrics,Observation,Emergency,4.3,55259
2830,2022-04-28 21:00:00,18-30,Male,South,Neurology,Observation,Routine,2.5,56236
2831,2022-04-28 22:00:00,31-45,Female,East,Neurology,Medication,Emergency,3.1,57598
2832,2022-04-28 23:00:00,46-60,Female,North,General Medicine,Observation,Routine,8.5,56205
2833,2022-04-29 0:00:00,18-30,Female,North,Orthopedics,Therapy,Routine,6.5,32923
2834,2022-04-29 1:00:00,31-45,Female,North,Neurology,Observation,Emergency,1.1,51956
2835,2022-04-29 2:00:00,31-45,Male,West,General Medicine,Therapy,Routine,0.7,60299
2836,2022-04-29 3:00:00,60+,Male,West,Cardiology,Medication,Routine,4.2,56946
2837,2022-04-29 4:00:00,60+,Female,North,General Medicine,Therapy,Emergency,5.8,74075
2838,2022-04-29 5:00:00,18-30,Male,North,Pediatrics,Medication,Routine,3,67402
2839,2022-04-29 6:00:00,46-60,Female,East,Pediatrics,Observation,Emergency,6,37592
2840,2022-04-29 7:00:00,31-45,Female,West,Orthopedics,Surgery,Emergency,4.1,51667
2841,2022-04-29 8:00:00,31-45,Female,West,Orthopedics,Therapy,Routine,3.7,48773
2842,2022-04-29 9:00:00,46-60,Female,North,Pediatrics,Therapy,Routine,5.5,54913
2843,2022-04-29 10:00:00,60+,Male,East,Pediatrics,Surgery,Routine,2.9,54940
2844,2022-04-29 11:00:00,60+,Female,East,Neurology,Medication,Routine,3.4,67230
2845,2022-04-29 12:00:00,31-45,Male,North,Pediatrics,Medication,Emergency,5.3,58547
2846,2022-04-29 13:00:00,31-45,Female,North,Orthopedics,Observation,Emergency,3.9,79611
2847,2022-04-29 14:00:00,46-60,Female,West,Pediatrics,Therapy,Routine,7.8,59820
2848,2022-04-29 15:00:00,31-45,Female,North,Orthopedics,Medication,Routine,5.4,38388
2849,2022-04-29 16:00:00,31-45,Female,South,Cardiology,Observation,Emergency,5.3,45654
2850,2022-04-29 17:00:00,31-45,Male,East,Pediatrics,Medication,Routine,3.9,67076
2851,2022-04-29 18:00:00,46-60,Female,North,Orthopedics,Surgery,Emergency,5.7,22717
2852,2022-04-29 19:00:00,18-30,Male,South,General Medicine,Surgery,Emergency,3.4,28082
2853,2022-04-29 20:00:00,18-30,Female,East,Neurology,Surgery,Routine,4.6,55214
2854,2022-04-29 21:00:00,60+,Female,South,Orthopedics,Observation,Routine,2.2,74018
2855,2022-04-29 22:00:00,18-30,Female,South,Pediatrics,Therapy,Emergency,6.1,81141
2856,2022-04-29 23:00:00,31-45,Male,North,Pediatrics,Surgery,Routine,4.6,50658
2857,2022-04-30 0:00:00,18-30,Female,East,Cardiology,Surgery,Routine,8,76217
2858,2022-04-30 1:00:00,18-30,Female,South,General Medicine,Medication,Emergency,8.8,56445
2859,2022-04-30 2:00:00,18-30,Female,West,Orthopedics,Surgery,Emergency,5.5,24372
2860,2022-04-30 3:00:00,18-30,Female,East,General Medicine,Therapy,Routine,4.1,54838
2861,2022-04-30 4:00:00,60+,Female,West,Cardiology,Observation,Routine,2.1,42622
2862,2022-04-30 5:00:00,31-45,Male,North,Neurology,Surgery,Routine,5.8,73365
2863,2022-04-30 6:00:00,60+,Male,West,General Medicine,Observation,Routine,4.4,54486
2864,2022-04-30 7:00:00,31-45,Female,East,Cardiology,Observation,Routine,5.1,29442
2865,2022-04-30 8:00:00,31-45,Female,South,Orthopedics,Therapy,Routine,7.5,25006
2866,2022-04-30 9:00:00,31-45,Male,South,Neurology,Medication,Routine,2.4,54580
2867,2022-04-30 10:00:00,31-45,Female,East,Pediatrics,Medication,Routine,2.2,6596
2868,2022-04-30 11:00:00,46-60,Male,South,Cardiology,Observation,Routine,3.5,44637
2869,2022-04-30 12:00:00,31-45,Female,West,Pediatrics,Surgery,Routine,5.6,59621
2870,2022-04-30 13:00:00,31-45,Female,South,Neurology,Observation,Routine,5.1,33860
2871,2022-04-30 14:00:00,60+,Male,South,Cardiology,Medication,Routine,2.2,74880
2872,2022-04-30 15:00:00,60+,Female,West,Cardiology,Surgery,Emergency,5.5,78820
2873,2022-04-30 16:00:00,60+,Male,West,Neurology,Medication,Routine,1.6,34666
2874,2022-04-30 17:00:00,31-45,Male,West,Orthopedics,Therapy,Routine,2.3,49039
2875,2022-04-30 18:00:00,46-60,Male,North,Cardiology,Medication,Emergency,3.8,74894
2876,2022-04-30 19:00:00,31-45,Female,West,Neurology,Surgery,Routine,2.9,54974
2877,2022-04-30 20:00:00,31-45,Male,West,General Medicine,Surgery,Emergency,5.8,27110
2878,2022-04-30 21:00:00,18-30,Male,North,Pediatrics,Observation,Routine,4.6,52134
2879,2022-04-30 22:00:00,31-45,Female,South,Cardiology,Surgery,Routine,7.5,37941
2880,2022-04-30 23:00:00,18-30,Female,West,General Medicine,Therapy,Routine,3.5,77164
2881,2022-05-01 0:00:00,31-45,Female,East,Cardiology,Medication,Routine,3.8,67119
2882,2022-05-01 1:00:00,60+,Female,West,Orthopedics,Observation,Routine,6.4,48725
2883,2022-05-01 2:00:00,18-30,Female,West,Neurology,Observation,Routine,3.8,57843
2884,2022-05-01 3:00:00,18-30,Female,North,Cardiology,Surgery,Routine,7,28838
2885,2022-05-01 4:00:00,18-30,Male,East,Neurology,Therapy,Emergency,5.1,39924
2886,2022-05-01 5:00:00,60+,Female,South,Cardiology,Observation,Routine,0.7,86066
2887,2022-05-01 6:00:00,31-45,Male,South,Orthopedics,Therapy,Routine,6.4,56070
2888,2022-05-01 7:00:00,31-45,Female,East,Orthopedics,Therapy,Routine,5.8,73602
2889,2022-05-01 8:00:00,46-60,Male,West,General Medicine,Medication,Routine,5.9,59640
2890,2022-05-01 9:00:00,46-60,Male,North,Orthopedics,Medication,Emergency,0.2,81286
2891,2022-05-01 10:00:00,31-45,Female,East,Neurology,Medication,Routine,2.7,15023
2892,2022-05-01 11:00:00,46-60,Female,East,Orthopedics,Therapy,Routine,2.8,51236
2893,2022-05-01 12:00:00,46-60,Male,South,Cardiology,Medication,Emergency,2.3,87896
2894,2022-05-01 13:00:00,46-60,Female,North,Orthopedics,Observation,Emergency,7.5,74123
2895,2022-05-01 14:00:00,18-30,Female,East,Neurology,Observation,Routine,4,81507
2896,2022-05-01 15:00:00,60+,Male,North,Cardiology,Surgery,Routine,3.9,54865
2897,2022-05-01 16:00:00,31-45,Male,West,General Medicine,Therapy,Routine,5.1,44258
2898,2022-05-01 17:00:00,31-45,Male,South,General Medicine,Medication,Routine,5.1,34457
2899,2022-05-01 18:00:00,31-45,Female,West,General Medicine,Observation,Routine,2.7,33061
2900,2022-05-01 19:00:00,18-30,Female,North,Cardiology,Therapy,Routine,2.7,71141
2901,2022-05-01 20:00:00,18-30,Female,West,General Medicine,Therapy,Emergency,1.2,65264
2902,2022-05-01 21:00:00,46-60,Female,South,Orthopedics,Medication,Routine,4.8,53669
2903,2022-05-01 22:00:00,18-30,Male,North,Cardiology,Therapy,Routine,3.4,65164
2904,2022-05-01 23:00:00,31-45,Female,East,Cardiology,Medication,Routine,4,57849
2905,2022-05-02 0:00:00,31-45,Male,West,Cardiology,Medication,Routine,0.2,74244
2906,2022-05-02 1:00:00,18-30,Female,South,Pediatrics,Medication,Routine,3.4,74054
2907,2022-05-02 2:00:00,60+,Female,East,Neurology,Therapy,Routine,6.2,33683
2908,2022-05-02 3:00:00,18-30,Male,South,Pediatrics,Therapy,Routine,6.8,60473
2909,2022-05-02 4:00:00,31-45,Female,North,Pediatrics,Medication,Routine,5.4,21623
2910,2022-05-02 5:00:00,31-45,Female,North,Pediatrics,Therapy,Routine,1.3,57660
2911,2022-05-02 6:00:00,18-30,Male,West,Neurology,Medication,Routine,6.5,67086
2912,2022-05-02 7:00:00,18-30,Female,South,Pediatrics,Surgery,Routine,5.4,28726
2913,2022-05-02 8:00:00,46-60,Male,South,General Medicine,Therapy,Routine,3.8,46671
2914,2022-05-02 9:00:00,60+,Male,South,Cardiology,Therapy,Routine,0.1,55191
2915,2022-05-02 10:00:00,18-30,Male,North,Cardiology,Surgery,Routine,5.9,59678
2916,2022-05-02 11:00:00,46-60,Male,West,Orthopedics,Surgery,Emergency,2.8,49428
2917,2022-05-02 12:00:00,46-60,Female,South,General Medicine,Surgery,Emergency,4.7,31554
2918,2022-05-02 13:00:00,46-60,Female,South,Neurology,Medication,Routine,4.1,53920
2919,2022-05-02 14:00:00,31-45,Female,East,Cardiology,Medication,Emergency,7.1,21955
2920,2022-05-02 15:00:00,31-45,Male,South,Pediatrics,Observation,Routine,3.7,50347
2921,2022-05-02 16:00:00,31-45,Female,West,Orthopedics,Surgery,Emergency,4,46173
2922,2022-05-02 17:00:00,46-60,Female,East,Orthopedics,Observation,Routine,7.2,52315
2923,2022-05-02 18:00:00,46-60,Female,East,Cardiology,Medication,Routine,2.7,43814
2924,2022-05-02 19:00:00,18-30,Female,East,General Medicine,Therapy,Routine,5.6,24846
2925,2022-05-02 20:00:00,31-45,Male,North,Orthopedics,Surgery,Routine,3.6,47673
2926,2022-05-02 21:00:00,60+,Male,East,Cardiology,Therapy,Emergency,2,73616
2927,2022-05-02 22:00:00,46-60,Female,South,General Medicine,Medication,Routine,4,80229
2928,2022-05-02 23:00:00,60+,Male,North,Cardiology,Surgery,Routine,5.4,103787
2929,2022-05-03 0:00:00,46-60,Female,North,Cardiology,Observation,Routine,6.7,88833
2930,2022-05-03 1:00:00,31-45,Female,North,General Medicine,Observation,Routine,6.9,31061
2931,2022-05-03 2:00:00,31-45,Female,North,General Medicine,Medication,Routine,3.4,46831
2932,2022-05-03 3:00:00,46-60,Male,North,General Medicine,Therapy,Routine,2,54544
2933,2022-05-03 4:00:00,18-30,Female,North,Cardiology,Medication,Routine,3.4,53289
2934,2022-05-03 5:00:00,31-45,Male,North,Orthopedics,Therapy,Emergency,1.6,56391
2935,2022-05-03 6:00:00,46-60,Male,East,Neurology,Medication,Routine,3.6,103152
2936,2022-05-03 7:00:00,18-30,Female,West,Neurology,Observation,Routine,3.3,33359
2937,2022-05-03 8:00:00,46-60,Male,South,Cardiology,Therapy,Routine,5.5,40729
2938,2022-05-03 9:00:00,31-45,Male,South,Cardiology,Medication,Emergency,0.4,87877
2939,2022-05-03 10:00:00,60+,Female,East,Orthopedics,Surgery,Routine,2.5,42680
2940,2022-05-03 11:00:00,18-30,Male,East,General Medicine,Observation,Routine,2.5,62872
2941,2022-05-03 12:00:00,31-45,Male,North,Cardiology,Observation,Emergency,6.4,75693
2942,2022-05-03 13:00:00,46-60,Female,West,Pediatrics,Surgery,Routine,1.8,64730
2943,2022-05-03 14:00:00,31-45,Female,North,General Medicine,Medication,Routine,4.5,58835
2944,2022-05-03 15:00:00,46-60,Male,East,Cardiology,Therapy,Routine,3.7,73772
2945,2022-05-03 16:00:00,46-60,Female,North,Pediatrics,Observation,Emergency,6.1,37139
2946,2022-05-03 17:00:00,18-30,Female,South,Orthopedics,Medication,Emergency,5.2,45073
2947,2022-05-03 18:00:00,31-45,Male,South,Pediatrics,Surgery,Emergency,4.2,65713
2948,2022-05-03 19:00:00,31-45,Male,North,Cardiology,Therapy,Routine,2.9,13611
2949,2022-05-03 20:00:00,31-45,Female,West,Neurology,Medication,Routine,0.3,83332
2950,2022-05-03 21:00:00,60+,Male,North,Cardiology,Medication,Routine,4.5,61068
2951,2022-05-03 22:00:00,46-60,Female,North,Neurology,Observation,Emergency,5.1,58061
2952,2022-05-03 23:00:00,46-60,Female,West,Orthopedics,Observation,Emergency,0.9,22390
2953,2022-05-04 0:00:00,46-60,Male,West,Orthopedics,Therapy,Routine,1.5,29268
2954,2022-05-04 1:00:00,31-45,Male,West,General Medicine,Medication,Routine,4.5,47028
2955,2022-05-04 2:00:00,60+,Female,South,General Medicine,Surgery,Routine,4.7,71149
2956,2022-05-04 3:00:00,46-60,Female,North,Neurology,Surgery,Routine,2,13468
2957,2022-05-04 4:00:00,46-60,Female,East,Neurology,Therapy,Routine,2.9,70767
2958,2022-05-04 5:00:00,60+,Female,West,Orthopedics,Medication,Routine,0.3,47799
2959,2022-05-04 6:00:00,31-45,Male,West,Pediatrics,Observation,Routine,6.8,50532
2960,2022-05-04 7:00:00,46-60,Female,North,Neurology,Medication,Routine,1.4,60072
2961,2022-05-04 8:00:00,18-30,Male,East,Neurology,Observation,Emergency,5.1,60386
2962,2022-05-04 9:00:00,31-45,Male,North,Pediatrics,Surgery,Emergency,3.9,40751
2963,2022-05-04 10:00:00,31-45,Female,North,General Medicine,Therapy,Emergency,6.6,67498
2964,2022-05-04 11:00:00,60+,Male,West,General Medicine,Therapy,Emergency,2.4,8612
2965,2022-05-04 12:00:00,60+,Male,West,Neurology,Therapy,Routine,4.1,45992
2966,2022-05-04 13:00:00,46-60,Female,South,General Medicine,Observation,Routine,0.6,58074
2967,2022-05-04 14:00:00,46-60,Male,East,General Medicine,Surgery,Emergency,0.1,48101
2968,2022-05-04 15:00:00,31-45,Male,East,General Medicine,Surgery,Routine,5.2,18462
2969,2022-05-04 16:00:00,60+,Female,West,Orthopedics,Therapy,Routine,0.4,70161
2970,2022-05-04 17:00:00,31-45,Female,West,Cardiology,Therapy,Routine,3.5,30032
2971,2022-05-04 18:00:00,31-45,Female,West,Neurology,Observation,Emergency,6,53650
2972,2022-05-04 19:00:00,18-30,Female,East,Neurology,Observation,Routine,5.5,58061
2973,2022-05-04 20:00:00,46-60,Female,South,Orthopedics,Medication,Routine,2.7,55397
2974,2022-05-04 21:00:00,46-60,Female,East,Cardiology,Observation,Routine,0.8,78380
2975,2022-05-04 22:00:00,31-45,Female,West,Cardiology,Medication,Emergency,5,53935
2976,2022-05-04 23:00:00,18-30,Male,West,Orthopedics,Therapy,Routine,6.7,63549
2977,2022-05-05 0:00:00,46-60,Male,South,Pediatrics,Surgery,Routine,2.7,53882
2978,2022-05-05 1:00:00,18-30,Female,North,Pediatrics,Observation,Routine,2.4,67259
2979,2022-05-05 2:00:00,46-60,Male,North,Cardiology,Surgery,Emergency,3,82870
2980,2022-05-05 3:00:00,60+,Male,East,Pediatrics,Observation,Emergency,5.1,57751
2981,2022-05-05 4:00:00,31-45,Female,North,Pediatrics,Observation,Routine,6.5,70637
2982,2022-05-05 5:00:00,18-30,Male,North,Pediatrics,Medication,Routine,1.5,84107
2983,2022-05-05 6:00:00,46-60,Female,East,Cardiology,Observation,Emergency,1,82144
2984,2022-05-05 7:00:00,46-60,Male,West,Pediatrics,Therapy,Routine,8.7,47294
2985,2022-05-05 8:00:00,31-45,Female,North,Neurology,Surgery,Emergency,3.6,75729
2986,2022-05-05 9:00:00,60+,Male,West,Cardiology,Observation,Routine,4.5,59975
2987,2022-05-05 10:00:00,18-30,Male,East,Orthopedics,Surgery,Routine,2.6,77345
2988,2022-05-05 11:00:00,31-45,Male,West,Pediatrics,Surgery,Emergency,5,66373
2989,2022-05-05 12:00:00,46-60,Female,West,General Medicine,Surgery,Routine,5.9,60513
2990,2022-05-05 13:00:00,60+,Male,East,Cardiology,Observation,Routine,4.6,63679
2991,2022-05-05 14:00:00,18-30,Male,West,Orthopedics,Medication,Routine,7.5,60105
2992,2022-05-05 15:00:00,46-60,Female,North,Neurology,Surgery,Emergency,3.3,60887
2993,2022-05-05 16:00:00,31-45,Female,North,Orthopedics,Surgery,Routine,3.5,51823
2994,2022-05-05 17:00:00,31-45,Male,North,Pediatrics,Observation,Routine,4.5,49966
2995,2022-05-05 18:00:00,18-30,Male,North,General Medicine,Observation,Emergency,4.9,90263
2996,2022-05-05 19:00:00,60+,Male,West,Pediatrics,Therapy,Routine,4.5,64551
2997,2022-05-05 20:00:00,18-30,Male,North,Orthopedics,Therapy,Routine,1.4,43534
2998,2022-05-05 21:00:00,31-45,Female,West,Cardiology,Medication,Routine,4.6,49452
2999,2022-05-05 22:00:00,31-45,Male,South,General Medicine,Medication,Emergency,3.3,76125
3000,2022-05-05 23:00:00,60+,Male,West,General Medicine,Medication,Routine,2.8,40276
3001,2022-05-06 0:00:00,46-60,Female,North,Orthopedics,Medication,Routine,4.1,25359
3002,2022-05-06 1:00:00,46-60,Male,South,Pediatrics,Surgery,Routine,2.1,26831
3003,2022-05-06 2:00:00,31-45,Male,East,Orthopedics,Observation,Emergency,1.7,20420
3004,2022-05-06 3:00:00,46-60,Male,West,General Medicine,Therapy,Emergency,1.2,29024
3005,2022-05-06 4:00:00,31-45,Female,North,Orthopedics,Surgery,Routine,7.5,31383
3006,2022-05-06 5:00:00,46-60,Female,North,General Medicine,Observation,Routine,5.1,82705
3007,2022-05-06 6:00:00,60+,Male,North,Pediatrics,Observation,Emergency,3.8,54076
3008,2022-05-06 7:00:00,18-30,Male,East,Cardiology,Surgery,Routine,2.7,47735
3009,2022-05-06 8:00:00,46-60,Female,South,Cardiology,Surgery,Emergency,1.8,26132
3010,2022-05-06 9:00:00,18-30,Male,South,Orthopedics,Therapy,Routine,2.5,52137
3011,2022-05-06 10:00:00,31-45,Male,North,General Medicine,Medication,Routine,5.4,20253
3012,2022-05-06 11:00:00,31-45,Female,West,Cardiology,Medication,Routine,5.9,47612
3013,2022-05-06 12:00:00,31-45,Female,North,General Medicine,Therapy,Emergency,5.3,96290
3014,2022-05-06 13:00:00,31-45,Female,North,Pediatrics,Therapy,Routine,4.3,68276
3015,2022-05-06 14:00:00,46-60,Male,West,Orthopedics,Medication,Routine,6.6,50804
3016,2022-05-06 15:00:00,31-45,Male,North,General Medicine,Surgery,Routine,3.3,68962
3017,2022-05-06 16:00:00,46-60,Male,East,Orthopedics,Medication,Routine,6.2,44569
3018,2022-05-06 17:00:00,31-45,Male,North,General Medicine,Observation,Routine,3.2,38986
3019,2022-05-06 18:00:00,18-30,Female,East,General Medicine,Observation,Routine,2.2,89083
3020,2022-05-06 19:00:00,46-60,Male,North,Pediatrics,Therapy,Emergency,2,32155
3021,2022-05-06 20:00:00,31-45,Male,South,Orthopedics,Medication,Routine,1.9,47918
3022,2022-05-06 21:00:00,31-45,Female,West,Neurology,Medication,Emergency,5.3,61121
3023,2022-05-06 22:00:00,46-60,Female,South,General Medicine,Observation,Routine,2.5,36275
3024,2022-05-06 23:00:00,31-45,Male,North,General Medicine,Medication,Routine,1.9,68012
3025,2022-05-07 0:00:00,18-30,Female,North,Cardiology,Therapy,Routine,5.4,48868
3026,2022-05-07 1:00:00,31-45,Female,East,Orthopedics,Therapy,Emergency,4.7,68278
3027,2022-05-07 2:00:00,60+,Male,North,Neurology,Observation,Emergency,5.9,66720
3028,2022-05-07 3:00:00,46-60,Male,North,Pediatrics,Medication,Routine,5,50140
3029,2022-05-07 4:00:00,46-60,Male,North,Neurology,Medication,Emergency,2.5,89213
3030,2022-05-07 5:00:00,46-60,Male,South,Pediatrics,Observation,Routine,4.2,41693
3031,2022-05-07 6:00:00,18-30,Female,East,Neurology,Surgery,Routine,4.3,81977
3032,2022-05-07 7:00:00,31-45,Female,South,Neurology,Surgery,Routine,2.2,78499
3033,2022-05-07 8:00:00,46-60,Male,East,Orthopedics,Medication,Routine,1.8,90418
3034,2022-05-07 9:00:00,18-30,Male,South,Cardiology,Therapy,Routine,2.6,58481
3035,2022-05-07 10:00:00,31-45,Female,North,Neurology,Surgery,Emergency,8.1,39228
3036,2022-05-07 11:00:00,31-45,Male,South,General Medicine,Medication,Routine,3.2,96536
3037,2022-05-07 12:00:00,31-45,Male,South,General Medicine,Surgery,Emergency,6.5,48306
3038,2022-05-07 13:00:00,60+,Male,East,General Medicine,Observation,Routine,3.1,38729
3039,2022-05-07 14:00:00,18-30,Male,East,Cardiology,Surgery,Routine,5.8,51204
3040,2022-05-07 15:00:00,31-45,Female,South,Neurology,Surgery,Emergency,5.8,35366
3041,2022-05-07 16:00:00,18-30,Male,East,Pediatrics,Observation,Emergency,5.9,65523
3042,2022-05-07 17:00:00,60+,Female,East,Pediatrics,Therapy,Emergency,4.8,42887
3043,2022-05-07 18:00:00,18-30,Male,East,Orthopedics,Medication,Routine,6.8,49250
3044,2022-05-07 19:00:00,31-45,Male,West,Cardiology,Therapy,Emergency,4.8,74356
3045,2022-05-07 20:00:00,46-60,Female,East,Neurology,Therapy,Emergency,7.4,67474
3046,2022-05-07 21:00:00,46-60,Male,West,General Medicine,Surgery,Routine,0.8,55312
3047,2022-05-07 22:00:00,31-45,Female,West,Cardiology,Medication,Routine,4.7,58417
3048,2022-05-07 23:00:00,31-45,Male,East,Cardiology,Surgery,Routine,4.6,55245
3049,2022-05-08 0:00:00,31-45,Male,South,Neurology,Observation,Routine,2.1,46377
3050,2022-05-08 1:00:00,31-45,Male,East,Orthopedics,Therapy,Routine,5.2,54949
3051,2022-05-08 2:00:00,18-30,Male,North,Orthopedics,Therapy,Emergency,1,64817
3052,2022-05-08 3:00:00,31-45,Male,South,Orthopedics,Observation,Routine,2.7,52477
3053,2022-05-08 4:00:00,31-45,Female,West,General Medicine,Medication,Emergency,0,63395
3054,2022-05-08 5:00:00,31-45,Female,West,General Medicine,Therapy,Routine,7.1,38267
3055,2022-05-08 6:00:00,46-60,Male,South,Neurology,Therapy,Routine,3.5,42922
3056,2022-05-08 7:00:00,60+,Male,South,Orthopedics,Medication,Routine,8.3,40314
3057,2022-05-08 8:00:00,46-60,Female,East,Neurology,Surgery,Routine,5.6,43697
3058,2022-05-08 9:00:00,18-30,Female,West,Orthopedics,Observation,Emergency,4.9,80744
3059,2022-05-08 10:00:00,18-30,Male,North,Cardiology,Medication,Emergency,2.8,69521
3060,2022-05-08 11:00:00,60+,Male,East,Pediatrics,Observation,Routine,1.9,33462
3061,2022-05-08 12:00:00,31-45,Female,South,Pediatrics,Observation,Emergency,5,63750
3062,2022-05-08 13:00:00,18-30,Male,West,Orthopedics,Therapy,Routine,3.9,47188
3063,2022-05-08 14:00:00,31-45,Female,South,Neurology,Medication,Routine,1.3,41352
3064,2022-05-08 15:00:00,46-60,Male,South,General Medicine,Observation,Routine,1,25285
3065,2022-05-08 16:00:00,46-60,Female,South,Orthopedics,Surgery,Routine,2.1,74438
3066,2022-05-08 17:00:00,31-45,Female,East,Orthopedics,Observation,Routine,7.6,27723
3067,2022-05-08 18:00:00,18-30,Male,North,General Medicine,Therapy,Routine,8.4,53961
3068,2022-05-08 19:00:00,60+,Female,North,Orthopedics,Surgery,Routine,4.4,36074
3069,2022-05-08 20:00:00,31-45,Male,West,Cardiology,Surgery,Emergency,4.3,70517
3070,2022-05-08 21:00:00,46-60,Male,South,General Medicine,Medication,Routine,3.3,48313
3071,2022-05-08 22:00:00,46-60,Male,North,Cardiology,Surgery,Routine,2.1,52311
3072,2022-05-08 23:00:00,46-60,Male,South,Pediatrics,Medication,Routine,6.8,52985
3073,2022-05-09 0:00:00,31-45,Female,West,General Medicine,Medication,Emergency,7.7,61051
3074,2022-05-09 1:00:00,31-45,Male,South,General Medicine,Surgery,Emergency,2.2,55260
3075,2022-05-09 2:00:00,31-45,Male,North,Neurology,Medication,Emergency,3.8,54135
3076,2022-05-09 3:00:00,60+,Male,South,Neurology,Medication,Routine,3.1,44632
3077,2022-05-09 4:00:00,60+,Male,North,General Medicine,Surgery,Routine,3.2,23505
3078,2022-05-09 5:00:00,18-30,Female,West,Pediatrics,Therapy,Emergency,6.4,32629
3079,2022-05-09 6:00:00,18-30,Male,South,Orthopedics,Observation,Routine,1.4,69370
3080,2022-05-09 7:00:00,60+,Female,North,Neurology,Medication,Routine,4.9,48884
3081,2022-05-09 8:00:00,46-60,Female,West,Pediatrics,Medication,Routine,5.5,41720
3082,2022-05-09 9:00:00,60+,Female,South,Pediatrics,Surgery,Routine,3.7,26885
3083,2022-05-09 10:00:00,18-30,Male,West,Neurology,Observation,Routine,5.8,20607
3084,2022-05-09 11:00:00,31-45,Male,North,Orthopedics,Observation,Routine,4.3,40936
3085,2022-05-09 12:00:00,46-60,Male,South,Neurology,Medication,Routine,6.4,72761
3086,2022-05-09 13:00:00,46-60,Male,South,Pediatrics,Surgery,Routine,1,43859
3087,2022-05-09 14:00:00,31-45,Female,South,Cardiology,Therapy,Emergency,3.3,63010
3088,2022-05-09 15:00:00,18-30,Female,West,Neurology,Observation,Routine,3.9,42939
3089,2022-05-09 16:00:00,31-45,Male,West,Pediatrics,Therapy,Routine,1.3,67777
3090,2022-05-09 17:00:00,31-45,Male,North,Neurology,Surgery,Routine,1.8,47965
3091,2022-05-09 18:00:00,31-45,Male,East,Pediatrics,Therapy,Routine,2.4,30362
3092,2022-05-09 19:00:00,60+,Male,South,Orthopedics,Surgery,Routine,5.9,49621
3093,2022-05-09 20:00:00,31-45,Male,South,Pediatrics,Medication,Routine,2.6,91680
3094,2022-05-09 21:00:00,46-60,Male,North,General Medicine,Therapy,Routine,2.4,90798
3095,2022-05-09 22:00:00,18-30,Male,South,Cardiology,Medication,Routine,5.6,64731
3096,2022-05-09 23:00:00,46-60,Female,West,Pediatrics,Medication,Emergency,0.8,52259
3097,2022-05-10 0:00:00,60+,Female,West,Neurology,Surgery,Routine,0.1,61078
3098,2022-05-10 1:00:00,18-30,Female,South,Neurology,Therapy,Routine,3.3,61337
3099,2022-05-10 2:00:00,18-30,Female,South,Pediatrics,Observation,Routine,1.1,54202
3100,2022-05-10 3:00:00,31-45,Male,West,General Medicine,Therapy,Emergency,1.2,63819
3101,2022-05-10 4:00:00,18-30,Male,South,Pediatrics,Observation,Routine,5.1,59165
3102,2022-05-10 5:00:00,46-60,Male,West,Orthopedics,Medication,Emergency,5.8,48681
3103,2022-05-10 6:00:00,60+,Male,East,General Medicine,Medication,Routine,5.6,31095
3104,2022-05-10 7:00:00,31-45,Male,East,Pediatrics,Surgery,Routine,6.2,45799
3105,2022-05-10 8:00:00,31-45,Female,South,Cardiology,Observation,Routine,6.5,70990
3106,2022-05-10 9:00:00,31-45,Male,South,General Medicine,Therapy,Routine,0.3,54371
3107,2022-05-10 10:00:00,46-60,Female,South,Pediatrics,Surgery,Routine,4.9,61006
3108,2022-05-10 11:00:00,18-30,Male,West,Cardiology,Surgery,Routine,2.9,49340
3109,2022-05-10 12:00:00,31-45,Female,East,Pediatrics,Surgery,Routine,2.5,33808
3110,2022-05-10 13:00:00,46-60,Male,East,Orthopedics,Therapy,Routine,5.1,50227
3111,2022-05-10 14:00:00,46-60,Female,North,Neurology,Surgery,Routine,0.5,34551
3112,2022-05-10 15:00:00,18-30,Male,North,Pediatrics,Therapy,Emergency,0.5,33274
3113,2022-05-10 16:00:00,46-60,Male,South,General Medicine,Surgery,Emergency,5.3,79113
3114,2022-05-10 17:00:00,18-30,Male,West,Pediatrics,Observation,Routine,5,46598
3115,2022-05-10 18:00:00,18-30,Male,South,Pediatrics,Medication,Emergency,4.3,40170
3116,2022-05-10 19:00:00,60+,Female,East,Pediatrics,Observation,Routine,2.2,87359
3117,2022-05-10 20:00:00,46-60,Male,South,Pediatrics,Observation,Routine,5.5,71300
3118,2022-05-10 21:00:00,18-30,Female,South,General Medicine,Surgery,Routine,5.4,47570
3119,2022-05-10 22:00:00,18-30,Male,East,General Medicine,Observation,Routine,4.2,63553
3120,2022-05-10 23:00:00,18-30,Female,East,Pediatrics,Observation,Routine,1.6,50284
3121,2022-05-11 0:00:00,31-45,Male,East,Neurology,Observation,Routine,3.1,41146
3122,2022-05-11 1:00:00,18-30,Male,East,Pediatrics,Surgery,Routine,5.7,64494
3123,2022-05-11 2:00:00,18-30,Female,North,General Medicine,Therapy,Routine,6.7,48514
3124,2022-05-11 3:00:00,31-45,Male,West,Orthopedics,Medication,Emergency,3.3,56510
3125,2022-05-11 4:00:00,46-60,Male,West,Pediatrics,Medication,Emergency,3.5,75427
3126,2022-05-11 5:00:00,46-60,Female,East,Pediatrics,Therapy,Routine,3.7,73224
3127,2022-05-11 6:00:00,46-60,Male,West,Pediatrics,Therapy,Routine,4.5,43998
3128,2022-05-11 7:00:00,18-30,Female,West,Pediatrics,Observation,Routine,2.8,64721
3129,2022-05-11 8:00:00,60+,Male,West,Cardiology,Medication,Routine,1.8,32443
3130,2022-05-11 9:00:00,46-60,Female,West,Pediatrics,Therapy,Routine,6.4,64008
3131,2022-05-11 10:00:00,46-60,Female,East,General Medicine,Observation,Routine,7.6,57970
3132,2022-05-11 11:00:00,46-60,Female,South,General Medicine,Medication,Routine,2.8,62580
3133,2022-05-11 12:00:00,60+,Female,South,Cardiology,Surgery,Routine,1.9,49051
3134,2022-05-11 13:00:00,31-45,Male,South,Pediatrics,Surgery,Emergency,3.7,96681
3135,2022-05-11 14:00:00,18-30,Male,North,Neurology,Medication,Emergency,3.6,36974
3136,2022-05-11 15:00:00,46-60,Female,West,Pediatrics,Medication,Routine,6,74431
3137,2022-05-11 16:00:00,46-60,Male,East,General Medicine,Surgery,Routine,4.1,34366
3138,2022-05-11 17:00:00,46-60,Male,East,Orthopedics,Surgery,Emergency,2.4,65087
3139,2022-05-11 18:00:00,31-45,Male,North,Orthopedics,Medication,Routine,1.4,66516
3140,2022-05-11 19:00:00,18-30,Female,East,Neurology,Observation,Routine,5.7,56100
3141,2022-05-11 20:00:00,31-45,Male,South,Pediatrics,Therapy,Routine,5.2,45094
3142,2022-05-11 21:00:00,60+,Male,North,Cardiology,Therapy,Routine,6.1,57823
3143,2022-05-11 22:00:00,31-45,Female,East,Pediatrics,Medication,Emergency,2.1,60340
3144,2022-05-11 23:00:00,31-45,Male,North,Neurology,Therapy,Routine,7.7,90799
3145,2022-05-12 0:00:00,31-45,Female,North,Neurology,Surgery,Routine,0.5,37553
3146,2022-05-12 1:00:00,31-45,Female,East,Neurology,Surgery,Routine,5.4,43882
3147,2022-05-12 2:00:00,60+,Female,South,Orthopedics,Therapy,Routine,0.2,60695
3148,2022-05-12 3:00:00,46-60,Male,East,Pediatrics,Medication,Routine,2.4,49879
3149,2022-05-12 4:00:00,46-60,Male,West,Pediatrics,Surgery,Emergency,7.1,52999
3150,2022-05-12 5:00:00,31-45,Female,West,Cardiology,Observation,Routine,5.7,76407
3151,2022-05-12 6:00:00,46-60,Female,East,Neurology,Observation,Routine,2.9,1405
3152,2022-05-12 7:00:00,18-30,Female,South,Neurology,Surgery,Routine,3,43041
3153,2022-05-12 8:00:00,46-60,Female,West,General Medicine,Surgery,Routine,4.2,20153
3154,2022-05-12 9:00:00,31-45,Female,West,General Medicine,Therapy,Routine,5,31084
3155,2022-05-12 10:00:00,31-45,Female,East,Orthopedics,Medication,Routine,6.5,103092
3156,2022-05-12 11:00:00,46-60,Male,East,Pediatrics,Therapy,Routine,3.1,66963
3157,2022-05-12 12:00:00,60+,Female,East,Cardiology,Medication,Routine,0.8,74031
3158,2022-05-12 13:00:00,18-30,Female,North,Cardiology,Observation,Routine,4.3,53389
3159,2022-05-12 14:00:00,46-60,Female,North,Neurology,Observation,Emergency,3.1,70174
3160,2022-05-12 15:00:00,31-45,Male,North,Cardiology,Medication,Routine,1.4,19669
3161,2022-05-12 16:00:00,31-45,Male,East,Neurology,Therapy,Routine,4.6,75766
3162,2022-05-12 17:00:00,18-30,Male,South,Pediatrics,Surgery,Routine,3.6,38603
3163,2022-05-12 18:00:00,31-45,Male,West,Cardiology,Medication,Routine,4.6,44374
3164,2022-05-12 19:00:00,31-45,Female,North,Neurology,Therapy,Routine,2.2,65103
3165,2022-05-12 20:00:00,18-30,Male,South,Pediatrics,Observation,Routine,5,61329
3166,2022-05-12 21:00:00,31-45,Female,East,Pediatrics,Surgery,Routine,1.4,56692
3167,2022-05-12 22:00:00,60+,Female,North,Neurology,Observation,Routine,2.3,27738
3168,2022-05-12 23:00:00,18-30,Female,East,Neurology,Medication,Routine,3.5,56996
3169,2022-05-13 0:00:00,46-60,Female,South,Orthopedics,Observation,Routine,7.5,74211
3170,2022-05-13 1:00:00,31-45,Female,North,Pediatrics,Observation,Routine,5.6,44350
3171,2022-05-13 2:00:00,46-60,Female,North,Neurology,Medication,Routine,6.2,81299
3172,2022-05-13 3:00:00,31-45,Male,North,Pediatrics,Surgery,Emergency,6.8,37546
3173,2022-05-13 4:00:00,18-30,Male,North,Cardiology,Medication,Emergency,11.2,55131
3174,2022-05-13 5:00:00,18-30,Male,South,General Medicine,Therapy,Routine,4.1,85707
3175,2022-05-13 6:00:00,18-30,Male,North,General Medicine,Medication,Routine,6.8,41372
3176,2022-05-13 7:00:00,18-30,Male,West,Neurology,Medication,Routine,6,76080
3177,2022-05-13 8:00:00,46-60,Female,West,Neurology,Surgery,Routine,6,94493
3178,2022-05-13 9:00:00,60+,Male,East,Pediatrics,Therapy,Routine,7.5,58421
3179,2022-05-13 10:00:00,46-60,Male,North,Neurology,Observation,Routine,3.2,44460
3180,2022-05-13 11:00:00,46-60,Male,West,Pediatrics,Observation,Emergency,3,39545
3181,2022-05-13 12:00:00,18-30,Female,West,Neurology,Observation,Routine,4.6,81092
3182,2022-05-13 13:00:00,31-45,Female,West,Pediatrics,Observation,Routine,3.6,80534
3183,2022-05-13 14:00:00,31-45,Female,South,Neurology,Surgery,Emergency,4.6,83986
3184,2022-05-13 15:00:00,18-30,Male,North,Orthopedics,Therapy,Routine,7.1,54343
3185,2022-05-13 16:00:00,31-45,Male,South,Pediatrics,Surgery,Routine,3,75756
3186,2022-05-13 17:00:00,31-45,Male,South,Orthopedics,Medication,Routine,3.4,54023
3187,2022-05-13 18:00:00,31-45,Male,West,Orthopedics,Therapy,Routine,4.3,37339
3188,2022-05-13 19:00:00,31-45,Male,West,Orthopedics,Therapy,Routine,3.5,77484
3189,2022-05-13 20:00:00,46-60,Female,East,Orthopedics,Observation,Routine,0.2,87677
3190,2022-05-13 21:00:00,46-60,Male,North,Cardiology,Observation,Routine,2.8,34588
3191,2022-05-13 22:00:00,31-45,Female,North,General Medicine,Observation,Routine,5.4,34211
3192,2022-05-13 23:00:00,60+,Male,West,Cardiology,Observation,Routine,6.9,55800
3193,2022-05-14 0:00:00,60+,Female,West,Neurology,Medication,Emergency,1.7,74123
3194,2022-05-14 1:00:00,31-45,Female,North,Neurology,Observation,Routine,1.7,32324
3195,2022-05-14 2:00:00,31-45,Female,East,General Medicine,Surgery,Routine,4.1,59540
3196,2022-05-14 3:00:00,31-45,Female,West,General Medicine,Therapy,Routine,0.2,43191
3197,2022-05-14 4:00:00,60+,Male,East,General Medicine,Medication,Routine,3.1,69017
3198,2022-05-14 5:00:00,60+,Male,South,Orthopedics,Medication,Routine,0.5,39042
3199,2022-05-14 6:00:00,18-30,Male,West,Cardiology,Therapy,Emergency,6.7,70436
3200,2022-05-14 7:00:00,31-45,Female,South,Neurology,Therapy,Routine,2.5,51836
3201,2022-05-14 8:00:00,31-45,Male,West,Cardiology,Therapy,Emergency,7.3,36257
3202,2022-05-14 9:00:00,31-45,Male,South,Cardiology,Medication,Emergency,6.2,56274
3203,2022-05-14 10:00:00,18-30,Male,West,Cardiology,Surgery,Emergency,2.7,16241
3204,2022-05-14 11:00:00,60+,Male,East,General Medicine,Surgery,Routine,1.9,43818
3205,2022-05-14 12:00:00,46-60,Female,East,General Medicine,Therapy,Emergency,3.6,61748
3206,2022-05-14 13:00:00,46-60,Female,East,Neurology,Medication,Routine,3.8,19565
3207,2022-05-14 14:00:00,60+,Male,South,Neurology,Observation,Routine,4.7,3577
3208,2022-05-14 15:00:00,46-60,Male,East,Neurology,Medication,Routine,2.4,8213
3209,2022-05-14 16:00:00,31-45,Male,South,Cardiology,Therapy,Emergency,5.5,81543
3210,2022-05-14 17:00:00,46-60,Female,West,General Medicine,Medication,Routine,4.5,53465
3211,2022-05-14 18:00:00,18-30,Female,South,Orthopedics,Medication,Routine,3.3,44351
3212,2022-05-14 19:00:00,46-60,Female,West,Cardiology,Medication,Routine,2.6,73903
3213,2022-05-14 20:00:00,18-30,Male,North,Pediatrics,Observation,Routine,3.6,46911
3214,2022-05-14 21:00:00,46-60,Female,North,Cardiology,Therapy,Routine,2.4,60369
3215,2022-05-14 22:00:00,18-30,Female,North,General Medicine,Therapy,Emergency,4.1,55515
3216,2022-05-14 23:00:00,18-30,Female,South,Pediatrics,Therapy,Emergency,4.2,45580
3217,2022-05-15 0:00:00,18-30,Female,North,Cardiology,Surgery,Emergency,4.5,60883
3218,2022-05-15 1:00:00,18-30,Female,North,General Medicine,Surgery,Routine,7.5,70465
3219,2022-05-15 2:00:00,46-60,Male,North,General Medicine,Therapy,Routine,3.7,51302
3220,2022-05-15 3:00:00,46-60,Male,West,Orthopedics,Medication,Routine,6,45789
3221,2022-05-15 4:00:00,31-45,Male,East,Cardiology,Medication,Routine,4.5,48150
3222,2022-05-15 5:00:00,18-30,Male,South,General Medicine,Therapy,Routine,3.5,9042
3223,2022-05-15 6:00:00,18-30,Female,North,Neurology,Observation,Emergency,3.8,60661
3224,2022-05-15 7:00:00,18-30,Male,West,General Medicine,Observation,Routine,3.9,30818
3225,2022-05-15 8:00:00,18-30,Male,East,Orthopedics,Medication,Emergency,4.6,67594
3226,2022-05-15 9:00:00,60+,Male,East,General Medicine,Medication,Emergency,2.1,53192
3227,2022-05-15 10:00:00,18-30,Female,East,Cardiology,Surgery,Routine,1.1,57102
3228,2022-05-15 11:00:00,31-45,Male,West,Cardiology,Observation,Emergency,5.3,69007
3229,2022-05-15 12:00:00,18-30,Female,North,Pediatrics,Medication,Emergency,5.8,36470
3230,2022-05-15 13:00:00,18-30,Female,East,Cardiology,Medication,Routine,5.5,62385
3231,2022-05-15 14:00:00,31-45,Female,West,Pediatrics,Therapy,Routine,4.3,60352
3232,2022-05-15 15:00:00,46-60,Male,West,Neurology,Surgery,Routine,5.5,51304
3233,2022-05-15 16:00:00,18-30,Female,South,Orthopedics,Observation,Routine,5.4,36436
3234,2022-05-15 17:00:00,18-30,Male,West,Neurology,Observation,Routine,5.6,66905
3235,2022-05-15 18:00:00,31-45,Male,East,Pediatrics,Surgery,Routine,2.3,69069
3236,2022-05-15 19:00:00,18-30,Male,East,General Medicine,Medication,Routine,1.8,57272
3237,2022-05-15 20:00:00,18-30,Female,West,General Medicine,Observation,Routine,3.2,33594
3238,2022-05-15 21:00:00,60+,Female,East,Neurology,Observation,Routine,4,44451
3239,2022-05-15 22:00:00,46-60,Male,West,General Medicine,Observation,Routine,3.5,53793
3240,2022-05-15 23:00:00,31-45,Female,East,Pediatrics,Therapy,Routine,0.2,68770
3241,2022-05-16 0:00:00,31-45,Female,South,Orthopedics,Surgery,Routine,7.4,23330
3242,2022-05-16 1:00:00,31-45,Female,North,Cardiology,Observation,Routine,3.5,43724
3243,2022-05-16 2:00:00,31-45,Male,South,Pediatrics,Surgery,Emergency,4.3,46947
3244,2022-05-16 3:00:00,46-60,Female,South,Pediatrics,Medication,Routine,6.5,53336
3245,2022-05-16 4:00:00,46-60,Female,North,Cardiology,Surgery,Routine,0.7,28973
3246,2022-05-16 5:00:00,18-30,Male,East,Cardiology,Therapy,Routine,3,50649
3247,2022-05-16 6:00:00,31-45,Female,North,Orthopedics,Therapy,Routine,3.2,48790
3248,2022-05-16 7:00:00,31-45,Male,West,Orthopedics,Surgery,Routine,3.3,34248
3249,2022-05-16 8:00:00,60+,Female,North,Orthopedics,Therapy,Routine,3.7,52641
3250,2022-05-16 9:00:00,46-60,Female,South,General Medicine,Observation,Emergency,6.9,44177
3251,2022-05-16 10:00:00,31-45,Female,North,Pediatrics,Therapy,Emergency,5.3,64912
3252,2022-05-16 11:00:00,18-30,Female,East,Cardiology,Medication,Routine,5.9,37293
3253,2022-05-16 12:00:00,46-60,Female,South,Pediatrics,Surgery,Emergency,4.1,56797
3254,2022-05-16 13:00:00,18-30,Female,West,Pediatrics,Surgery,Routine,1.2,38832
3255,2022-05-16 14:00:00,31-45,Male,East,Orthopedics,Medication,Emergency,0.2,43005
3256,2022-05-16 15:00:00,18-30,Female,South,Orthopedics,Medication,Routine,0.9,60946
3257,2022-05-16 16:00:00,46-60,Female,West,Pediatrics,Medication,Routine,4.7,59694
3258,2022-05-16 17:00:00,18-30,Female,East,Orthopedics,Medication,Routine,4.1,46660
3259,2022-05-16 18:00:00,31-45,Male,West,General Medicine,Observation,Routine,3.6,49612
3260,2022-05-16 19:00:00,60+,Male,North,Cardiology,Therapy,Emergency,3.3,25928
3261,2022-05-16 20:00:00,18-30,Male,North,Pediatrics,Therapy,Routine,8,83055
3262,2022-05-16 21:00:00,31-45,Female,West,Cardiology,Observation,Routine,2.4,68749
3263,2022-05-16 22:00:00,31-45,Female,North,General Medicine,Medication,Routine,5.9,68029
3264,2022-05-16 23:00:00,18-30,Male,West,Orthopedics,Surgery,Routine,4,23099
3265,2022-05-17 0:00:00,46-60,Male,East,Neurology,Surgery,Routine,3.9,43090
3266,2022-05-17 1:00:00,18-30,Male,South,General Medicine,Surgery,Emergency,6.4,48309
3267,2022-05-17 2:00:00,31-45,Female,West,Neurology,Medication,Emergency,6.9,16379
3268,2022-05-17 3:00:00,31-45,Male,South,Cardiology,Observation,Routine,3.5,72799
3269,2022-05-17 4:00:00,46-60,Female,South,Pediatrics,Observation,Routine,5.6,84078
3270,2022-05-17 5:00:00,46-60,Female,West,Orthopedics,Observation,Routine,4.7,96239
3271,2022-05-17 6:00:00,31-45,Female,North,General Medicine,Therapy,Emergency,4,34082
3272,2022-05-17 7:00:00,18-30,Male,East,Orthopedics,Therapy,Emergency,4.4,57346
3273,2022-05-17 8:00:00,46-60,Female,South,Neurology,Therapy,Routine,2.6,81456
3274,2022-05-17 9:00:00,31-45,Male,East,Neurology,Therapy,Emergency,3.4,49928
3275,2022-05-17 10:00:00,46-60,Male,South,Pediatrics,Surgery,Routine,2.8,43660
3276,2022-05-17 11:00:00,46-60,Male,West,Neurology,Surgery,Routine,5.8,17680
3277,2022-05-17 12:00:00,46-60,Male,North,Pediatrics,Observation,Emergency,3.8,77652
3278,2022-05-17 13:00:00,31-45,Female,East,General Medicine,Therapy,Routine,1.4,54615
3279,2022-05-17 14:00:00,31-45,Female,South,Pediatrics,Observation,Routine,2.6,40413
3280,2022-05-17 15:00:00,46-60,Female,West,Neurology,Medication,Routine,2.4,60677
3281,2022-05-17 16:00:00,31-45,Female,West,Cardiology,Therapy,Routine,3,58060
3282,2022-05-17 17:00:00,18-30,Male,South,Pediatrics,Therapy,Routine,4.1,58365
3283,2022-05-17 18:00:00,60+,Male,South,Orthopedics,Observation,Emergency,3.7,50658
3284,2022-05-17 19:00:00,60+,Male,South,Cardiology,Observation,Routine,8,87447
3285,2022-05-17 20:00:00,31-45,Male,North,Pediatrics,Medication,Emergency,5.1,52327
3286,2022-05-17 21:00:00,18-30,Female,South,Orthopedics,Observation,Routine,5.1,87386
3287,2022-05-17 22:00:00,31-45,Male,South,Cardiology,Therapy,Routine,0.7,66282
3288,2022-05-17 23:00:00,46-60,Female,North,Pediatrics,Surgery,Emergency,3.3,62023
3289,2022-05-18 0:00:00,60+,Male,West,General Medicine,Medication,Routine,3,52735
3290,2022-05-18 1:00:00,18-30,Male,South,Orthopedics,Medication,Routine,2.4,74479
3291,2022-05-18 2:00:00,18-30,Male,East,General Medicine,Therapy,Routine,2.4,57260
3292,2022-05-18 3:00:00,60+,Male,West,Neurology,Surgery,Routine,0.4,36357
3293,2022-05-18 4:00:00,31-45,Female,East,Pediatrics,Observation,Routine,1.4,35690
3294,2022-05-18 5:00:00,31-45,Female,South,Pediatrics,Observation,Emergency,5.7,63450
3295,2022-05-18 6:00:00,60+,Female,North,Orthopedics,Surgery,Emergency,3.7,36852
3296,2022-05-18 7:00:00,18-30,Female,North,Pediatrics,Surgery,Routine,3,53755
3297,2022-05-18 8:00:00,46-60,Male,North,Neurology,Therapy,Emergency,4,76144
3298,2022-05-18 9:00:00,18-30,Male,South,Pediatrics,Observation,Emergency,6.3,61079
3299,2022-05-18 10:00:00,31-45,Female,South,Cardiology,Therapy,Emergency,4,40557
3300,2022-05-18 11:00:00,46-60,Female,East,General Medicine,Observation,Routine,5.1,83200
3301,2022-05-18 12:00:00,31-45,Male,North,Neurology,Observation,Routine,2.3,65958
3302,2022-05-18 13:00:00,60+,Male,South,Neurology,Surgery,Routine,2.8,75356
3303,2022-05-18 14:00:00,31-45,Female,West,General Medicine,Therapy,Routine,4.7,9649
3304,2022-05-18 15:00:00,31-45,Female,South,General Medicine,Surgery,Routine,7.8,61617
3305,2022-05-18 16:00:00,18-30,Female,South,Neurology,Therapy,Routine,6.9,71843
3306,2022-05-18 17:00:00,31-45,Male,West,General Medicine,Observation,Routine,5.2,89006
3307,2022-05-18 18:00:00,31-45,Female,North,Orthopedics,Medication,Routine,4.3,25724
3308,2022-05-18 19:00:00,18-30,Female,West,General Medicine,Medication,Routine,6.8,79122
3309,2022-05-18 20:00:00,31-45,Female,North,Cardiology,Therapy,Routine,5.6,87888
3310,2022-05-18 21:00:00,31-45,Female,West,Cardiology,Therapy,Emergency,0.6,14654
3311,2022-05-18 22:00:00,46-60,Female,East,Orthopedics,Surgery,Routine,1.9,64572
3312,2022-05-18 23:00:00,46-60,Male,North,General Medicine,Observation,Emergency,4.7,67352
3313,2022-05-19 0:00:00,46-60,Female,South,Cardiology,Medication,Emergency,0.4,48460
3314,2022-05-19 1:00:00,18-30,Male,East,Pediatrics,Surgery,Emergency,2.2,45198
3315,2022-05-19 2:00:00,18-30,Female,North,General Medicine,Therapy,Emergency,2.6,68357
3316,2022-05-19 3:00:00,46-60,Female,North,Orthopedics,Observation,Emergency,3.5,42700
3317,2022-05-19 4:00:00,31-45,Female,North,General Medicine,Surgery,Routine,3.4,50655
3318,2022-05-19 5:00:00,18-30,Male,West,Neurology,Surgery,Emergency,3.4,71249
3319,2022-05-19 6:00:00,46-60,Male,North,Neurology,Therapy,Emergency,5.7,90081
3320,2022-05-19 7:00:00,46-60,Male,South,Cardiology,Observation,Emergency,3.5,65760
3321,2022-05-19 8:00:00,31-45,Female,North,Neurology,Medication,Routine,3.2,57670
3322,2022-05-19 9:00:00,18-30,Female,South,Orthopedics,Surgery,Routine,1.3,44672
3323,2022-05-19 10:00:00,46-60,Male,South,Cardiology,Therapy,Routine,6,34788
3324,2022-05-19 11:00:00,31-45,Male,South,Orthopedics,Surgery,Routine,2.7,77192
3325,2022-05-19 12:00:00,46-60,Female,East,Orthopedics,Therapy,Emergency,1.8,51931
3326,2022-05-19 13:00:00,46-60,Male,South,Neurology,Therapy,Routine,4.4,78014
3327,2022-05-19 14:00:00,46-60,Female,West,Neurology,Therapy,Routine,2.5,48409
3328,2022-05-19 15:00:00,31-45,Male,North,Orthopedics,Observation,Routine,2.9,42014
3329,2022-05-19 16:00:00,18-30,Male,West,Neurology,Medication,Routine,4.5,63416
3330,2022-05-19 17:00:00,46-60,Male,East,Neurology,Observation,Routine,3.3,53469
3331,2022-05-19 18:00:00,46-60,Female,North,Neurology,Medication,Routine,8.6,30889
3332,2022-05-19 19:00:00,46-60,Female,South,General Medicine,Therapy,Routine,3.9,91347
3333,2022-05-19 20:00:00,18-30,Male,North,Orthopedics,Medication,Routine,5.2,42460
3334,2022-05-19 21:00:00,18-30,Female,East,Pediatrics,Observation,Routine,0.1,73552
3335,2022-05-19 22:00:00,60+,Female,East,Orthopedics,Surgery,Emergency,2.3,71837
3336,2022-05-19 23:00:00,46-60,Female,West,Cardiology,Observation,Emergency,1.8,29811
3337,2022-05-20 0:00:00,60+,Female,North,Neurology,Observation,Emergency,2.1,34952
3338,2022-05-20 1:00:00,46-60,Male,North,Neurology,Observation,Routine,4.8,48970
3339,2022-05-20 2:00:00,31-45,Female,North,Pediatrics,Observation,Routine,6.1,37687
3340,2022-05-20 3:00:00,46-60,Female,West,Cardiology,Observation,Routine,4.7,89529
3341,2022-05-20 4:00:00,60+,Male,East,General Medicine,Medication,Emergency,3.5,50996
3342,2022-05-20 5:00:00,31-45,Female,South,Orthopedics,Medication,Emergency,2.7,72795
3343,2022-05-20 6:00:00,46-60,Female,North,General Medicine,Surgery,Routine,6.2,65273
3344,2022-05-20 7:00:00,18-30,Female,West,Cardiology,Observation,Emergency,8.1,60280
3345,2022-05-20 8:00:00,31-45,Male,West,Pediatrics,Observation,Routine,4.3,55806
3346,2022-05-20 9:00:00,46-60,Male,South,Cardiology,Surgery,Routine,5.9,79743
3347,2022-05-20 10:00:00,31-45,Female,East,Pediatrics,Surgery,Routine,4.7,38498
3348,2022-05-20 11:00:00,18-30,Female,North,General Medicine,Therapy,Routine,5.5,89527
3349,2022-05-20 12:00:00,31-45,Male,North,General Medicine,Surgery,Routine,1.7,29256
3350,2022-05-20 13:00:00,18-30,Male,West,Cardiology,Surgery,Emergency,3,70630
3351,2022-05-20 14:00:00,18-30,Male,East,Cardiology,Surgery,Routine,4.8,26897
3352,2022-05-20 15:00:00,31-45,Female,North,Neurology,Therapy,Routine,6.4,48686
3353,2022-05-20 16:00:00,60+,Female,South,Pediatrics,Medication,Emergency,2.4,56866
3354,2022-05-20 17:00:00,31-45,Male,East,Neurology,Therapy,Routine,0.1,45266
3355,2022-05-20 18:00:00,18-30,Female,East,Orthopedics,Medication,Routine,3,51367
3356,2022-05-20 19:00:00,18-30,Female,West,Orthopedics,Surgery,Routine,6,27261
3357,2022-05-20 20:00:00,46-60,Female,West,Cardiology,Therapy,Routine,0.8,35251
3358,2022-05-20 21:00:00,31-45,Female,North,General Medicine,Therapy,Routine,1.6,64965
3359,2022-05-20 22:00:00,46-60,Female,West,Orthopedics,Medication,Routine,4.3,55593
3360,2022-05-20 23:00:00,46-60,Female,East,Orthopedics,Therapy,Routine,3.8,41189
3361,2022-05-21 0:00:00,46-60,Female,North,Neurology,Therapy,Routine,5.2,81486
3362,2022-05-21 1:00:00,31-45,Male,North,Neurology,Observation,Emergency,1.5,30601
3363,2022-05-21 2:00:00,46-60,Male,East,Orthopedics,Medication,Emergency,3.4,47768
3364,2022-05-21 3:00:00,31-45,Male,North,Cardiology,Therapy,Emergency,6.4,44887
3365,2022-05-21 4:00:00,60+,Male,South,Neurology,Therapy,Routine,1.6,67301
3366,2022-05-21 5:00:00,46-60,Male,South,Orthopedics,Surgery,Routine,7,55963
3367,2022-05-21 6:00:00,31-45,Male,North,General Medicine,Observation,Emergency,1.9,52837
3368,2022-05-21 7:00:00,31-45,Male,West,Neurology,Observation,Routine,5.7,18116
3369,2022-05-21 8:00:00,18-30,Male,South,Orthopedics,Surgery,Routine,3.3,72301
3370,2022-05-21 9:00:00,46-60,Male,North,Pediatrics,Surgery,Emergency,1.7,50643
3371,2022-05-21 10:00:00,18-30,Female,South,Neurology,Surgery,Routine,3,57313
3372,2022-05-21 11:00:00,31-45,Female,West,Pediatrics,Surgery,Routine,5.1,40029
3373,2022-05-21 12:00:00,31-45,Male,East,Neurology,Observation,Emergency,4,36883
3374,2022-05-21 13:00:00,46-60,Female,North,Neurology,Therapy,Emergency,6.2,84986
3375,2022-05-21 14:00:00,46-60,Female,North,Pediatrics,Therapy,Routine,6.9,19535
3376,2022-05-21 15:00:00,46-60,Male,North,Cardiology,Surgery,Routine,1.6,33916
3377,2022-05-21 16:00:00,46-60,Male,North,Orthopedics,Medication,Routine,1.5,84610
3378,2022-05-21 17:00:00,18-30,Male,North,Cardiology,Surgery,Emergency,1.4,67815
3379,2022-05-21 18:00:00,18-30,Female,North,Cardiology,Therapy,Routine,2.2,48491
3380,2022-05-21 19:00:00,46-60,Female,West,Orthopedics,Medication,Routine,6.2,79932
3381,2022-05-21 20:00:00,31-45,Male,East,General Medicine,Surgery,Emergency,5.1,63937
3382,2022-05-21 21:00:00,31-45,Female,West,Cardiology,Medication,Routine,2.9,59653
3383,2022-05-21 22:00:00,18-30,Female,West,Cardiology,Surgery,Emergency,4,59511
3384,2022-05-21 23:00:00,31-45,Female,East,Cardiology,Observation,Emergency,6.8,64305
3385,2022-05-22 0:00:00,18-30,Male,West,General Medicine,Therapy,Routine,7.8,65114
3386,2022-05-22 1:00:00,60+,Female,South,Neurology,Surgery,Emergency,4.5,98919
3387,2022-05-22 2:00:00,18-30,Female,West,Pediatrics,Medication,Routine,1.3,51102
3388,2022-05-22 3:00:00,31-45,Female,North,Pediatrics,Therapy,Emergency,4.6,51719
3389,2022-05-22 4:00:00,18-30,Female,South,General Medicine,Surgery,Emergency,5.9,30262
3390,2022-05-22 5:00:00,46-60,Female,South,Cardiology,Surgery,Routine,4.4,53962
3391,2022-05-22 6:00:00,31-45,Female,East,Pediatrics,Surgery,Emergency,5.5,92258
3392,2022-05-22 7:00:00,60+,Female,West,General Medicine,Surgery,Emergency,4.7,74690
3393,2022-05-22 8:00:00,60+,Male,West,Orthopedics,Observation,Routine,1.5,44127
3394,2022-05-22 9:00:00,31-45,Male,South,Pediatrics,Therapy,Routine,2.2,55601
3395,2022-05-22 10:00:00,60+,Female,West,Orthopedics,Observation,Routine,3.4,29071
3396,2022-05-22 11:00:00,60+,Male,West,Cardiology,Therapy,Routine,6.1,35618
3397,2022-05-22 12:00:00,46-60,Female,East,Pediatrics,Surgery,Emergency,2.5,57989
3398,2022-05-22 13:00:00,46-60,Female,South,General Medicine,Therapy,Emergency,4.9,45111
3399,2022-05-22 14:00:00,18-30,Female,North,Neurology,Medication,Routine,4.6,34108
3400,2022-05-22 15:00:00,31-45,Male,South,Pediatrics,Therapy,Routine,7.2,64797
3401,2022-05-22 16:00:00,18-30,Female,East,Pediatrics,Medication,Routine,3.9,53355
3402,2022-05-22 17:00:00,18-30,Female,East,Pediatrics,Medication,Routine,0.5,23649
3403,2022-05-22 18:00:00,60+,Male,East,Pediatrics,Observation,Routine,5.3,13497
3404,2022-05-22 19:00:00,31-45,Male,West,General Medicine,Therapy,Routine,8.3,43600
3405,2022-05-22 20:00:00,46-60,Female,South,General Medicine,Surgery,Routine,5.4,23235
3406,2022-05-22 21:00:00,46-60,Male,West,Neurology,Therapy,Emergency,2.4,17622
3407,2022-05-22 22:00:00,60+,Male,West,General Medicine,Observation,Routine,1.8,77579
3408,2022-05-22 23:00:00,60+,Female,South,General Medicine,Medication,Routine,2.1,53046
3409,2022-05-23 0:00:00,18-30,Female,East,Cardiology,Medication,Routine,8,49691
3410,2022-05-23 1:00:00,18-30,Female,North,Cardiology,Observation,Emergency,3.3,51232
3411,2022-05-23 2:00:00,31-45,Male,North,Orthopedics,Observation,Emergency,2.7,32243
3412,2022-05-23 3:00:00,18-30,Male,South,Neurology,Therapy,Emergency,3.7,63220
3413,2022-05-23 4:00:00,18-30,Male,South,Cardiology,Medication,Routine,3.4,52386
3414,2022-05-23 5:00:00,31-45,Female,East,Neurology,Observation,Routine,7.1,39852
3415,2022-05-23 6:00:00,46-60,Male,South,Neurology,Therapy,Routine,2,42847
3416,2022-05-23 7:00:00,31-45,Male,South,Pediatrics,Therapy,Routine,6.4,30451
3417,2022-05-23 8:00:00,31-45,Female,East,Neurology,Surgery,Routine,4.2,46875
3418,2022-05-23 9:00:00,46-60,Female,East,Pediatrics,Medication,Emergency,6.4,50207
3419,2022-05-23 10:00:00,18-30,Female,West,Orthopedics,Therapy,Routine,7.2,46354
3420,2022-05-23 11:00:00,18-30,Male,South,Orthopedics,Observation,Routine,4.2,56103
3421,2022-05-23 12:00:00,46-60,Female,North,Orthopedics,Medication,Emergency,3.4,53430
3422,2022-05-23 13:00:00,46-60,Male,South,Pediatrics,Observation,Routine,4.1,59615
3423,2022-05-23 14:00:00,46-60,Male,North,Pediatrics,Observation,Routine,3.8,73862
3424,2022-05-23 15:00:00,18-30,Female,North,Orthopedics,Therapy,Routine,0.7,66860
3425,2022-05-23 16:00:00,46-60,Female,North,Pediatrics,Therapy,Routine,7.1,74092
3426,2022-05-23 17:00:00,46-60,Female,West,General Medicine,Surgery,Emergency,4.5,38045
3427,2022-05-23 18:00:00,31-45,Female,East,General Medicine,Observation,Routine,1.7,44828
3428,2022-05-23 19:00:00,46-60,Female,East,Pediatrics,Therapy,Emergency,0.1,68072
3429,2022-05-23 20:00:00,60+,Male,West,Pediatrics,Surgery,Emergency,0.7,68430
3430,2022-05-23 21:00:00,31-45,Male,East,Cardiology,Medication,Emergency,5.5,41428
3431,2022-05-23 22:00:00,31-45,Male,West,Cardiology,Surgery,Routine,2.8,67232
3432,2022-05-23 23:00:00,60+,Female,South,Neurology,Surgery,Routine,3.1,36129
3433,2022-05-24 0:00:00,46-60,Male,West,Neurology,Observation,Routine,5,64621
3434,2022-05-24 1:00:00,31-45,Female,East,Neurology,Medication,Routine,3,54474
3435,2022-05-24 2:00:00,46-60,Female,East,Orthopedics,Observation,Emergency,5.1,27311
3436,2022-05-24 3:00:00,31-45,Male,South,General Medicine,Observation,Routine,4.2,46319
3437,2022-05-24 4:00:00,18-30,Male,West,Orthopedics,Surgery,Emergency,3.8,98645
3438,2022-05-24 5:00:00,31-45,Female,South,Pediatrics,Surgery,Routine,0.9,59056
3439,2022-05-24 6:00:00,60+,Male,North,Cardiology,Therapy,Routine,2.4,101009
3440,2022-05-24 7:00:00,60+,Female,West,Pediatrics,Surgery,Emergency,5.2,26121
3441,2022-05-24 8:00:00,31-45,Male,South,Pediatrics,Therapy,Routine,2.6,70015
3442,2022-05-24 9:00:00,31-45,Male,South,Cardiology,Observation,Emergency,6.4,4313
3443,2022-05-24 10:00:00,18-30,Male,East,Pediatrics,Surgery,Routine,8.7,54995
3444,2022-05-24 11:00:00,60+,Male,West,Neurology,Medication,Emergency,5.3,67624
3445,2022-05-24 12:00:00,60+,Male,North,Cardiology,Medication,Routine,7,71758
3446,2022-05-24 13:00:00,46-60,Female,North,Pediatrics,Observation,Emergency,5.4,39015
3447,2022-05-24 14:00:00,46-60,Male,West,Neurology,Observation,Routine,2.9,75782
3448,2022-05-24 15:00:00,46-60,Male,West,Neurology,Surgery,Routine,4.4,44326
3449,2022-05-24 16:00:00,31-45,Male,South,General Medicine,Therapy,Emergency,8,51718
3450,2022-05-24 17:00:00,18-30,Female,East,Neurology,Surgery,Emergency,3,46334
3451,2022-05-24 18:00:00,31-45,Female,East,Orthopedics,Therapy,Routine,1.9,32272
3452,2022-05-24 19:00:00,46-60,Female,East,Cardiology,Surgery,Routine,1.7,86394
3453,2022-05-24 20:00:00,46-60,Female,West,Cardiology,Medication,Routine,3.6,55960
3454,2022-05-24 21:00:00,31-45,Female,East,Cardiology,Medication,Routine,2,76746
3455,2022-05-24 22:00:00,60+,Male,South,Pediatrics,Therapy,Emergency,7.3,75894
3456,2022-05-24 23:00:00,18-30,Male,West,Pediatrics,Surgery,Routine,4.4,35641
3457,2022-05-25 0:00:00,31-45,Male,West,Orthopedics,Observation,Routine,5.9,79323
3458,2022-05-25 1:00:00,46-60,Female,East,Neurology,Therapy,Routine,3.4,65068
3459,2022-05-25 2:00:00,46-60,Female,North,Pediatrics,Medication,Routine,1.7,34182
3460,2022-05-25 3:00:00,46-60,Male,North,Neurology,Therapy,Emergency,1.4,63977
3461,2022-05-25 4:00:00,31-45,Female,South,Neurology,Surgery,Emergency,2.2,34541
3462,2022-05-25 5:00:00,18-30,Female,East,Pediatrics,Observation,Routine,4.7,87129
3463,2022-05-25 6:00:00,46-60,Female,East,Pediatrics,Observation,Emergency,5,71276
3464,2022-05-25 7:00:00,31-45,Male,West,Orthopedics,Therapy,Routine,5.2,53577
3465,2022-05-25 8:00:00,18-30,Male,West,General Medicine,Surgery,Routine,1,80296
3466,2022-05-25 9:00:00,46-60,Female,East,Cardiology,Surgery,Routine,4,23360
3467,2022-05-25 10:00:00,31-45,Female,West,Pediatrics,Observation,Routine,1.9,40013
3468,2022-05-25 11:00:00,46-60,Female,East,Pediatrics,Medication,Routine,4.8,49952
3469,2022-05-25 12:00:00,46-60,Female,South,Neurology,Surgery,Routine,5,99714
3470,2022-05-25 13:00:00,18-30,Male,West,General Medicine,Observation,Emergency,1.7,33590
3471,2022-05-25 14:00:00,18-30,Female,East,Pediatrics,Observation,Emergency,5.9,20854
3472,2022-05-25 15:00:00,46-60,Male,West,General Medicine,Surgery,Emergency,8.7,26112
3473,2022-05-25 16:00:00,46-60,Male,South,Cardiology,Surgery,Routine,5.7,73124
3474,2022-05-25 17:00:00,46-60,Male,West,Neurology,Therapy,Routine,3.7,43116
3475,2022-05-25 18:00:00,46-60,Female,East,Orthopedics,Medication,Routine,3.4,51818
3476,2022-05-25 19:00:00,46-60,Male,West,Cardiology,Therapy,Routine,3.6,70257
3477,2022-05-25 20:00:00,60+,Male,West,General Medicine,Therapy,Routine,2.5,51838
3478,2022-05-25 21:00:00,31-45,Female,East,General Medicine,Observation,Routine,4.5,59083
3479,2022-05-25 22:00:00,31-45,Female,North,Cardiology,Observation,Routine,1.7,65704
3480,2022-05-25 23:00:00,31-45,Female,West,General Medicine,Medication,Routine,0.2,46386
3481,2022-05-26 0:00:00,18-30,Male,West,Orthopedics,Therapy,Routine,4.4,51674
3482,2022-05-26 1:00:00,31-45,Female,South,Orthopedics,Therapy,Routine,4,59839
3483,2022-05-26 2:00:00,31-45,Male,North,General Medicine,Observation,Routine,2.9,72364
3484,2022-05-26 3:00:00,60+,Male,South,General Medicine,Observation,Routine,1.4,39153
3485,2022-05-26 4:00:00,31-45,Female,East,Orthopedics,Surgery,Emergency,4.6,5412
3486,2022-05-26 5:00:00,31-45,Male,East,General Medicine,Therapy,Routine,2,68592
3487,2022-05-26 6:00:00,31-45,Male,South,Pediatrics,Medication,Emergency,3.7,73554
3488,2022-05-26 7:00:00,18-30,Male,West,Neurology,Therapy,Routine,7.5,59001
3489,2022-05-26 8:00:00,18-30,Male,North,Pediatrics,Observation,Routine,5.3,60366
3490,2022-05-26 9:00:00,31-45,Female,South,General Medicine,Surgery,Emergency,1.3,43714
3491,2022-05-26 10:00:00,18-30,Male,South,General Medicine,Therapy,Routine,1.5,65004
3492,2022-05-26 11:00:00,46-60,Female,East,Neurology,Medication,Routine,4.3,72063
3493,2022-05-26 12:00:00,60+,Male,West,General Medicine,Observation,Emergency,1.2,56130
3494,2022-05-26 13:00:00,60+,Male,North,Neurology,Surgery,Routine,0,104825
3495,2022-05-26 14:00:00,46-60,Female,South,Orthopedics,Therapy,Routine,5.1,23725
3496,2022-05-26 15:00:00,18-30,Male,North,Neurology,Medication,Emergency,4.6,58259
3497,2022-05-26 16:00:00,60+,Male,North,Neurology,Observation,Emergency,4.9,31513
3498,2022-05-26 17:00:00,60+,Male,South,Pediatrics,Medication,Routine,4.5,72597
3499,2022-05-26 18:00:00,18-30,Male,North,General Medicine,Therapy,Routine,3.9,23370
3500,2022-05-26 19:00:00,46-60,Male,East,Orthopedics,Observation,Emergency,2.7,28322
3501,2022-05-26 20:00:00,31-45,Male,West,Cardiology,Therapy,Routine,5,42336
3502,2022-05-26 21:00:00,46-60,Female,West,Neurology,Surgery,Routine,7.1,60317
3503,2022-05-26 22:00:00,60+,Female,West,Cardiology,Therapy,Routine,3,43091
3504,2022-05-26 23:00:00,18-30,Female,East,General Medicine,Surgery,Emergency,2,43291
3505,2022-05-27 0:00:00,60+,Male,East,Neurology,Therapy,Routine,1.7,51382
3506,2022-05-27 1:00:00,46-60,Male,East,Cardiology,Medication,Emergency,2.3,50155
3507,2022-05-27 2:00:00,60+,Male,West,Pediatrics,Medication,Routine,4.4,84749
3508,2022-05-27 3:00:00,31-45,Female,North,Cardiology,Observation,Routine,0.3,68718
3509,2022-05-27 4:00:00,46-60,Male,East,Pediatrics,Medication,Emergency,4.9,48508
3510,2022-05-27 5:00:00,18-30,Female,South,Orthopedics,Medication,Emergency,5.3,96940
3511,2022-05-27 6:00:00,31-45,Male,East,General Medicine,Surgery,Routine,0.4,64833
3512,2022-05-27 7:00:00,18-30,Male,South,Cardiology,Medication,Routine,2,35621
3513,2022-05-27 8:00:00,60+,Male,West,Neurology,Surgery,Emergency,4.2,60130
3514,2022-05-27 9:00:00,46-60,Female,South,General Medicine,Surgery,Routine,3.7,65710
3515,2022-05-27 10:00:00,60+,Male,East,Cardiology,Surgery,Routine,5,41248
3516,2022-05-27 11:00:00,60+,Female,East,Neurology,Therapy,Routine,3.7,33950
3517,2022-05-27 12:00:00,18-30,Male,North,Neurology,Surgery,Emergency,6.5,56729
3518,2022-05-27 13:00:00,31-45,Male,West,Neurology,Therapy,Emergency,3.4,47796
3519,2022-05-27 14:00:00,18-30,Female,South,Neurology,Surgery,Emergency,2,84583
3520,2022-05-27 15:00:00,18-30,Male,West,Cardiology,Therapy,Routine,1.9,69823
3521,2022-05-27 16:00:00,18-30,Male,East,Orthopedics,Observation,Routine,5.5,42184
3522,2022-05-27 17:00:00,31-45,Male,North,Pediatrics,Observation,Routine,4.1,63519
3523,2022-05-27 18:00:00,31-45,Male,East,Pediatrics,Therapy,Routine,5.3,80343
3524,2022-05-27 19:00:00,18-30,Female,East,Pediatrics,Observation,Routine,5.2,27124
3525,2022-05-27 20:00:00,18-30,Female,East,Orthopedics,Medication,Routine,0,34544
3526,2022-05-27 21:00:00,18-30,Male,South,Neurology,Surgery,Routine,1.7,54777
3527,2022-05-27 22:00:00,60+,Male,East,Neurology,Therapy,Routine,2,55712
3528,2022-05-27 23:00:00,46-60,Female,West,General Medicine,Observation,Routine,2.4,53956
3529,2022-05-28 0:00:00,60+,Male,West,Pediatrics,Observation,Emergency,3.2,48784
3530,2022-05-28 1:00:00,31-45,Female,North,Pediatrics,Medication,Routine,6,48479
3531,2022-05-28 2:00:00,31-45,Male,West,Neurology,Surgery,Routine,6.4,62685
3532,2022-05-28 3:00:00,46-60,Female,East,Pediatrics,Medication,Routine,3.4,77679
3533,2022-05-28 4:00:00,31-45,Female,East,Neurology,Therapy,Emergency,3.5,45381
3534,2022-05-28 5:00:00,31-45,Female,West,Neurology,Observation,Routine,2.6,103768
3535,2022-05-28 6:00:00,18-30,Female,North,Neurology,Observation,Routine,4.2,94214
3536,2022-05-28 7:00:00,18-30,Male,North,Cardiology,Observation,Routine,4.4,81585
3537,2022-05-28 8:00:00,31-45,Male,West,Cardiology,Medication,Routine,5.6,67450
3538,2022-05-28 9:00:00,31-45,Female,South,Cardiology,Medication,Emergency,5.6,95160
3539,2022-05-28 10:00:00,46-60,Female,South,Cardiology,Surgery,Routine,0.6,49198
3540,2022-05-28 11:00:00,18-30,Female,South,Orthopedics,Therapy,Routine,3.7,38348
3541,2022-05-28 12:00:00,18-30,Female,South,General Medicine,Surgery,Routine,6.8,44481
3542,2022-05-28 13:00:00,46-60,Male,West,General Medicine,Surgery,Routine,3.1,34941
3543,2022-05-28 14:00:00,18-30,Female,North,Neurology,Observation,Routine,6.3,57436
3544,2022-05-28 15:00:00,31-45,Female,East,Pediatrics,Medication,Routine,3.4,60997
3545,2022-05-28 16:00:00,60+,Female,East,Cardiology,Therapy,Emergency,4.3,59017
3546,2022-05-28 17:00:00,18-30,Female,West,General Medicine,Surgery,Emergency,1.7,54751
3547,2022-05-28 18:00:00,18-30,Female,East,General Medicine,Therapy,Emergency,1.8,57663
3548,2022-05-28 19:00:00,31-45,Female,South,Cardiology,Observation,Routine,5.5,89726
3549,2022-05-28 20:00:00,31-45,Female,North,Orthopedics,Surgery,Routine,5.8,67401
3550,2022-05-28 21:00:00,31-45,Male,West,Orthopedics,Medication,Routine,4.1,73450
3551,2022-05-28 22:00:00,46-60,Female,North,General Medicine,Surgery,Routine,1.5,58816
3552,2022-05-28 23:00:00,18-30,Female,West,Orthopedics,Observation,Routine,4.1,22688
3553,2022-05-29 0:00:00,31-45,Female,West,Cardiology,Surgery,Emergency,6.5,18722
3554,2022-05-29 1:00:00,31-45,Male,West,General Medicine,Observation,Routine,7.5,96656
3555,2022-05-29 2:00:00,18-30,Male,West,Cardiology,Surgery,Emergency,3.4,44364
3556,2022-05-29 3:00:00,46-60,Male,North,Orthopedics,Therapy,Routine,0.7,42665
3557,2022-05-29 4:00:00,31-45,Female,East,Cardiology,Medication,Routine,5.7,59913
3558,2022-05-29 5:00:00,31-45,Female,West,Orthopedics,Observation,Routine,3.4,66008
3559,2022-05-29 6:00:00,18-30,Female,South,Orthopedics,Therapy,Routine,5.9,68537
3560,2022-05-29 7:00:00,31-45,Male,West,Cardiology,Observation,Routine,4.6,90488
3561,2022-05-29 8:00:00,31-45,Female,North,Orthopedics,Surgery,Emergency,2.2,85015
3562,2022-05-29 9:00:00,46-60,Male,West,Neurology,Observation,Emergency,4.1,38781
3563,2022-05-29 10:00:00,18-30,Male,South,Cardiology,Observation,Routine,6.6,74375
3564,2022-05-29 11:00:00,31-45,Male,North,Neurology,Medication,Routine,3.7,47318
3565,2022-05-29 12:00:00,31-45,Male,West,Cardiology,Therapy,Emergency,1.9,52250
3566,2022-05-29 13:00:00,46-60,Male,South,Orthopedics,Surgery,Emergency,0.8,33120
3567,2022-05-29 14:00:00,31-45,Female,North,Orthopedics,Medication,Routine,2.5,21139
3568,2022-05-29 15:00:00,46-60,Female,West,General Medicine,Observation,Emergency,3.2,54369
3569,2022-05-29 16:00:00,46-60,Male,South,General Medicine,Medication,Routine,5.6,35880
3570,2022-05-29 17:00:00,60+,Female,North,Neurology,Observation,Routine,1.8,73556
3571,2022-05-29 18:00:00,31-45,Female,West,Orthopedics,Surgery,Routine,7.1,49378
3572,2022-05-29 19:00:00,31-45,Male,North,General Medicine,Observation,Routine,1.3,61172
3573,2022-05-29 20:00:00,46-60,Male,South,Orthopedics,Medication,Routine,8.7,82351
3574,2022-05-29 21:00:00,60+,Female,West,Cardiology,Medication,Routine,7.5,25294
3575,2022-05-29 22:00:00,60+,Female,West,General Medicine,Observation,Routine,4.3,40508
3576,2022-05-29 23:00:00,31-45,Female,West,Neurology,Therapy,Emergency,0.7,58618
3577,2022-05-30 0:00:00,18-30,Female,South,General Medicine,Medication,Emergency,3.9,61250
3578,2022-05-30 1:00:00,31-45,Male,East,Orthopedics,Therapy,Routine,3.2,77070
3579,2022-05-30 2:00:00,46-60,Female,West,Pediatrics,Therapy,Routine,1.5,72343
3580,2022-05-30 3:00:00,31-45,Male,South,Pediatrics,Therapy,Routine,4.6,56939
3581,2022-05-30 4:00:00,31-45,Male,North,Orthopedics,Therapy,Routine,2.4,61068
3582,2022-05-30 5:00:00,46-60,Female,North,Cardiology,Medication,Routine,2.6,61622
3583,2022-05-30 6:00:00,31-45,Female,South,General Medicine,Medication,Routine,3.6,25606
3584,2022-05-30 7:00:00,60+,Female,East,Pediatrics,Therapy,Routine,2.9,51872
3585,2022-05-30 8:00:00,31-45,Male,South,Cardiology,Medication,Routine,8.2,59969
3586,2022-05-30 9:00:00,31-45,Male,North,Orthopedics,Therapy,Routine,2.9,64171
3587,2022-05-30 10:00:00,31-45,Male,North,Cardiology,Therapy,Emergency,4.9,36513
3588,2022-05-30 11:00:00,46-60,Male,West,Orthopedics,Therapy,Routine,4.3,29624
3589,2022-05-30 12:00:00,18-30,Female,East,General Medicine,Observation,Routine,4.7,50309
3590,2022-05-30 13:00:00,18-30,Male,South,Cardiology,Surgery,Routine,4.9,94347
3591,2022-05-30 14:00:00,60+,Male,North,General Medicine,Medication,Routine,5.8,38615
3592,2022-05-30 15:00:00,18-30,Female,North,Cardiology,Medication,Routine,4.5,78479
3593,2022-05-30 16:00:00,31-45,Male,North,Orthopedics,Therapy,Emergency,4.4,86695
3594,2022-05-30 17:00:00,31-45,Male,South,Orthopedics,Observation,Routine,4.1,55909
3595,2022-05-30 18:00:00,31-45,Female,South,Cardiology,Observation,Emergency,3.7,41403
3596,2022-05-30 19:00:00,46-60,Male,East,Orthopedics,Medication,Routine,2.2,65256
3597,2022-05-30 20:00:00,18-30,Male,West,Neurology,Therapy,Routine,3.9,58900
3598,2022-05-30 21:00:00,31-45,Male,West,Neurology,Medication,Routine,4.5,37818
3599,2022-05-30 22:00:00,31-45,Male,West,General Medicine,Therapy,Routine,4.8,41824
3600,2022-05-30 23:00:00,46-60,Female,North,Neurology,Therapy,Routine,4.4,64072
3601,2022-05-31 0:00:00,18-30,Male,West,Neurology,Surgery,Emergency,3.5,73669
3602,2022-05-31 1:00:00,31-45,Female,North,Pediatrics,Therapy,Routine,3.9,48544
3603,2022-05-31 2:00:00,18-30,Male,East,Pediatrics,Surgery,Routine,2.9,53617
3604,2022-05-31 3:00:00,31-45,Female,North,Pediatrics,Medication,Emergency,4.6,68373
3605,2022-05-31 4:00:00,18-30,Female,East,Pediatrics,Medication,Routine,3.6,51550
3606,2022-05-31 5:00:00,18-30,Female,East,Orthopedics,Observation,Routine,4.4,49013
3607,2022-05-31 6:00:00,46-60,Male,West,General Medicine,Surgery,Routine,6,39893
3608,2022-05-31 7:00:00,31-45,Male,West,General Medicine,Medication,Routine,2.6,39546
3609,2022-05-31 8:00:00,60+,Male,North,Neurology,Surgery,Routine,5.2,108378
3610,2022-05-31 9:00:00,60+,Female,South,General Medicine,Medication,Routine,4.1,51076
3611,2022-05-31 10:00:00,31-45,Male,West,Neurology,Surgery,Routine,8,82301
3612,2022-05-31 11:00:00,18-30,Male,West,General Medicine,Surgery,Routine,3.6,88680
3613,2022-05-31 12:00:00,31-45,Male,South,Cardiology,Therapy,Routine,5.4,51328
3614,2022-05-31 13:00:00,46-60,Male,South,Cardiology,Medication,Routine,4,62369
3615,2022-05-31 14:00:00,31-45,Female,West,General Medicine,Observation,Routine,1.2,57050
3616,2022-05-31 15:00:00,18-30,Female,South,Orthopedics,Therapy,Emergency,3,22756
3617,2022-05-31 16:00:00,31-45,Male,North,Neurology,Observation,Routine,5.8,23961
3618,2022-05-31 17:00:00,46-60,Male,East,General Medicine,Surgery,Emergency,3.1,55977
3619,2022-05-31 18:00:00,46-60,Male,East,Neurology,Therapy,Routine,0.4,46502
3620,2022-05-31 19:00:00,18-30,Female,West,Pediatrics,Surgery,Routine,3.9,92832
3621,2022-05-31 20:00:00,46-60,Male,West,General Medicine,Medication,Routine,1.8,50269
3622,2022-05-31 21:00:00,18-30,Female,North,Orthopedics,Medication,Emergency,4.3,94019
3623,2022-05-31 22:00:00,18-30,Female,South,Pediatrics,Observation,Routine,7.1,45472
3624,2022-05-31 23:00:00,60+,Male,West,General Medicine,Medication,Emergency,5.5,93244
3625,2022-06-01 0:00:00,18-30,Male,East,Cardiology,Observation,Emergency,7.1,65128
3626,2022-06-01 1:00:00,31-45,Male,North,General Medicine,Surgery,Routine,2.9,66266
3627,2022-06-01 2:00:00,18-30,Female,North,Cardiology,Therapy,Routine,3.7,44765
3628,2022-06-01 3:00:00,60+,Female,South,Cardiology,Medication,Routine,1.9,66538
3629,2022-06-01 4:00:00,46-60,Male,West,General Medicine,Surgery,Routine,2.6,88854
3630,2022-06-01 5:00:00,46-60,Female,West,General Medicine,Therapy,Routine,2.1,52103
3631,2022-06-01 6:00:00,46-60,Male,North,Cardiology,Surgery,Emergency,1.4,48212
3632,2022-06-01 7:00:00,18-30,Male,East,Neurology,Observation,Routine,6.7,50065
3633,2022-06-01 8:00:00,31-45,Female,West,Pediatrics,Surgery,Routine,0.2,87402
3634,2022-06-01 9:00:00,31-45,Female,East,Orthopedics,Observation,Routine,6.7,72107
3635,2022-06-01 10:00:00,18-30,Female,North,General Medicine,Observation,Emergency,6.5,83954
3636,2022-06-01 11:00:00,31-45,Female,West,Pediatrics,Medication,Routine,5,61272
3637,2022-06-01 12:00:00,60+,Male,East,Pediatrics,Observation,Emergency,1.8,55786
3638,2022-06-01 13:00:00,18-30,Male,North,Neurology,Observation,Emergency,0.8,63479
3639,2022-06-01 14:00:00,31-45,Male,East,Pediatrics,Surgery,Routine,2.9,76403
3640,2022-06-01 15:00:00,18-30,Female,West,General Medicine,Observation,Routine,5.3,50058
3641,2022-06-01 16:00:00,18-30,Male,South,Pediatrics,Observation,Routine,4,82374
3642,2022-06-01 17:00:00,60+,Female,East,General Medicine,Surgery,Routine,1.9,62317
3643,2022-06-01 18:00:00,31-45,Female,South,General Medicine,Therapy,Emergency,6.3,6874
3644,2022-06-01 19:00:00,31-45,Female,West,Cardiology,Medication,Routine,7.4,72670
3645,2022-06-01 20:00:00,46-60,Male,South,Neurology,Surgery,Routine,3.5,29554
3646,2022-06-01 21:00:00,18-30,Female,North,Orthopedics,Observation,Routine,4.2,72183
3647,2022-06-01 22:00:00,31-45,Female,South,Cardiology,Surgery,Routine,1,73030
3648,2022-06-01 23:00:00,31-45,Female,East,Orthopedics,Therapy,Routine,3.2,61598
3649,2022-06-02 0:00:00,31-45,Female,East,General Medicine,Surgery,Routine,5,65874
3650,2022-06-02 1:00:00,60+,Female,South,Cardiology,Surgery,Emergency,4.7,76977
3651,2022-06-02 2:00:00,46-60,Female,North,Pediatrics,Surgery,Routine,3,45087
3652,2022-06-02 3:00:00,31-45,Female,West,Pediatrics,Surgery,Routine,3.5,70869
3653,2022-06-02 4:00:00,46-60,Female,South,Orthopedics,Observation,Emergency,3.1,78260
3654,2022-06-02 5:00:00,18-30,Female,East,General Medicine,Surgery,Emergency,3.4,90202
3655,2022-06-02 6:00:00,18-30,Female,East,Orthopedics,Therapy,Routine,4.8,32884
3656,2022-06-02 7:00:00,18-30,Female,South,Neurology,Surgery,Routine,0.1,63170
3657,2022-06-02 8:00:00,31-45,Female,South,Pediatrics,Surgery,Routine,3.9,35770
3658,2022-06-02 9:00:00,31-45,Male,South,Cardiology,Observation,Routine,4.7,34922
3659,2022-06-02 10:00:00,46-60,Male,West,Cardiology,Observation,Emergency,2.9,62181
3660,2022-06-02 11:00:00,60+,Female,East,Cardiology,Surgery,Routine,3,56549
3661,2022-06-02 12:00:00,31-45,Female,East,Pediatrics,Observation,Emergency,3.1,77900
3662,2022-06-02 13:00:00,31-45,Female,East,General Medicine,Observation,Routine,3,48076
3663,2022-06-02 14:00:00,18-30,Male,West,Pediatrics,Surgery,Routine,4,52319
3664,2022-06-02 15:00:00,18-30,Male,North,Pediatrics,Observation,Routine,4.3,59230
3665,2022-06-02 16:00:00,31-45,Male,East,Cardiology,Medication,Routine,0.2,37763
3666,2022-06-02 17:00:00,31-45,Female,East,Pediatrics,Medication,Routine,5.3,40539
3667,2022-06-02 18:00:00,46-60,Female,North,Cardiology,Medication,Routine,3.4,77322
3668,2022-06-02 19:00:00,18-30,Female,West,General Medicine,Observation,Routine,7.9,44021
3669,2022-06-02 20:00:00,18-30,Female,North,Neurology,Medication,Emergency,1.6,78650
3670,2022-06-02 21:00:00,31-45,Male,North,Cardiology,Therapy,Routine,2.3,67146
3671,2022-06-02 22:00:00,18-30,Female,North,Orthopedics,Medication,Emergency,3.6,24049
3672,2022-06-02 23:00:00,18-30,Male,North,Neurology,Therapy,Routine,4.8,65608
3673,2022-06-03 0:00:00,46-60,Male,West,General Medicine,Observation,Emergency,0.1,65450
3674,2022-06-03 1:00:00,18-30,Female,West,Neurology,Medication,Emergency,2.3,63459
3675,2022-06-03 2:00:00,46-60,Male,North,Cardiology,Therapy,Routine,5.2,52162
3676,2022-06-03 3:00:00,31-45,Male,South,General Medicine,Observation,Emergency,2.1,36199
3677,2022-06-03 4:00:00,18-30,Male,South,Orthopedics,Medication,Routine,6.7,81924
3678,2022-06-03 5:00:00,31-45,Male,South,Cardiology,Surgery,Emergency,3.1,52968
3679,2022-06-03 6:00:00,46-60,Female,South,Cardiology,Medication,Routine,2.2,37332
3680,2022-06-03 7:00:00,31-45,Female,East,General Medicine,Medication,Routine,5.2,64149
3681,2022-06-03 8:00:00,46-60,Male,West,General Medicine,Medication,Routine,7.2,40144
3682,2022-06-03 9:00:00,18-30,Female,West,Neurology,Surgery,Routine,4.8,36018
3683,2022-06-03 10:00:00,46-60,Male,North,Orthopedics,Therapy,Routine,6.5,47491
3684,2022-06-03 11:00:00,18-30,Female,East,Neurology,Therapy,Emergency,7.4,41692
3685,2022-06-03 12:00:00,46-60,Female,North,Neurology,Surgery,Emergency,2.2,36755
3686,2022-06-03 13:00:00,31-45,Female,North,Cardiology,Medication,Routine,5.9,71128
3687,2022-06-03 14:00:00,60+,Female,West,General Medicine,Medication,Emergency,1,52723
3688,2022-06-03 15:00:00,31-45,Female,East,Cardiology,Medication,Emergency,4.8,80046
3689,2022-06-03 16:00:00,18-30,Male,South,Orthopedics,Therapy,Routine,3.9,37910
3690,2022-06-03 17:00:00,18-30,Female,West,Neurology,Therapy,Routine,6.5,20449
3691,2022-06-03 18:00:00,46-60,Male,East,Orthopedics,Surgery,Routine,6.3,57975
3692,2022-06-03 19:00:00,31-45,Male,East,General Medicine,Observation,Emergency,5.1,92120
3693,2022-06-03 20:00:00,46-60,Female,West,General Medicine,Surgery,Emergency,4.6,65620
3694,2022-06-03 21:00:00,18-30,Male,West,Pediatrics,Therapy,Routine,5,119307
3695,2022-06-03 22:00:00,31-45,Female,North,Orthopedics,Medication,Routine,4.1,61641
3696,2022-06-03 23:00:00,18-30,Male,North,Cardiology,Medication,Emergency,3.9,59711
3697,2022-06-04 0:00:00,60+,Male,North,Orthopedics,Medication,Emergency,6.9,11893
3698,2022-06-04 1:00:00,46-60,Female,South,Neurology,Medication,Emergency,7.1,63559
3699,2022-06-04 2:00:00,60+,Female,West,General Medicine,Observation,Routine,3.7,58373
3700,2022-06-04 3:00:00,31-45,Female,East,General Medicine,Surgery,Routine,4.5,46852
3701,2022-06-04 4:00:00,46-60,Female,West,Orthopedics,Surgery,Routine,4.2,52264
3702,2022-06-04 5:00:00,46-60,Male,East,Orthopedics,Therapy,Routine,0.8,53638
3703,2022-06-04 6:00:00,31-45,Female,South,Orthopedics,Surgery,Emergency,3.3,51401
3704,2022-06-04 7:00:00,46-60,Male,West,Neurology,Observation,Routine,7.2,96794
3705,2022-06-04 8:00:00,60+,Male,East,Neurology,Observation,Emergency,2.5,47583
3706,2022-06-04 9:00:00,60+,Male,East,Cardiology,Observation,Routine,8.2,58386
3707,2022-06-04 10:00:00,46-60,Male,North,Orthopedics,Medication,Emergency,6.3,46922
3708,2022-06-04 11:00:00,31-45,Male,South,Cardiology,Therapy,Routine,4.8,70669
3709,2022-06-04 12:00:00,31-45,Male,West,Pediatrics,Observation,Routine,5.1,58535
3710,2022-06-04 13:00:00,60+,Female,North,Neurology,Surgery,Routine,2.2,49402
3711,2022-06-04 14:00:00,18-30,Male,South,General Medicine,Surgery,Routine,3.5,16481
3712,2022-06-04 15:00:00,46-60,Male,North,Pediatrics,Surgery,Emergency,6.9,59866
3713,2022-06-04 16:00:00,46-60,Male,West,General Medicine,Observation,Routine,2.8,48808
3714,2022-06-04 17:00:00,46-60,Female,East,Pediatrics,Observation,Routine,6.1,53785
3715,2022-06-04 18:00:00,60+,Female,West,Cardiology,Surgery,Emergency,1.2,31351
3716,2022-06-04 19:00:00,31-45,Male,South,Cardiology,Observation,Emergency,1.6,83666
3717,2022-06-04 20:00:00,31-45,Female,West,Neurology,Surgery,Routine,7.8,72135
3718,2022-06-04 21:00:00,18-30,Male,South,General Medicine,Medication,Emergency,4,83614
3719,2022-06-04 22:00:00,31-45,Female,North,Pediatrics,Observation,Routine,2.9,77940
3720,2022-06-04 23:00:00,31-45,Male,South,Orthopedics,Medication,Routine,6.7,66846
3721,2022-06-05 0:00:00,31-45,Female,East,Orthopedics,Medication,Routine,6.5,32154
3722,2022-06-05 1:00:00,46-60,Female,East,Neurology,Observation,Routine,5.8,91868
3723,2022-06-05 2:00:00,60+,Female,East,General Medicine,Surgery,Routine,2.9,36447
3724,2022-06-05 3:00:00,18-30,Male,North,Orthopedics,Therapy,Routine,3.4,49632
3725,2022-06-05 4:00:00,31-45,Male,South,Neurology,Medication,Routine,4.6,69138
3726,2022-06-05 5:00:00,60+,Male,North,Neurology,Observation,Emergency,5.4,70131
3727,2022-06-05 6:00:00,18-30,Female,West,General Medicine,Medication,Routine,3,66445
3728,2022-06-05 7:00:00,18-30,Female,West,Orthopedics,Surgery,Emergency,4.3,46994
3729,2022-06-05 8:00:00,18-30,Male,West,Orthopedics,Observation,Emergency,4.5,42861
3730,2022-06-05 9:00:00,31-45,Female,West,Orthopedics,Therapy,Routine,6.6,105691
3731,2022-06-05 10:00:00,18-30,Male,East,Cardiology,Observation,Routine,5.5,54214
3732,2022-06-05 11:00:00,60+,Male,South,Orthopedics,Medication,Routine,1,51765
3733,2022-06-05 12:00:00,31-45,Male,East,Pediatrics,Observation,Emergency,3.6,40729
3734,2022-06-05 13:00:00,31-45,Male,South,Cardiology,Observation,Routine,2.1,59893
3735,2022-06-05 14:00:00,18-30,Female,South,Cardiology,Medication,Routine,5.1,58960
3736,2022-06-05 15:00:00,31-45,Female,North,Cardiology,Therapy,Emergency,5.8,54675
3737,2022-06-05 16:00:00,46-60,Female,West,Cardiology,Surgery,Routine,4.2,62635
3738,2022-06-05 17:00:00,46-60,Male,South,Neurology,Observation,Routine,3.5,90271
3739,2022-06-05 18:00:00,46-60,Female,West,Pediatrics,Therapy,Routine,4.1,43099
3740,2022-06-05 19:00:00,31-45,Male,West,General Medicine,Surgery,Emergency,4.4,55862
3741,2022-06-05 20:00:00,60+,Male,West,Orthopedics,Medication,Emergency,2.7,42043
3742,2022-06-05 21:00:00,46-60,Male,East,Cardiology,Therapy,Routine,1.6,60894
3743,2022-06-05 22:00:00,46-60,Male,West,General Medicine,Therapy,Routine,0.1,43631
3744,2022-06-05 23:00:00,18-30,Male,South,Neurology,Observation,Emergency,6.5,44491
3745,2022-06-06 0:00:00,18-30,Male,East,General Medicine,Medication,Emergency,5,25810
3746,2022-06-06 1:00:00,18-30,Female,West,Cardiology,Observation,Emergency,4.7,56956
3747,2022-06-06 2:00:00,46-60,Female,North,Pediatrics,Medication,Routine,6.5,63595
3748,2022-06-06 3:00:00,31-45,Female,West,General Medicine,Surgery,Emergency,1.5,92210
3749,2022-06-06 4:00:00,31-45,Female,West,Cardiology,Observation,Routine,0.5,64390
3750,2022-06-06 5:00:00,60+,Male,East,Cardiology,Medication,Routine,4.8,46006
3751,2022-06-06 6:00:00,60+,Male,South,Orthopedics,Medication,Emergency,4.6,27806
3752,2022-06-06 7:00:00,60+,Female,West,Orthopedics,Therapy,Routine,0.5,30574
3753,2022-06-06 8:00:00,31-45,Female,East,Pediatrics,Observation,Emergency,4.7,29087
3754,2022-06-06 9:00:00,46-60,Female,East,Orthopedics,Observation,Routine,3.2,92561
3755,2022-06-06 10:00:00,31-45,Female,South,Pediatrics,Surgery,Emergency,2.4,60756
3756,2022-06-06 11:00:00,18-30,Female,East,Neurology,Medication,Routine,3.3,43341
3757,2022-06-06 12:00:00,18-30,Female,South,Neurology,Therapy,Routine,0.9,35803
3758,2022-06-06 13:00:00,31-45,Female,North,Orthopedics,Medication,Routine,2.8,37878
3759,2022-06-06 14:00:00,31-45,Female,West,Neurology,Medication,Routine,2.6,42814
3760,2022-06-06 15:00:00,46-60,Male,East,General Medicine,Medication,Emergency,5.1,81325
3761,2022-06-06 16:00:00,18-30,Male,North,General Medicine,Observation,Routine,3.7,54401
3762,2022-06-06 17:00:00,46-60,Male,East,General Medicine,Medication,Routine,5.3,26051
3763,2022-06-06 18:00:00,31-45,Male,East,Neurology,Surgery,Routine,1.1,101209
3764,2022-06-06 19:00:00,31-45,Female,North,General Medicine,Therapy,Emergency,2.3,32197
3765,2022-06-06 20:00:00,31-45,Male,East,Pediatrics,Therapy,Routine,5.1,43183
3766,2022-06-06 21:00:00,31-45,Female,East,Cardiology,Medication,Routine,3.4,81203
3767,2022-06-06 22:00:00,31-45,Male,North,Orthopedics,Therapy,Routine,5.7,63303
3768,2022-06-06 23:00:00,31-45,Female,East,Pediatrics,Medication,Emergency,0.4,45602
3769,2022-06-07 0:00:00,18-30,Female,South,General Medicine,Observation,Routine,5.5,30373
3770,2022-06-07 1:00:00,18-30,Male,East,Cardiology,Therapy,Routine,2.7,35666
3771,2022-06-07 2:00:00,31-45,Male,West,Orthopedics,Observation,Emergency,2.5,36870
3772,2022-06-07 3:00:00,60+,Female,East,Pediatrics,Observation,Routine,6,55141
3773,2022-06-07 4:00:00,31-45,Female,West,Orthopedics,Surgery,Routine,6.3,58821
3774,2022-06-07 5:00:00,46-60,Female,West,Neurology,Surgery,Emergency,6.1,52027
3775,2022-06-07 6:00:00,46-60,Male,East,General Medicine,Therapy,Routine,8.1,54216
3776,2022-06-07 7:00:00,60+,Male,North,Pediatrics,Medication,Routine,6.5,33986
3777,2022-06-07 8:00:00,46-60,Female,South,Pediatrics,Medication,Routine,2.4,60863
3778,2022-06-07 9:00:00,31-45,Male,South,Cardiology,Medication,Emergency,4.3,80610
3779,2022-06-07 10:00:00,46-60,Female,East,Cardiology,Medication,Routine,3.3,51744
3780,2022-06-07 11:00:00,60+,Male,North,Cardiology,Surgery,Routine,8.1,51354
3781,2022-06-07 12:00:00,31-45,Male,North,Orthopedics,Medication,Routine,6.2,56660
3782,2022-06-07 13:00:00,31-45,Male,South,General Medicine,Medication,Emergency,3.6,77364
3783,2022-06-07 14:00:00,18-30,Male,North,Orthopedics,Observation,Routine,5.8,37106
3784,2022-06-07 15:00:00,46-60,Male,East,General Medicine,Medication,Routine,1.5,84017
3785,2022-06-07 16:00:00,46-60,Female,East,Pediatrics,Medication,Routine,4.5,63424
3786,2022-06-07 17:00:00,18-30,Female,North,Orthopedics,Surgery,Routine,2.1,55574
3787,2022-06-07 18:00:00,31-45,Male,East,Orthopedics,Therapy,Emergency,0.6,79265
3788,2022-06-07 19:00:00,31-45,Female,West,Orthopedics,Observation,Routine,5.6,31359
3789,2022-06-07 20:00:00,18-30,Female,South,Neurology,Observation,Emergency,5.8,65441
3790,2022-06-07 21:00:00,60+,Male,East,General Medicine,Therapy,Routine,4.9,63606
3791,2022-06-07 22:00:00,18-30,Female,North,General Medicine,Observation,Emergency,3.6,36291
3792,2022-06-07 23:00:00,18-30,Male,South,Orthopedics,Medication,Routine,1.5,64213
3793,2022-06-08 0:00:00,31-45,Female,East,Neurology,Medication,Routine,1.7,60666
3794,2022-06-08 1:00:00,46-60,Female,South,Orthopedics,Therapy,Emergency,2.1,51425
3795,2022-06-08 2:00:00,18-30,Female,North,General Medicine,Surgery,Emergency,3.5,72256
3796,2022-06-08 3:00:00,46-60,Female,West,Pediatrics,Surgery,Routine,6.2,43565
3797,2022-06-08 4:00:00,31-45,Female,West,Neurology,Observation,Routine,6.1,60406
3798,2022-06-08 5:00:00,18-30,Female,East,Neurology,Surgery,Routine,0.7,52367
3799,2022-06-08 6:00:00,18-30,Female,West,Orthopedics,Surgery,Emergency,2.6,42706
3800,2022-06-08 7:00:00,31-45,Male,East,Pediatrics,Surgery,Routine,2.6,65058
3801,2022-06-08 8:00:00,31-45,Male,South,General Medicine,Surgery,Routine,1.1,50845
3802,2022-06-08 9:00:00,60+,Male,East,Cardiology,Surgery,Routine,5.1,25540
3803,2022-06-08 10:00:00,46-60,Male,East,General Medicine,Surgery,Emergency,3.5,18979
3804,2022-06-08 11:00:00,60+,Female,East,General Medicine,Surgery,Routine,3.8,70781
3805,2022-06-08 12:00:00,31-45,Female,West,Pediatrics,Observation,Routine,6.7,30588
3806,2022-06-08 13:00:00,60+,Female,East,Neurology,Medication,Routine,4.2,60588
3807,2022-06-08 14:00:00,31-45,Male,North,General Medicine,Surgery,Routine,3.1,56099
3808,2022-06-08 15:00:00,31-45,Male,East,Neurology,Medication,Routine,5.1,47629
3809,2022-06-08 16:00:00,18-30,Male,South,Pediatrics,Therapy,Emergency,6.1,94133
3810,2022-06-08 17:00:00,18-30,Female,North,Pediatrics,Medication,Emergency,4.6,58593
3811,2022-06-08 18:00:00,46-60,Male,South,Orthopedics,Therapy,Routine,5.4,70113
3812,2022-06-08 19:00:00,31-45,Female,South,Cardiology,Observation,Emergency,3.7,60696
3813,2022-06-08 20:00:00,18-30,Male,South,Pediatrics,Medication,Routine,3.8,50369
3814,2022-06-08 21:00:00,46-60,Female,North,Pediatrics,Therapy,Routine,4.2,54618
3815,2022-06-08 22:00:00,31-45,Male,North,Neurology,Medication,Emergency,2.5,84171
3816,2022-06-08 23:00:00,31-45,Female,West,Pediatrics,Observation,Routine,2.9,76762
3817,2022-06-09 0:00:00,31-45,Male,North,General Medicine,Medication,Routine,6.8,94040
3818,2022-06-09 1:00:00,46-60,Male,East,Orthopedics,Therapy,Emergency,8,59433
3819,2022-06-09 2:00:00,46-60,Female,South,Orthopedics,Surgery,Routine,7.2,37461
3820,2022-06-09 3:00:00,31-45,Female,West,General Medicine,Surgery,Emergency,1.4,46190
3821,2022-06-09 4:00:00,31-45,Male,North,Pediatrics,Surgery,Emergency,1.2,31244
3822,2022-06-09 5:00:00,31-45,Female,South,Cardiology,Observation,Routine,1.6,70341
3823,2022-06-09 6:00:00,46-60,Male,North,Pediatrics,Surgery,Routine,4.3,43282
3824,2022-06-09 7:00:00,31-45,Female,West,Orthopedics,Observation,Routine,1.6,6106
3825,2022-06-09 8:00:00,18-30,Male,North,Cardiology,Surgery,Routine,2.8,104276
3826,2022-06-09 9:00:00,18-30,Female,North,Neurology,Observation,Routine,6.8,43588
3827,2022-06-09 10:00:00,31-45,Male,South,Neurology,Observation,Emergency,6,43468
3828,2022-06-09 11:00:00,31-45,Male,East,Pediatrics,Medication,Routine,3,88432
3829,2022-06-09 12:00:00,46-60,Male,North,Pediatrics,Surgery,Routine,3.1,30835
3830,2022-06-09 13:00:00,18-30,Female,West,Cardiology,Medication,Routine,5.1,77732
3831,2022-06-09 14:00:00,31-45,Male,North,Cardiology,Therapy,Routine,5.9,43251
3832,2022-06-09 15:00:00,46-60,Female,North,Pediatrics,Surgery,Emergency,2.9,28524
3833,2022-06-09 16:00:00,46-60,Female,East,Orthopedics,Surgery,Routine,3.5,89114
3834,2022-06-09 17:00:00,31-45,Female,South,Neurology,Surgery,Emergency,2.9,73462
3835,2022-06-09 18:00:00,31-45,Male,West,Cardiology,Surgery,Routine,1.3,73400
3836,2022-06-09 19:00:00,31-45,Female,South,Orthopedics,Medication,Routine,3.6,62353
3837,2022-06-09 20:00:00,60+,Female,South,Pediatrics,Medication,Routine,3.4,66982
3838,2022-06-09 21:00:00,18-30,Female,South,General Medicine,Observation,Routine,1.5,30357
3839,2022-06-09 22:00:00,60+,Male,North,Cardiology,Medication,Routine,5.3,57232
3840,2022-06-09 23:00:00,46-60,Female,East,General Medicine,Observation,Routine,5,36425
3841,2022-06-10 0:00:00,31-45,Female,North,Orthopedics,Therapy,Emergency,5.4,27221
3842,2022-06-10 1:00:00,18-30,Female,West,Neurology,Medication,Routine,2.5,63219
3843,2022-06-10 2:00:00,31-45,Female,East,Orthopedics,Observation,Emergency,0,78163
3844,2022-06-10 3:00:00,31-45,Male,South,Neurology,Surgery,Routine,4.9,47333
3845,2022-06-10 4:00:00,18-30,Male,East,Orthopedics,Therapy,Routine,2.7,50760
3846,2022-06-10 5:00:00,46-60,Female,West,Cardiology,Observation,Routine,2.2,32237
3847,2022-06-10 6:00:00,60+,Female,North,Cardiology,Therapy,Routine,1.5,55144
3848,2022-06-10 7:00:00,31-45,Female,North,General Medicine,Surgery,Emergency,3.4,70202
3849,2022-06-10 8:00:00,46-60,Female,South,Orthopedics,Surgery,Routine,7.2,70831
3850,2022-06-10 9:00:00,18-30,Male,North,Orthopedics,Observation,Routine,3,65904
3851,2022-06-10 10:00:00,31-45,Male,North,General Medicine,Observation,Routine,1.8,42631
3852,2022-06-10 11:00:00,18-30,Male,West,Pediatrics,Surgery,Routine,5.3,41997
3853,2022-06-10 12:00:00,46-60,Male,East,Orthopedics,Observation,Emergency,4.3,70908
3854,2022-06-10 13:00:00,60+,Female,North,Orthopedics,Surgery,Routine,0.2,71240
3855,2022-06-10 14:00:00,46-60,Female,West,Orthopedics,Medication,Emergency,5.3,51560
3856,2022-06-10 15:00:00,18-30,Male,West,Pediatrics,Observation,Routine,8.3,46477
3857,2022-06-10 16:00:00,31-45,Male,South,Cardiology,Therapy,Emergency,1.2,78345
3858,2022-06-10 17:00:00,31-45,Female,West,General Medicine,Surgery,Emergency,1.5,47801
3859,2022-06-10 18:00:00,31-45,Female,South,Pediatrics,Medication,Routine,1.7,69919
3860,2022-06-10 19:00:00,46-60,Female,North,Neurology,Observation,Routine,3.8,52263
3861,2022-06-10 20:00:00,46-60,Female,South,Neurology,Surgery,Emergency,6,34049
3862,2022-06-10 21:00:00,46-60,Female,West,Pediatrics,Medication,Routine,4.2,87246
3863,2022-06-10 22:00:00,31-45,Male,East,Pediatrics,Observation,Emergency,6.8,57401
3864,2022-06-10 23:00:00,31-45,Male,East,Cardiology,Surgery,Routine,5.7,40785
3865,2022-06-11 0:00:00,18-30,Female,North,Neurology,Surgery,Routine,7.4,27184
3866,2022-06-11 1:00:00,31-45,Female,North,General Medicine,Surgery,Emergency,6.3,29200
3867,2022-06-11 2:00:00,31-45,Male,East,Orthopedics,Observation,Routine,3.2,47542
3868,2022-06-11 3:00:00,46-60,Female,South,Orthopedics,Medication,Routine,4.1,93503
3869,2022-06-11 4:00:00,46-60,Male,North,Cardiology,Surgery,Routine,2.3,43307
3870,2022-06-11 5:00:00,18-30,Male,West,Cardiology,Medication,Routine,3.5,83949
3871,2022-06-11 6:00:00,31-45,Male,North,Neurology,Medication,Emergency,4.1,52385
3872,2022-06-11 7:00:00,18-30,Male,South,General Medicine,Therapy,Emergency,3.8,31377
3873,2022-06-11 8:00:00,18-30,Female,North,General Medicine,Medication,Emergency,6.7,45536
3874,2022-06-11 9:00:00,46-60,Female,West,Pediatrics,Medication,Routine,3.3,29380
3875,2022-06-11 10:00:00,18-30,Male,West,Cardiology,Medication,Routine,2.1,37881
3876,2022-06-11 11:00:00,31-45,Female,West,Orthopedics,Medication,Emergency,2.3,37285
3877,2022-06-11 12:00:00,18-30,Female,South,Orthopedics,Medication,Routine,5.3,16924
3878,2022-06-11 13:00:00,60+,Female,South,Neurology,Observation,Routine,1.2,85256
3879,2022-06-11 14:00:00,31-45,Female,West,Orthopedics,Therapy,Emergency,3.6,59220
3880,2022-06-11 15:00:00,18-30,Male,West,General Medicine,Surgery,Routine,6.7,41274
3881,2022-06-11 16:00:00,31-45,Female,South,General Medicine,Therapy,Routine,4.6,59435
3882,2022-06-11 17:00:00,46-60,Male,South,Cardiology,Therapy,Routine,3.9,38290
3883,2022-06-11 18:00:00,60+,Male,South,Neurology,Surgery,Routine,3.9,1579
3884,2022-06-11 19:00:00,18-30,Female,East,Orthopedics,Medication,Routine,1.9,114134
3885,2022-06-11 20:00:00,60+,Male,South,Cardiology,Surgery,Emergency,2.3,58792
3886,2022-06-11 21:00:00,60+,Female,West,Pediatrics,Medication,Routine,3.6,43220
3887,2022-06-11 22:00:00,60+,Female,East,Pediatrics,Surgery,Routine,4.5,16322
3888,2022-06-11 23:00:00,46-60,Male,South,Orthopedics,Observation,Emergency,5.9,25117
3889,2022-06-12 0:00:00,46-60,Female,West,Orthopedics,Therapy,Routine,4.2,88090
3890,2022-06-12 1:00:00,31-45,Male,North,Orthopedics,Medication,Routine,6.7,85039
3891,2022-06-12 2:00:00,46-60,Male,East,General Medicine,Therapy,Routine,7.2,70064
3892,2022-06-12 3:00:00,31-45,Female,West,Orthopedics,Medication,Emergency,5.6,32698
3893,2022-06-12 4:00:00,46-60,Female,North,Pediatrics,Surgery,Routine,6.4,85199
3894,2022-06-12 5:00:00,31-45,Female,West,Orthopedics,Surgery,Routine,2,63996
3895,2022-06-12 6:00:00,46-60,Male,South,Neurology,Surgery,Routine,1.7,68098
3896,2022-06-12 7:00:00,46-60,Female,South,Pediatrics,Observation,Routine,5,63923
3897,2022-06-12 8:00:00,18-30,Male,North,Neurology,Surgery,Routine,1.3,24860
3898,2022-06-12 9:00:00,46-60,Male,South,Pediatrics,Surgery,Routine,3.4,31037
3899,2022-06-12 10:00:00,31-45,Female,West,Cardiology,Observation,Routine,5.5,44796
3900,2022-06-12 11:00:00,46-60,Female,North,Pediatrics,Therapy,Routine,6.8,67873
3901,2022-06-12 12:00:00,31-45,Female,West,Pediatrics,Therapy,Routine,3.5,27391
3902,2022-06-12 13:00:00,31-45,Male,West,Neurology,Medication,Routine,2.7,51493
3903,2022-06-12 14:00:00,60+,Female,West,Neurology,Therapy,Routine,4.6,51468
3904,2022-06-12 15:00:00,31-45,Male,South,Pediatrics,Medication,Emergency,1.9,70855
3905,2022-06-12 16:00:00,46-60,Female,South,Pediatrics,Medication,Emergency,3.7,68493
3906,2022-06-12 17:00:00,31-45,Female,West,General Medicine,Therapy,Emergency,4,34795
3907,2022-06-12 18:00:00,31-45,Male,East,Cardiology,Therapy,Routine,3.9,83934
3908,2022-06-12 19:00:00,31-45,Male,West,Cardiology,Observation,Routine,4.2,31735
3909,2022-06-12 20:00:00,31-45,Female,West,Orthopedics,Medication,Routine,2.3,76845
3910,2022-06-12 21:00:00,31-45,Female,North,Pediatrics,Therapy,Routine,2.5,43997
3911,2022-06-12 22:00:00,18-30,Female,West,Pediatrics,Therapy,Routine,2.5,58279
3912,2022-06-12 23:00:00,31-45,Female,South,Pediatrics,Observation,Routine,0.8,59520
3913,2022-06-13 0:00:00,18-30,Female,North,Pediatrics,Therapy,Routine,4.7,58954
3914,2022-06-13 1:00:00,60+,Male,East,Cardiology,Surgery,Routine,5.8,68490
3915,2022-06-13 2:00:00,60+,Male,North,Neurology,Surgery,Routine,5.6,62829
3916,2022-06-13 3:00:00,31-45,Male,East,General Medicine,Medication,Routine,3.5,70673
3917,2022-06-13 4:00:00,46-60,Male,North,Neurology,Observation,Routine,2.4,64292
3918,2022-06-13 5:00:00,31-45,Female,North,Neurology,Therapy,Routine,5.5,29711
3919,2022-06-13 6:00:00,46-60,Male,East,Cardiology,Medication,Emergency,5.3,60396
3920,2022-06-13 7:00:00,46-60,Male,South,General Medicine,Therapy,Routine,4.4,43723
3921,2022-06-13 8:00:00,60+,Male,South,Pediatrics,Surgery,Routine,7.5,32815
3922,2022-06-13 9:00:00,31-45,Female,South,Cardiology,Therapy,Emergency,3.9,49203
3923,2022-06-13 10:00:00,46-60,Male,North,Cardiology,Therapy,Routine,3.5,58665
3924,2022-06-13 11:00:00,31-45,Female,West,General Medicine,Therapy,Routine,3.2,59994
3925,2022-06-13 12:00:00,60+,Male,North,Orthopedics,Surgery,Routine,0.9,76120
3926,2022-06-13 13:00:00,18-30,Female,West,Cardiology,Surgery,Routine,5.3,81146
3927,2022-06-13 14:00:00,46-60,Male,West,Neurology,Observation,Routine,3.8,61726
3928,2022-06-13 15:00:00,46-60,Female,South,Neurology,Surgery,Routine,5,65342
3929,2022-06-13 16:00:00,46-60,Male,West,Pediatrics,Medication,Routine,7.7,56906
3930,2022-06-13 17:00:00,18-30,Female,North,Cardiology,Therapy,Emergency,3.2,70345
3931,2022-06-13 18:00:00,60+,Female,North,Pediatrics,Surgery,Routine,0.7,64740
3932,2022-06-13 19:00:00,18-30,Male,South,Cardiology,Medication,Routine,5,53910
3933,2022-06-13 20:00:00,46-60,Female,East,General Medicine,Surgery,Routine,4.3,98040
3934,2022-06-13 21:00:00,18-30,Female,North,Cardiology,Therapy,Routine,2.5,44076
3935,2022-06-13 22:00:00,31-45,Male,West,Orthopedics,Medication,Emergency,4.8,84089
3936,2022-06-13 23:00:00,31-45,Male,North,Neurology,Surgery,Routine,5.6,27914
3937,2022-06-14 0:00:00,31-45,Female,North,General Medicine,Surgery,Emergency,2.1,71272
3938,2022-06-14 1:00:00,18-30,Male,North,Neurology,Medication,Routine,3.4,83731
3939,2022-06-14 2:00:00,18-30,Male,East,Pediatrics,Observation,Emergency,7,16856
3940,2022-06-14 3:00:00,31-45,Male,West,General Medicine,Medication,Routine,2.6,57779
3941,2022-06-14 4:00:00,46-60,Female,South,Orthopedics,Medication,Routine,4.1,69308
3942,2022-06-14 5:00:00,60+,Female,North,Neurology,Medication,Emergency,1.2,60039
3943,2022-06-14 6:00:00,18-30,Female,West,Cardiology,Medication,Emergency,1,62563
3944,2022-06-14 7:00:00,31-45,Female,West,Cardiology,Surgery,Routine,4.3,57724
3945,2022-06-14 8:00:00,18-30,Female,South,Cardiology,Medication,Emergency,6.5,33115
3946,2022-06-14 9:00:00,18-30,Female,North,General Medicine,Medication,Routine,1.3,102361
3947,2022-06-14 10:00:00,46-60,Female,East,Orthopedics,Therapy,Routine,4.1,44929
3948,2022-06-14 11:00:00,46-60,Male,West,Orthopedics,Surgery,Routine,3.2,63683
3949,2022-06-14 12:00:00,18-30,Female,South,Orthopedics,Therapy,Emergency,5.9,42063
3950,2022-06-14 13:00:00,18-30,Female,East,Neurology,Surgery,Emergency,1.6,9483
3951,2022-06-14 14:00:00,18-30,Male,West,General Medicine,Observation,Routine,4.9,36510
3952,2022-06-14 15:00:00,46-60,Male,North,Cardiology,Observation,Routine,2.7,26048
3953,2022-06-14 16:00:00,60+,Male,West,Neurology,Surgery,Routine,4.4,76831
3954,2022-06-14 17:00:00,18-30,Female,East,Orthopedics,Observation,Routine,4.1,42863
3955,2022-06-14 18:00:00,18-30,Male,East,Cardiology,Observation,Routine,3.5,44718
3956,2022-06-14 19:00:00,60+,Female,North,General Medicine,Surgery,Routine,5,33713
3957,2022-06-14 20:00:00,60+,Female,North,Pediatrics,Medication,Routine,4.1,56881
3958,2022-06-14 21:00:00,31-45,Female,South,Orthopedics,Therapy,Routine,3.7,40671
3959,2022-06-14 22:00:00,18-30,Male,North,Orthopedics,Surgery,Routine,3.3,74847
3960,2022-06-14 23:00:00,18-30,Male,South,Orthopedics,Surgery,Emergency,4.2,61041
3961,2022-06-15 0:00:00,31-45,Female,East,Orthopedics,Surgery,Routine,4.4,43563
3962,2022-06-15 1:00:00,31-45,Female,East,Cardiology,Therapy,Routine,2,72005
3963,2022-06-15 2:00:00,18-30,Female,West,General Medicine,Surgery,Routine,3.3,55159
3964,2022-06-15 3:00:00,31-45,Male,West,Neurology,Therapy,Routine,1.9,55430
3965,2022-06-15 4:00:00,18-30,Female,South,Cardiology,Therapy,Routine,3.9,25747
3966,2022-06-15 5:00:00,46-60,Male,North,General Medicine,Observation,Routine,2.8,53578
3967,2022-06-15 6:00:00,31-45,Female,North,Neurology,Medication,Emergency,5.5,61431
3968,2022-06-15 7:00:00,18-30,Male,West,Orthopedics,Observation,Routine,5.3,81671
3969,2022-06-15 8:00:00,31-45,Female,East,General Medicine,Surgery,Routine,2.2,39962
3970,2022-06-15 9:00:00,31-45,Male,South,Orthopedics,Surgery,Routine,4,100562
3971,2022-06-15 10:00:00,60+,Male,East,General Medicine,Therapy,Routine,5.3,66137
3972,2022-06-15 11:00:00,31-45,Male,East,Pediatrics,Observation,Emergency,3.6,24612
3973,2022-06-15 12:00:00,31-45,Male,North,Orthopedics,Therapy,Emergency,2.5,38096
3974,2022-06-15 13:00:00,46-60,Male,South,Orthopedics,Observation,Routine,1.8,83420
3975,2022-06-15 14:00:00,31-45,Male,East,Orthopedics,Observation,Routine,5.7,79865
3976,2022-06-15 15:00:00,60+,Female,West,Cardiology,Observation,Emergency,5.8,55362
3977,2022-06-15 16:00:00,31-45,Female,West,Neurology,Observation,Routine,3.6,57998
3978,2022-06-15 17:00:00,31-45,Female,North,Orthopedics,Observation,Emergency,5.5,31708
3979,2022-06-15 18:00:00,18-30,Female,West,Orthopedics,Medication,Emergency,1.9,81429
3980,2022-06-15 19:00:00,31-45,Male,West,Cardiology,Surgery,Routine,6.7,35245
3981,2022-06-15 20:00:00,46-60,Female,East,Cardiology,Observation,Emergency,3.7,71895
3982,2022-06-15 21:00:00,46-60,Male,West,Pediatrics,Observation,Emergency,4.3,82041
3983,2022-06-15 22:00:00,18-30,Male,West,General Medicine,Therapy,Emergency,3.4,55963
3984,2022-06-15 23:00:00,18-30,Male,East,Orthopedics,Surgery,Routine,6.8,74352
3985,2022-06-16 0:00:00,46-60,Female,North,General Medicine,Surgery,Routine,1.9,91953
3986,2022-06-16 1:00:00,60+,Male,North,Cardiology,Surgery,Routine,6.9,60359
3987,2022-06-16 2:00:00,18-30,Female,South,Cardiology,Observation,Routine,4.8,51494
3988,2022-06-16 3:00:00,31-45,Female,West,Pediatrics,Therapy,Routine,5.2,53663
3989,2022-06-16 4:00:00,31-45,Female,East,Neurology,Surgery,Routine,3.3,40140
3990,2022-06-16 5:00:00,60+,Female,South,Cardiology,Therapy,Routine,1.4,39688
3991,2022-06-16 6:00:00,18-30,Female,North,Orthopedics,Medication,Routine,5.9,63848
3992,2022-06-16 7:00:00,18-30,Male,North,Pediatrics,Medication,Routine,4.6,51721
3993,2022-06-16 8:00:00,46-60,Male,East,Neurology,Therapy,Routine,6.7,61551
3994,2022-06-16 9:00:00,18-30,Female,South,Pediatrics,Observation,Emergency,3.6,25201
3995,2022-06-16 10:00:00,31-45,Male,South,Cardiology,Surgery,Routine,3.2,53148
3996,2022-06-16 11:00:00,31-45,Female,East,Neurology,Medication,Routine,6.8,75602
3997,2022-06-16 12:00:00,31-45,Male,East,General Medicine,Medication,Emergency,7.8,32622
3998,2022-06-16 13:00:00,31-45,Male,South,Neurology,Therapy,Routine,4,55331
3999,2022-06-16 14:00:00,31-45,Male,North,Orthopedics,Observation,Routine,2.5,17908
4000,2022-06-16 15:00:00,18-30,Male,West,General Medicine,Therapy,Emergency,5.6,28891
4001,2022-06-16 16:00:00,31-45,Male,North,General Medicine,Therapy,Emergency,3.5,71153
4002,2022-06-16 17:00:00,46-60,Male,East,Orthopedics,Therapy,Routine,5.2,48814
4003,2022-06-16 18:00:00,46-60,Male,South,General Medicine,Therapy,Emergency,3.5,91441
4004,2022-06-16 19:00:00,18-30,Male,South,Cardiology,Therapy,Emergency,7.1,63649
4005,2022-06-16 20:00:00,18-30,Male,West,Neurology,Observation,Routine,2.6,65612
4006,2022-06-16 21:00:00,31-45,Male,South,Neurology,Therapy,Routine,5,33470
4007,2022-06-16 22:00:00,31-45,Male,West,Orthopedics,Observation,Routine,3,47298
4008,2022-06-16 23:00:00,31-45,Male,North,Cardiology,Surgery,Routine,3.4,40347
4009,2022-06-17 0:00:00,46-60,Male,North,General Medicine,Surgery,Routine,3.2,33691
4010,2022-06-17 1:00:00,18-30,Female,South,Neurology,Surgery,Emergency,5.5,68278
4011,2022-06-17 2:00:00,18-30,Male,South,Neurology,Surgery,Routine,5.8,72290
4012,2022-06-17 3:00:00,31-45,Male,East,Neurology,Medication,Routine,5.1,62979
4013,2022-06-17 4:00:00,46-60,Male,East,Neurology,Observation,Routine,3.8,38439
4014,2022-06-17 5:00:00,18-30,Male,South,Pediatrics,Surgery,Routine,4.3,61615
4015,2022-06-17 6:00:00,46-60,Male,South,Orthopedics,Medication,Routine,5.8,16746
4016,2022-06-17 7:00:00,31-45,Male,North,General Medicine,Observation,Routine,5.9,81460
4017,2022-06-17 8:00:00,60+,Female,South,General Medicine,Medication,Routine,1.4,29037
4018,2022-06-17 9:00:00,60+,Female,East,Orthopedics,Medication,Emergency,3.5,32591
4019,2022-06-17 10:00:00,31-45,Female,North,Cardiology,Therapy,Routine,3.6,57306
4020,2022-06-17 11:00:00,18-30,Male,West,Orthopedics,Medication,Routine,5.3,59083
4021,2022-06-17 12:00:00,31-45,Male,East,Neurology,Medication,Routine,3.9,53545
4022,2022-06-17 13:00:00,18-30,Male,East,Neurology,Observation,Routine,5.4,32797
4023,2022-06-17 14:00:00,46-60,Female,North,Orthopedics,Medication,Routine,1.8,77667
4024,2022-06-17 15:00:00,46-60,Male,West,Orthopedics,Therapy,Routine,4.5,21281
4025,2022-06-17 16:00:00,46-60,Male,East,General Medicine,Surgery,Emergency,5.8,25335
4026,2022-06-17 17:00:00,46-60,Female,South,General Medicine,Surgery,Routine,1.1,52860
4027,2022-06-17 18:00:00,31-45,Female,East,Pediatrics,Observation,Routine,9,29715
4028,2022-06-17 19:00:00,18-30,Male,North,Pediatrics,Observation,Routine,6.4,79453
4029,2022-06-17 20:00:00,46-60,Male,North,Neurology,Medication,Emergency,4,31436
4030,2022-06-17 21:00:00,31-45,Male,North,Pediatrics,Observation,Routine,2.3,86141
4031,2022-06-17 22:00:00,46-60,Male,East,Pediatrics,Medication,Emergency,3.6,75702
4032,2022-06-17 23:00:00,31-45,Female,West,Cardiology,Observation,Routine,4.2,79701
4033,2022-06-18 0:00:00,18-30,Male,South,Orthopedics,Surgery,Routine,4.9,92742
4034,2022-06-18 1:00:00,60+,Male,North,General Medicine,Surgery,Emergency,7,56625
4035,2022-06-18 2:00:00,18-30,Female,West,Pediatrics,Surgery,Emergency,3,34741
4036,2022-06-18 3:00:00,60+,Male,South,General Medicine,Surgery,Routine,5.1,52940
4037,2022-06-18 4:00:00,60+,Male,North,Pediatrics,Medication,Routine,1.4,43667
4038,2022-06-18 5:00:00,46-60,Female,South,Pediatrics,Medication,Routine,3.2,40816
4039,2022-06-18 6:00:00,46-60,Female,South,Neurology,Medication,Routine,4.8,58017
4040,2022-06-18 7:00:00,31-45,Male,West,Cardiology,Surgery,Emergency,5.4,48766
4041,2022-06-18 8:00:00,60+,Female,South,Orthopedics,Therapy,Routine,2.5,39956
4042,2022-06-18 9:00:00,31-45,Female,North,Orthopedics,Surgery,Routine,3.1,50092
4043,2022-06-18 10:00:00,31-45,Male,West,Neurology,Surgery,Emergency,6.9,65980
4044,2022-06-18 11:00:00,46-60,Female,East,Neurology,Therapy,Routine,6.3,74128
4045,2022-06-18 12:00:00,31-45,Male,East,Orthopedics,Therapy,Routine,4.4,22942
4046,2022-06-18 13:00:00,31-45,Male,West,Orthopedics,Observation,Emergency,0.5,48936
4047,2022-06-18 14:00:00,31-45,Male,East,Cardiology,Surgery,Routine,9,52173
4048,2022-06-18 15:00:00,31-45,Male,South,Pediatrics,Therapy,Routine,4,31350
4049,2022-06-18 16:00:00,60+,Female,North,Cardiology,Observation,Routine,3.4,52606
4050,2022-06-18 17:00:00,18-30,Male,South,Orthopedics,Therapy,Routine,3,57960
4051,2022-06-18 18:00:00,60+,Male,West,Pediatrics,Therapy,Routine,4.8,65377
4052,2022-06-18 19:00:00,46-60,Male,North,Orthopedics,Observation,Routine,4.8,56543
4053,2022-06-18 20:00:00,46-60,Male,West,Cardiology,Surgery,Emergency,5.9,37381
4054,2022-06-18 21:00:00,31-45,Female,West,Cardiology,Observation,Emergency,2.1,95241
4055,2022-06-18 22:00:00,46-60,Female,West,Cardiology,Surgery,Emergency,3.4,71583
4056,2022-06-18 23:00:00,18-30,Female,South,Pediatrics,Therapy,Routine,8.1,66054
4057,2022-06-19 0:00:00,46-60,Male,North,General Medicine,Observation,Emergency,4.4,75097
4058,2022-06-19 1:00:00,18-30,Female,North,General Medicine,Medication,Routine,3.7,59892
4059,2022-06-19 2:00:00,60+,Female,North,Orthopedics,Therapy,Routine,2.1,80726
4060,2022-06-19 3:00:00,60+,Male,South,Pediatrics,Observation,Emergency,5,56137
4061,2022-06-19 4:00:00,31-45,Female,East,Neurology,Therapy,Routine,6.1,55035
4062,2022-06-19 5:00:00,18-30,Male,South,General Medicine,Observation,Routine,5.7,67705
4063,2022-06-19 6:00:00,46-60,Female,South,Pediatrics,Surgery,Emergency,3.5,86527
4064,2022-06-19 7:00:00,31-45,Female,West,Pediatrics,Medication,Routine,4.7,85241
4065,2022-06-19 8:00:00,60+,Female,North,General Medicine,Therapy,Routine,7.3,66857
4066,2022-06-19 9:00:00,18-30,Female,North,Pediatrics,Medication,Routine,6.1,65332
4067,2022-06-19 10:00:00,18-30,Male,East,Pediatrics,Surgery,Emergency,2.4,68921
4068,2022-06-19 11:00:00,60+,Male,East,General Medicine,Observation,Routine,1.1,74712
4069,2022-06-19 12:00:00,46-60,Female,West,Cardiology,Medication,Routine,4.6,80975
4070,2022-06-19 13:00:00,46-60,Male,North,Orthopedics,Observation,Routine,5.6,50268
4071,2022-06-19 14:00:00,31-45,Female,East,Neurology,Surgery,Routine,1.8,81361
4072,2022-06-19 15:00:00,46-60,Female,East,Orthopedics,Therapy,Emergency,4,61860
4073,2022-06-19 16:00:00,31-45,Female,North,Cardiology,Surgery,Routine,3.5,68019
4074,2022-06-19 17:00:00,46-60,Female,South,Cardiology,Medication,Routine,4.2,82639
4075,2022-06-19 18:00:00,46-60,Female,East,Pediatrics,Medication,Routine,2.9,69941
4076,2022-06-19 19:00:00,31-45,Female,North,Orthopedics,Medication,Emergency,6.6,73320
4077,2022-06-19 20:00:00,31-45,Male,East,Cardiology,Observation,Routine,4.3,47212
4078,2022-06-19 21:00:00,31-45,Male,West,Orthopedics,Therapy,Routine,2.2,84966
4079,2022-06-19 22:00:00,46-60,Female,East,Cardiology,Medication,Routine,5.8,68914
4080,2022-06-19 23:00:00,18-30,Male,North,Neurology,Medication,Routine,1.5,57521
4081,2022-06-20 0:00:00,46-60,Female,East,Cardiology,Medication,Emergency,6.6,77021
4082,2022-06-20 1:00:00,18-30,Male,West,Orthopedics,Surgery,Emergency,6,106757
4083,2022-06-20 2:00:00,46-60,Male,West,Pediatrics,Medication,Emergency,6.8,31622
4084,2022-06-20 3:00:00,46-60,Male,East,Orthopedics,Surgery,Emergency,3.7,38925
4085,2022-06-20 4:00:00,18-30,Female,East,General Medicine,Medication,Emergency,3,108706
4086,2022-06-20 5:00:00,18-30,Male,West,Orthopedics,Surgery,Routine,4.2,63534
4087,2022-06-20 6:00:00,18-30,Female,West,Neurology,Observation,Emergency,3.8,58817
4088,2022-06-20 7:00:00,46-60,Female,South,Neurology,Observation,Routine,2.7,52692
4089,2022-06-20 8:00:00,46-60,Female,South,Neurology,Surgery,Routine,2.9,79169
4090,2022-06-20 9:00:00,18-30,Male,West,Cardiology,Therapy,Routine,3.3,107225
4091,2022-06-20 10:00:00,46-60,Male,East,Neurology,Therapy,Emergency,1.7,41696
4092,2022-06-20 11:00:00,31-45,Male,North,Orthopedics,Surgery,Routine,5.4,53062
4093,2022-06-20 12:00:00,31-45,Female,East,Pediatrics,Observation,Emergency,3.9,47985
4094,2022-06-20 13:00:00,60+,Female,East,Neurology,Surgery,Routine,3.4,69657
4095,2022-06-20 14:00:00,31-45,Male,South,Orthopedics,Therapy,Routine,1.8,79448
4096,2022-06-20 15:00:00,31-45,Female,South,Cardiology,Surgery,Routine,1.7,87419
4097,2022-06-20 16:00:00,18-30,Male,South,Cardiology,Observation,Routine,7.9,70334
4098,2022-06-20 17:00:00,18-30,Male,West,Pediatrics,Therapy,Routine,2.7,105387
4099,2022-06-20 18:00:00,31-45,Male,West,Pediatrics,Therapy,Routine,5.2,43505
4100,2022-06-20 19:00:00,18-30,Male,East,Orthopedics,Medication,Emergency,4.3,38309
4101,2022-06-20 20:00:00,46-60,Female,East,Pediatrics,Medication,Routine,1.6,84387
4102,2022-06-20 21:00:00,31-45,Male,North,Pediatrics,Therapy,Routine,7.6,57457
4103,2022-06-20 22:00:00,31-45,Male,East,Cardiology,Therapy,Routine,5.4,27481
4104,2022-06-20 23:00:00,18-30,Male,East,Orthopedics,Surgery,Routine,2.5,48679
4105,2022-06-21 0:00:00,31-45,Male,South,Pediatrics,Observation,Routine,3.9,60113
4106,2022-06-21 1:00:00,46-60,Male,South,Orthopedics,Therapy,Routine,1.7,42075
4107,2022-06-21 2:00:00,60+,Male,South,Neurology,Observation,Routine,7.7,34707
4108,2022-06-21 3:00:00,18-30,Male,South,Cardiology,Therapy,Routine,2.2,50847
4109,2022-06-21 4:00:00,60+,Female,South,Cardiology,Observation,Emergency,3,33709
4110,2022-06-21 5:00:00,31-45,Female,North,Cardiology,Medication,Emergency,2.5,67703
4111,2022-06-21 6:00:00,31-45,Female,North,General Medicine,Therapy,Routine,4.2,16124
4112,2022-06-21 7:00:00,31-45,Female,North,Orthopedics,Surgery,Routine,6.7,56808
4113,2022-06-21 8:00:00,18-30,Male,South,Neurology,Observation,Routine,7.6,65390
4114,2022-06-21 9:00:00,18-30,Female,West,Pediatrics,Therapy,Routine,3.2,53189
4115,2022-06-21 10:00:00,46-60,Female,South,Neurology,Medication,Emergency,4.8,76864
4116,2022-06-21 11:00:00,31-45,Female,South,Orthopedics,Medication,Routine,4.2,27589
4117,2022-06-21 12:00:00,60+,Male,North,Cardiology,Medication,Routine,2,40978
4118,2022-06-21 13:00:00,31-45,Female,South,General Medicine,Medication,Routine,8.8,48399
4119,2022-06-21 14:00:00,18-30,Female,North,Orthopedics,Therapy,Emergency,6.7,69254
4120,2022-06-21 15:00:00,46-60,Male,South,Orthopedics,Surgery,Emergency,4.4,59370
4121,2022-06-21 16:00:00,31-45,Female,East,Pediatrics,Observation,Emergency,7.2,97867
4122,2022-06-21 17:00:00,31-45,Male,West,Neurology,Surgery,Routine,6.4,38884
4123,2022-06-21 18:00:00,46-60,Female,West,Neurology,Observation,Routine,4.2,27100
4124,2022-06-21 19:00:00,60+,Male,North,Pediatrics,Surgery,Routine,4.7,90782
4125,2022-06-21 20:00:00,46-60,Female,East,General Medicine,Therapy,Routine,7,26383
4126,2022-06-21 21:00:00,46-60,Female,West,Cardiology,Therapy,Routine,2.1,68661
4127,2022-06-21 22:00:00,46-60,Female,North,Cardiology,Observation,Routine,7.3,35427
4128,2022-06-21 23:00:00,60+,Male,South,General Medicine,Therapy,Routine,3.5,13614
4129,2022-06-22 0:00:00,31-45,Female,South,Pediatrics,Observation,Emergency,7,47504
4130,2022-06-22 1:00:00,18-30,Male,East,Orthopedics,Surgery,Routine,4,72990
4131,2022-06-22 2:00:00,31-45,Male,West,Neurology,Therapy,Routine,4.7,30565
4132,2022-06-22 3:00:00,18-30,Male,South,Orthopedics,Therapy,Routine,3.9,66522
4133,2022-06-22 4:00:00,46-60,Male,North,Neurology,Observation,Routine,2.9,70257
4134,2022-06-22 5:00:00,46-60,Female,South,Orthopedics,Observation,Routine,3.5,29566
4135,2022-06-22 6:00:00,31-45,Female,South,Pediatrics,Observation,Routine,6.8,50445
4136,2022-06-22 7:00:00,18-30,Female,West,Pediatrics,Observation,Routine,0.6,86541
4137,2022-06-22 8:00:00,46-60,Male,West,General Medicine,Medication,Routine,1.5,68012
4138,2022-06-22 9:00:00,31-45,Female,North,Orthopedics,Observation,Routine,2.5,49770
4139,2022-06-22 10:00:00,46-60,Male,East,Orthopedics,Medication,Routine,1.8,63306
4140,2022-06-22 11:00:00,31-45,Male,East,General Medicine,Surgery,Routine,7,41295
4141,2022-06-22 12:00:00,31-45,Male,South,General Medicine,Observation,Routine,6.5,77274
4142,2022-06-22 13:00:00,18-30,Female,North,Pediatrics,Medication,Routine,5.2,77265
4143,2022-06-22 14:00:00,18-30,Female,East,Pediatrics,Medication,Emergency,2.7,57418
4144,2022-06-22 15:00:00,46-60,Male,East,Orthopedics,Medication,Routine,6.7,59614
4145,2022-06-22 16:00:00,60+,Female,South,Pediatrics,Therapy,Routine,0.8,35024
4146,2022-06-22 17:00:00,46-60,Female,North,Pediatrics,Medication,Emergency,8.3,27959
4147,2022-06-22 18:00:00,18-30,Male,East,Orthopedics,Observation,Emergency,2.6,47468
4148,2022-06-22 19:00:00,31-45,Male,West,General Medicine,Observation,Emergency,3.5,53252
4149,2022-06-22 20:00:00,46-60,Female,West,Orthopedics,Observation,Routine,3.1,76253
4150,2022-06-22 21:00:00,46-60,Male,South,Cardiology,Medication,Routine,1.9,73449
4151,2022-06-22 22:00:00,18-30,Male,South,Orthopedics,Medication,Routine,7.9,58697
4152,2022-06-22 23:00:00,18-30,Female,South,Cardiology,Therapy,Routine,5.6,78811
4153,2022-06-23 0:00:00,46-60,Female,South,Orthopedics,Surgery,Emergency,6.4,36130
4154,2022-06-23 1:00:00,31-45,Male,East,Cardiology,Therapy,Routine,1.6,76547
4155,2022-06-23 2:00:00,31-45,Female,North,Cardiology,Observation,Emergency,4.4,39191
4156,2022-06-23 3:00:00,18-30,Male,South,Orthopedics,Observation,Routine,5,79794
4157,2022-06-23 4:00:00,31-45,Male,South,Pediatrics,Observation,Routine,4.5,54733
4158,2022-06-23 5:00:00,60+,Female,East,Neurology,Therapy,Emergency,1.7,15034
4159,2022-06-23 6:00:00,60+,Male,South,Pediatrics,Observation,Emergency,6.2,69603
4160,2022-06-23 7:00:00,31-45,Male,South,Cardiology,Observation,Emergency,4.2,71191
4161,2022-06-23 8:00:00,31-45,Male,North,Orthopedics,Observation,Emergency,2.1,45868
4162,2022-06-23 9:00:00,18-30,Female,West,Orthopedics,Medication,Routine,0.3,47575
4163,2022-06-23 10:00:00,31-45,Female,South,Orthopedics,Surgery,Routine,5.2,51809
4164,2022-06-23 11:00:00,31-45,Female,East,Orthopedics,Medication,Emergency,8.9,16497
4165,2022-06-23 12:00:00,46-60,Male,North,Neurology,Medication,Routine,2,7705
4166,2022-06-23 13:00:00,31-45,Male,East,General Medicine,Surgery,Routine,4.3,81033
4167,2022-06-23 14:00:00,18-30,Female,North,Cardiology,Surgery,Routine,6.2,38519
4168,2022-06-23 15:00:00,18-30,Female,North,Neurology,Therapy,Routine,1.5,92105
4169,2022-06-23 16:00:00,31-45,Female,South,Pediatrics,Surgery,Routine,3,82408
4170,2022-06-23 17:00:00,18-30,Male,South,General Medicine,Therapy,Emergency,2.3,86344
4171,2022-06-23 18:00:00,18-30,Female,South,General Medicine,Therapy,Routine,6,41994
4172,2022-06-23 19:00:00,60+,Male,West,Orthopedics,Medication,Routine,6.7,22832
4173,2022-06-23 20:00:00,31-45,Female,West,Neurology,Observation,Emergency,4.3,33262
4174,2022-06-23 21:00:00,31-45,Male,East,Pediatrics,Medication,Routine,2.3,46071
4175,2022-06-23 22:00:00,60+,Male,South,Orthopedics,Medication,Emergency,3.1,7535
4176,2022-06-23 23:00:00,60+,Female,West,Orthopedics,Surgery,Routine,2.7,45491
4177,2022-06-24 0:00:00,31-45,Male,South,Cardiology,Surgery,Emergency,2,50966
4178,2022-06-24 1:00:00,46-60,Female,West,General Medicine,Therapy,Routine,3.8,29112
4179,2022-06-24 2:00:00,31-45,Male,West,Pediatrics,Therapy,Routine,5.1,34190
4180,2022-06-24 3:00:00,31-45,Male,North,General Medicine,Therapy,Emergency,5,50588
4181,2022-06-24 4:00:00,31-45,Female,South,Neurology,Surgery,Emergency,4,62126
4182,2022-06-24 5:00:00,46-60,Male,South,Cardiology,Therapy,Routine,4.1,37184
4183,2022-06-24 6:00:00,46-60,Female,West,Orthopedics,Therapy,Emergency,3.8,60845
4184,2022-06-24 7:00:00,31-45,Female,South,Cardiology,Surgery,Routine,1.4,57737
4185,2022-06-24 8:00:00,18-30,Female,West,Orthopedics,Observation,Emergency,4.3,55938
4186,2022-06-24 9:00:00,46-60,Male,South,Cardiology,Medication,Routine,2.8,41960
4187,2022-06-24 10:00:00,18-30,Male,North,Orthopedics,Surgery,Routine,1.3,28332
4188,2022-06-24 11:00:00,31-45,Male,South,General Medicine,Therapy,Routine,4.7,88929
4189,2022-06-24 12:00:00,46-60,Female,North,General Medicine,Medication,Routine,2.8,67606
4190,2022-06-24 13:00:00,46-60,Female,East,General Medicine,Surgery,Routine,4.5,75115
4191,2022-06-24 14:00:00,46-60,Male,South,General Medicine,Medication,Routine,5.7,53327
4192,2022-06-24 15:00:00,60+,Male,South,Cardiology,Medication,Routine,2.1,51719
4193,2022-06-24 16:00:00,31-45,Female,South,Orthopedics,Observation,Routine,4.2,64813
4194,2022-06-24 17:00:00,46-60,Male,North,General Medicine,Therapy,Routine,0.4,18306
4195,2022-06-24 18:00:00,46-60,Female,South,Cardiology,Surgery,Emergency,7.1,32707
4196,2022-06-24 19:00:00,18-30,Male,South,Orthopedics,Therapy,Routine,1.3,39045
4197,2022-06-24 20:00:00,18-30,Female,West,Cardiology,Observation,Emergency,3,45909
4198,2022-06-24 21:00:00,31-45,Male,East,General Medicine,Observation,Emergency,6.7,37406
4199,2022-06-24 22:00:00,31-45,Male,North,Neurology,Surgery,Routine,3.5,61656
4200,2022-06-24 23:00:00,46-60,Female,West,Cardiology,Surgery,Emergency,1.6,56629
4201,2022-06-25 0:00:00,46-60,Female,North,General Medicine,Observation,Routine,5.4,82857
4202,2022-06-25 1:00:00,18-30,Female,West,Pediatrics,Surgery,Routine,5.4,104475
4203,2022-06-25 2:00:00,18-30,Male,East,Orthopedics,Medication,Routine,2.7,29743
4204,2022-06-25 3:00:00,60+,Female,West,General Medicine,Medication,Routine,3,57946
4205,2022-06-25 4:00:00,18-30,Female,North,Pediatrics,Observation,Emergency,3.1,57911
4206,2022-06-25 5:00:00,31-45,Male,South,Cardiology,Therapy,Routine,3.6,54716
4207,2022-06-25 6:00:00,31-45,Female,South,Cardiology,Surgery,Routine,0.2,33304
4208,2022-06-25 7:00:00,31-45,Female,East,Pediatrics,Surgery,Emergency,3.6,36656
4209,2022-06-25 8:00:00,18-30,Female,North,Pediatrics,Medication,Routine,7.6,59808
4210,2022-06-25 9:00:00,18-30,Male,North,Orthopedics,Surgery,Routine,2.2,36093
4211,2022-06-25 10:00:00,18-30,Male,North,Cardiology,Therapy,Routine,2.8,58185
4212,2022-06-25 11:00:00,31-45,Male,East,Pediatrics,Surgery,Emergency,1.6,50081
4213,2022-06-25 12:00:00,31-45,Female,South,Neurology,Surgery,Emergency,5.2,57833
4214,2022-06-25 13:00:00,18-30,Male,West,Neurology,Medication,Routine,6.4,35934
4215,2022-06-25 14:00:00,46-60,Female,East,Pediatrics,Surgery,Routine,6.4,58149
4216,2022-06-25 15:00:00,46-60,Female,West,Orthopedics,Observation,Routine,1.5,37381
4217,2022-06-25 16:00:00,18-30,Female,South,Cardiology,Observation,Routine,5,58214
4218,2022-06-25 17:00:00,31-45,Male,East,Neurology,Therapy,Emergency,6.9,81788
4219,2022-06-25 18:00:00,46-60,Male,South,Pediatrics,Therapy,Routine,5,60220
4220,2022-06-25 19:00:00,31-45,Female,West,Pediatrics,Therapy,Routine,5,61437
4221,2022-06-25 20:00:00,31-45,Female,North,General Medicine,Therapy,Emergency,3.1,71344
4222,2022-06-25 21:00:00,46-60,Male,North,Pediatrics,Medication,Emergency,4.4,26929
4223,2022-06-25 22:00:00,60+,Male,West,Orthopedics,Surgery,Routine,6.5,89378
4224,2022-06-25 23:00:00,46-60,Male,North,Neurology,Medication,Routine,4.7,33888
4225,2022-06-26 0:00:00,31-45,Female,West,General Medicine,Therapy,Routine,1.5,72593
4226,2022-06-26 1:00:00,46-60,Male,East,Neurology,Surgery,Routine,3.1,69938
4227,2022-06-26 2:00:00,31-45,Male,East,Neurology,Observation,Routine,6.4,36957
4228,2022-06-26 3:00:00,46-60,Male,East,Orthopedics,Medication,Routine,4.6,75178
4229,2022-06-26 4:00:00,31-45,Female,North,Pediatrics,Surgery,Emergency,4.2,64956
4230,2022-06-26 5:00:00,18-30,Male,South,Orthopedics,Observation,Emergency,2.9,92800
4231,2022-06-26 6:00:00,46-60,Female,North,Pediatrics,Observation,Routine,6.4,58868
4232,2022-06-26 7:00:00,31-45,Female,North,General Medicine,Therapy,Routine,7.3,52829
4233,2022-06-26 8:00:00,31-45,Female,South,Orthopedics,Observation,Emergency,6.5,44705
4234,2022-06-26 9:00:00,60+,Male,South,Orthopedics,Observation,Emergency,6.9,20133
4235,2022-06-26 10:00:00,18-30,Male,South,Cardiology,Therapy,Emergency,3.3,48635
4236,2022-06-26 11:00:00,31-45,Male,South,Orthopedics,Surgery,Routine,3,49482
4237,2022-06-26 12:00:00,18-30,Female,North,Cardiology,Surgery,Routine,3.7,60241
4238,2022-06-26 13:00:00,46-60,Male,West,Pediatrics,Therapy,Emergency,4.1,26538
4239,2022-06-26 14:00:00,46-60,Female,East,Pediatrics,Medication,Routine,6.9,50220
4240,2022-06-26 15:00:00,31-45,Male,West,Pediatrics,Therapy,Routine,6.3,66525
4241,2022-06-26 16:00:00,46-60,Male,North,Cardiology,Surgery,Routine,5.1,68510
4242,2022-06-26 17:00:00,31-45,Male,South,Pediatrics,Medication,Emergency,1.1,17804
4243,2022-06-26 18:00:00,46-60,Male,East,Neurology,Therapy,Routine,0.6,69128
4244,2022-06-26 19:00:00,31-45,Female,East,Orthopedics,Surgery,Emergency,4.5,50069
4245,2022-06-26 20:00:00,31-45,Female,West,Cardiology,Surgery,Routine,5.8,51300
4246,2022-06-26 21:00:00,60+,Female,North,Pediatrics,Surgery,Emergency,3.8,7710
4247,2022-06-26 22:00:00,31-45,Female,North,Neurology,Observation,Routine,7.8,84871
4248,2022-06-26 23:00:00,18-30,Male,North,Orthopedics,Observation,Routine,1.8,58536
4249,2022-06-27 0:00:00,31-45,Female,East,Orthopedics,Medication,Emergency,1.6,24371
4250,2022-06-27 1:00:00,60+,Female,West,Pediatrics,Medication,Emergency,2.7,62504
4251,2022-06-27 2:00:00,31-45,Female,East,Neurology,Medication,Emergency,2.6,61890
4252,2022-06-27 3:00:00,18-30,Male,East,Cardiology,Observation,Routine,5.1,79451
4253,2022-06-27 4:00:00,31-45,Female,South,Pediatrics,Medication,Routine,3.2,48806
4254,2022-06-27 5:00:00,31-45,Female,West,Orthopedics,Surgery,Routine,0.9,55240
4255,2022-06-27 6:00:00,18-30,Male,South,Orthopedics,Surgery,Routine,5.8,42144
4256,2022-06-27 7:00:00,46-60,Male,North,Orthopedics,Medication,Emergency,0.5,66959
4257,2022-06-27 8:00:00,60+,Female,East,Pediatrics,Medication,Routine,1.9,39330
4258,2022-06-27 9:00:00,31-45,Female,West,General Medicine,Observation,Routine,0.8,37140
4259,2022-06-27 10:00:00,31-45,Male,North,General Medicine,Surgery,Routine,4.4,53644
4260,2022-06-27 11:00:00,31-45,Female,West,General Medicine,Therapy,Routine,4.4,30483
4261,2022-06-27 12:00:00,18-30,Male,East,Neurology,Therapy,Emergency,7.8,87043
4262,2022-06-27 13:00:00,60+,Female,West,Pediatrics,Observation,Routine,5.8,93545
4263,2022-06-27 14:00:00,31-45,Female,North,Orthopedics,Observation,Routine,6.9,45928
4264,2022-06-27 15:00:00,31-45,Female,South,Neurology,Observation,Emergency,4.6,27268
4265,2022-06-27 16:00:00,46-60,Female,East,General Medicine,Surgery,Routine,2,61732
4266,2022-06-27 17:00:00,31-45,Female,South,Cardiology,Medication,Routine,4.3,45358
4267,2022-06-27 18:00:00,46-60,Male,East,Neurology,Medication,Routine,5.2,78494
4268,2022-06-27 19:00:00,18-30,Male,North,Neurology,Observation,Routine,5.4,39257
4269,2022-06-27 20:00:00,46-60,Female,East,Pediatrics,Surgery,Routine,3.1,65890
4270,2022-06-27 21:00:00,60+,Female,South,Neurology,Therapy,Routine,5,57280
4271,2022-06-27 22:00:00,46-60,Female,East,Pediatrics,Observation,Routine,2.1,41475
4272,2022-06-27 23:00:00,60+,Male,North,Cardiology,Surgery,Routine,1.9,59801
4273,2022-06-28 0:00:00,18-30,Male,East,Orthopedics,Observation,Routine,1.8,72571
4274,2022-06-28 1:00:00,31-45,Male,South,Orthopedics,Surgery,Routine,4,56737
4275,2022-06-28 2:00:00,46-60,Male,North,General Medicine,Surgery,Emergency,1.6,56946
4276,2022-06-28 3:00:00,31-45,Male,South,General Medicine,Observation,Routine,3.2,37544
4277,2022-06-28 4:00:00,31-45,Male,East,Cardiology,Medication,Emergency,5.8,77884
4278,2022-06-28 5:00:00,31-45,Male,West,Orthopedics,Observation,Routine,1.9,75891
4279,2022-06-28 6:00:00,18-30,Male,South,General Medicine,Medication,Routine,3,46789
4280,2022-06-28 7:00:00,31-45,Female,East,Neurology,Medication,Routine,4.1,52514
4281,2022-06-28 8:00:00,18-30,Male,West,Pediatrics,Therapy,Emergency,4.5,83284
4282,2022-06-28 9:00:00,46-60,Male,West,General Medicine,Surgery,Routine,3,32329
4283,2022-06-28 10:00:00,18-30,Male,North,Cardiology,Observation,Routine,5.6,67086
4284,2022-06-28 11:00:00,18-30,Male,West,Orthopedics,Surgery,Emergency,5.2,43828
4285,2022-06-28 12:00:00,31-45,Female,South,Cardiology,Therapy,Emergency,6.3,90562
4286,2022-06-28 13:00:00,31-45,Male,South,Pediatrics,Medication,Routine,3.8,56269
4287,2022-06-28 14:00:00,60+,Female,West,Pediatrics,Observation,Emergency,3,80208
4288,2022-06-28 15:00:00,31-45,Female,East,Cardiology,Surgery,Emergency,2.6,39773
4289,2022-06-28 16:00:00,31-45,Female,South,General Medicine,Therapy,Routine,4.6,30029
4290,2022-06-28 17:00:00,46-60,Male,South,General Medicine,Medication,Routine,3.2,50315
4291,2022-06-28 18:00:00,31-45,Male,North,Orthopedics,Medication,Routine,2.9,60254
4292,2022-06-28 19:00:00,18-30,Male,East,Orthopedics,Surgery,Routine,3.1,44785
4293,2022-06-28 20:00:00,31-45,Female,West,Neurology,Medication,Emergency,2.6,70166
4294,2022-06-28 21:00:00,60+,Female,East,Neurology,Therapy,Routine,4.4,50801
4295,2022-06-28 22:00:00,31-45,Female,North,Orthopedics,Medication,Routine,1.2,13371
4296,2022-06-28 23:00:00,31-45,Female,North,Neurology,Observation,Emergency,4.6,66056
4297,2022-06-29 0:00:00,18-30,Male,East,Cardiology,Observation,Routine,5.4,37349
4298,2022-06-29 1:00:00,18-30,Male,North,General Medicine,Surgery,Emergency,2.8,47768
4299,2022-06-29 2:00:00,31-45,Male,North,Neurology,Therapy,Emergency,7.8,86063
4300,2022-06-29 3:00:00,31-45,Female,North,Neurology,Medication,Emergency,4,90456
4301,2022-06-29 4:00:00,18-30,Female,East,Cardiology,Medication,Emergency,0.9,43490
4302,2022-06-29 5:00:00,60+,Male,North,Pediatrics,Medication,Routine,3.4,66556
4303,2022-06-29 6:00:00,46-60,Male,West,Orthopedics,Observation,Routine,4.1,43955
4304,2022-06-29 7:00:00,31-45,Female,West,Cardiology,Therapy,Routine,4.9,49263
4305,2022-06-29 8:00:00,46-60,Male,South,Pediatrics,Medication,Routine,3.5,42884
4306,2022-06-29 9:00:00,18-30,Male,West,Cardiology,Surgery,Routine,2,20513
4307,2022-06-29 10:00:00,31-45,Female,South,General Medicine,Therapy,Routine,1.8,56901
4308,2022-06-29 11:00:00,46-60,Female,East,Cardiology,Therapy,Emergency,2.7,60763
4309,2022-06-29 12:00:00,46-60,Female,North,Cardiology,Medication,Emergency,2.9,41580
4310,2022-06-29 13:00:00,46-60,Male,West,General Medicine,Observation,Routine,1.7,76756
4311,2022-06-29 14:00:00,31-45,Female,South,Orthopedics,Therapy,Routine,2.5,46278
4312,2022-06-29 15:00:00,60+,Male,East,Pediatrics,Surgery,Routine,5.3,42256
4313,2022-06-29 16:00:00,18-30,Male,South,Neurology,Therapy,Emergency,7.3,65530
4314,2022-06-29 17:00:00,60+,Female,North,Orthopedics,Observation,Routine,5.5,24146
4315,2022-06-29 18:00:00,60+,Male,West,Cardiology,Surgery,Routine,6.6,73134
4316,2022-06-29 19:00:00,18-30,Female,East,Neurology,Observation,Routine,5.9,46957
4317,2022-06-29 20:00:00,46-60,Female,South,General Medicine,Medication,Routine,5.7,74786
4318,2022-06-29 21:00:00,18-30,Male,East,Orthopedics,Therapy,Emergency,3.3,80763
4319,2022-06-29 22:00:00,31-45,Male,South,Pediatrics,Surgery,Routine,4.3,67803
4320,2022-06-29 23:00:00,31-45,Female,South,Orthopedics,Observation,Routine,3.2,38761
4321,2022-06-30 0:00:00,31-45,Female,North,Orthopedics,Medication,Emergency,3.6,29983
4322,2022-06-30 1:00:00,60+,Female,North,Neurology,Surgery,Emergency,4.1,26319
4323,2022-06-30 2:00:00,46-60,Female,South,General Medicine,Therapy,Emergency,5.4,77058
4324,2022-06-30 3:00:00,31-45,Female,West,General Medicine,Therapy,Routine,4.8,52304
4325,2022-06-30 4:00:00,46-60,Female,East,Orthopedics,Observation,Routine,3.7,43016
4326,2022-06-30 5:00:00,60+,Male,East,General Medicine,Surgery,Routine,4.1,52358
4327,2022-06-30 6:00:00,18-30,Male,North,Neurology,Medication,Routine,4.9,76612
4328,2022-06-30 7:00:00,60+,Male,West,Neurology,Medication,Routine,5.3,70575
4329,2022-06-30 8:00:00,18-30,Male,South,Pediatrics,Medication,Routine,1,63770
4330,2022-06-30 9:00:00,46-60,Female,North,General Medicine,Observation,Routine,1.8,67758
4331,2022-06-30 10:00:00,31-45,Male,South,Pediatrics,Medication,Emergency,6.2,58603
4332,2022-06-30 11:00:00,18-30,Male,South,Cardiology,Surgery,Routine,3.9,61042
4333,2022-06-30 12:00:00,31-45,Female,North,Neurology,Observation,Emergency,3.2,59421
4334,2022-06-30 13:00:00,46-60,Male,West,Orthopedics,Therapy,Routine,3.5,54999
4335,2022-06-30 14:00:00,31-45,Female,East,Neurology,Observation,Routine,3.5,70067
4336,2022-06-30 15:00:00,18-30,Female,North,Cardiology,Observation,Routine,5.1,62226
4337,2022-06-30 16:00:00,31-45,Female,West,Orthopedics,Observation,Emergency,1.8,37386
4338,2022-06-30 17:00:00,60+,Female,South,General Medicine,Surgery,Routine,4,65577
4339,2022-06-30 18:00:00,31-45,Female,North,General Medicine,Therapy,Emergency,4.5,59945
4340,2022-06-30 19:00:00,18-30,Male,East,Neurology,Therapy,Routine,4.8,67228
4341,2022-06-30 20:00:00,31-45,Male,East,Orthopedics,Observation,Emergency,4.4,52916
4342,2022-06-30 21:00:00,18-30,Male,South,Orthopedics,Observation,Routine,5,71235
4343,2022-06-30 22:00:00,46-60,Female,North,Pediatrics,Observation,Emergency,2.9,53772
4344,2022-06-30 23:00:00,46-60,Male,East,Cardiology,Surgery,Routine,2.1,69478
4345,2022-07-01 0:00:00,31-45,Male,North,General Medicine,Surgery,Emergency,8.9,45871
4346,2022-07-01 1:00:00,31-45,Male,East,Neurology,Medication,Routine,3.4,47255
4347,2022-07-01 2:00:00,46-60,Male,South,Orthopedics,Therapy,Routine,3.6,67041
4348,2022-07-01 3:00:00,31-45,Female,South,General Medicine,Medication,Emergency,5.4,48365
4349,2022-07-01 4:00:00,46-60,Male,North,Neurology,Medication,Routine,7.2,99116
4350,2022-07-01 5:00:00,46-60,Female,West,General Medicine,Observation,Routine,2.9,66329
4351,2022-07-01 6:00:00,46-60,Female,West,Neurology,Surgery,Emergency,2,55498
4352,2022-07-01 7:00:00,31-45,Male,South,General Medicine,Medication,Routine,1.5,71398
4353,2022-07-01 8:00:00,31-45,Female,East,Pediatrics,Medication,Routine,7.2,45386
4354,2022-07-01 9:00:00,60+,Female,West,Cardiology,Medication,Routine,1.9,73460
4355,2022-07-01 10:00:00,31-45,Female,South,General Medicine,Observation,Emergency,3.9,72905
4356,2022-07-01 11:00:00,46-60,Female,East,Cardiology,Observation,Routine,2,80071
4357,2022-07-01 12:00:00,18-30,Female,East,General Medicine,Surgery,Routine,1.1,46184
4358,2022-07-01 13:00:00,46-60,Female,West,Orthopedics,Medication,Emergency,3.4,30545
4359,2022-07-01 14:00:00,31-45,Female,South,Pediatrics,Medication,Emergency,2.1,42797
4360,2022-07-01 15:00:00,18-30,Male,East,Pediatrics,Surgery,Emergency,2.6,49367
4361,2022-07-01 16:00:00,18-30,Male,East,Cardiology,Surgery,Emergency,8,88344
4362,2022-07-01 17:00:00,46-60,Female,North,Orthopedics,Surgery,Routine,4.8,98900
4363,2022-07-01 18:00:00,46-60,Female,North,Neurology,Therapy,Routine,5.9,61893
4364,2022-07-01 19:00:00,31-45,Male,West,Pediatrics,Surgery,Routine,5.6,55188
4365,2022-07-01 20:00:00,18-30,Male,North,Orthopedics,Observation,Emergency,3.8,48002
4366,2022-07-01 21:00:00,46-60,Male,South,Orthopedics,Therapy,Emergency,3.1,71494
4367,2022-07-01 22:00:00,18-30,Male,West,Cardiology,Surgery,Emergency,4.5,98772
4368,2022-07-01 23:00:00,31-45,Female,West,Orthopedics,Observation,Routine,4.3,90717
4369,2022-07-02 0:00:00,18-30,Female,North,Orthopedics,Surgery,Routine,2.9,77760
4370,2022-07-02 1:00:00,18-30,Male,East,Neurology,Surgery,Routine,4.3,77466
4371,2022-07-02 2:00:00,18-30,Male,South,Cardiology,Therapy,Routine,2.6,71646
4372,2022-07-02 3:00:00,31-45,Male,South,Cardiology,Observation,Emergency,3.7,54054
4373,2022-07-02 4:00:00,18-30,Male,South,Orthopedics,Medication,Routine,3.3,40269
4374,2022-07-02 5:00:00,31-45,Female,West,Neurology,Surgery,Routine,1.5,54584
4375,2022-07-02 6:00:00,31-45,Male,South,General Medicine,Therapy,Emergency,0.7,63447
4376,2022-07-02 7:00:00,31-45,Male,East,Pediatrics,Observation,Routine,2.1,25927
4377,2022-07-02 8:00:00,31-45,Male,East,Cardiology,Surgery,Routine,7.6,51941
4378,2022-07-02 9:00:00,46-60,Female,North,Neurology,Medication,Routine,3.4,38481
4379,2022-07-02 10:00:00,18-30,Female,South,Neurology,Observation,Emergency,5.6,75277
4380,2022-07-02 11:00:00,31-45,Female,West,Orthopedics,Observation,Emergency,0.2,44006
4381,2022-07-02 12:00:00,18-30,Male,North,Pediatrics,Therapy,Routine,2,61564
4382,2022-07-02 13:00:00,18-30,Male,East,Cardiology,Surgery,Routine,1.3,41000
4383,2022-07-02 14:00:00,31-45,Male,South,General Medicine,Surgery,Routine,3.6,86954
4384,2022-07-02 15:00:00,31-45,Female,East,Orthopedics,Observation,Routine,8.8,20985
4385,2022-07-02 16:00:00,60+,Female,North,Cardiology,Surgery,Routine,4.9,64517
4386,2022-07-02 17:00:00,31-45,Male,East,Cardiology,Observation,Routine,7.4,29455
4387,2022-07-02 18:00:00,60+,Male,South,Neurology,Medication,Routine,3.5,44813
4388,2022-07-02 19:00:00,18-30,Female,South,Pediatrics,Therapy,Emergency,6.7,59124
4389,2022-07-02 20:00:00,18-30,Male,North,General Medicine,Surgery,Routine,8.1,60107
4390,2022-07-02 21:00:00,18-30,Male,South,Pediatrics,Surgery,Routine,3.8,59585
4391,2022-07-02 22:00:00,18-30,Male,East,Neurology,Therapy,Routine,2.9,58035
4392,2022-07-02 23:00:00,31-45,Female,East,General Medicine,Medication,Routine,1.4,42163
4393,2022-07-03 0:00:00,46-60,Male,West,General Medicine,Medication,Routine,3.4,51719
4394,2022-07-03 1:00:00,18-30,Male,West,Orthopedics,Medication,Routine,4.2,55633
4395,2022-07-03 2:00:00,60+,Male,West,General Medicine,Medication,Emergency,8.1,58907
4396,2022-07-03 3:00:00,46-60,Male,East,Cardiology,Medication,Emergency,1.4,53686
4397,2022-07-03 4:00:00,31-45,Female,East,Pediatrics,Observation,Emergency,4.1,69592
4398,2022-07-03 5:00:00,18-30,Female,North,Pediatrics,Surgery,Routine,0.4,56868
4399,2022-07-03 6:00:00,18-30,Female,West,Orthopedics,Surgery,Emergency,3.1,59027
4400,2022-07-03 7:00:00,18-30,Male,East,General Medicine,Surgery,Routine,4.6,47347
4401,2022-07-03 8:00:00,18-30,Female,North,Neurology,Observation,Emergency,5,33951
4402,2022-07-03 9:00:00,31-45,Male,East,Cardiology,Therapy,Routine,5.2,58081
4403,2022-07-03 10:00:00,18-30,Female,North,Orthopedics,Medication,Routine,4.8,79149
4404,2022-07-03 11:00:00,31-45,Male,West,General Medicine,Therapy,Routine,5.2,63877
4405,2022-07-03 12:00:00,60+,Female,West,Neurology,Medication,Emergency,4.1,38650
4406,2022-07-03 13:00:00,46-60,Female,West,General Medicine,Medication,Emergency,1.9,71295
4407,2022-07-03 14:00:00,60+,Female,East,Orthopedics,Therapy,Emergency,0.3,48298
4408,2022-07-03 15:00:00,18-30,Male,East,Neurology,Surgery,Routine,2.9,69293
4409,2022-07-03 16:00:00,31-45,Male,North,Neurology,Observation,Routine,3.7,47624
4410,2022-07-03 17:00:00,31-45,Male,South,Neurology,Therapy,Emergency,6.5,62066
4411,2022-07-03 18:00:00,18-30,Female,South,Neurology,Surgery,Routine,3.8,44630
4412,2022-07-03 19:00:00,18-30,Male,West,General Medicine,Medication,Emergency,3.6,45139
4413,2022-07-03 20:00:00,46-60,Male,South,Neurology,Surgery,Routine,4.8,23675
4414,2022-07-03 21:00:00,46-60,Male,West,General Medicine,Medication,Routine,3.5,65241
4415,2022-07-03 22:00:00,31-45,Male,North,Neurology,Medication,Emergency,5.6,62403
4416,2022-07-03 23:00:00,31-45,Male,South,Neurology,Surgery,Routine,8,63529
4417,2022-07-04 0:00:00,31-45,Male,South,Orthopedics,Medication,Emergency,8.4,60507
4418,2022-07-04 1:00:00,18-30,Female,West,General Medicine,Observation,Routine,4.2,39755
4419,2022-07-04 2:00:00,31-45,Female,North,General Medicine,Surgery,Emergency,4.7,74318
4420,2022-07-04 3:00:00,18-30,Male,South,Pediatrics,Therapy,Routine,7.2,74856
4421,2022-07-04 4:00:00,18-30,Female,South,Orthopedics,Medication,Emergency,3.7,39235
4422,2022-07-04 5:00:00,60+,Female,South,General Medicine,Medication,Routine,5.4,65642
4423,2022-07-04 6:00:00,31-45,Male,North,Orthopedics,Observation,Routine,1.7,72500
4424,2022-07-04 7:00:00,46-60,Male,North,Orthopedics,Observation,Routine,3.4,45598
4425,2022-07-04 8:00:00,31-45,Female,South,Orthopedics,Therapy,Emergency,6.3,49079
4426,2022-07-04 9:00:00,31-45,Male,West,Cardiology,Medication,Routine,2.6,65682
4427,2022-07-04 10:00:00,18-30,Female,West,General Medicine,Therapy,Routine,3.7,24793
4428,2022-07-04 11:00:00,18-30,Female,South,Orthopedics,Therapy,Emergency,0.9,33230
4429,2022-07-04 12:00:00,18-30,Female,North,Cardiology,Medication,Routine,8,35204
4430,2022-07-04 13:00:00,46-60,Male,South,Cardiology,Therapy,Routine,6.5,19074
4431,2022-07-04 14:00:00,46-60,Female,North,Neurology,Therapy,Routine,4.4,76699
4432,2022-07-04 15:00:00,31-45,Male,South,Neurology,Observation,Emergency,5,15237
4433,2022-07-04 16:00:00,31-45,Male,North,General Medicine,Observation,Routine,4.8,61862
4434,2022-07-04 17:00:00,60+,Male,East,Neurology,Therapy,Routine,6.8,71234
4435,2022-07-04 18:00:00,18-30,Male,West,General Medicine,Medication,Emergency,3,49128
4436,2022-07-04 19:00:00,31-45,Male,East,Cardiology,Observation,Emergency,5.5,41633
4437,2022-07-04 20:00:00,31-45,Female,West,Cardiology,Therapy,Routine,6.2,59657
4438,2022-07-04 21:00:00,46-60,Male,North,General Medicine,Surgery,Emergency,6.4,55037
4439,2022-07-04 22:00:00,60+,Male,East,Neurology,Surgery,Emergency,0.5,75070
4440,2022-07-04 23:00:00,18-30,Male,West,Neurology,Therapy,Routine,2.8,2430
4441,2022-07-05 0:00:00,60+,Male,South,General Medicine,Surgery,Emergency,2,36626
4442,2022-07-05 1:00:00,46-60,Male,North,Pediatrics,Observation,Routine,4.3,66232
4443,2022-07-05 2:00:00,18-30,Female,North,Neurology,Medication,Routine,0,56009
4444,2022-07-05 3:00:00,31-45,Male,South,Orthopedics,Therapy,Routine,0.1,70041
4445,2022-07-05 4:00:00,31-45,Male,South,Neurology,Observation,Routine,8.3,60240
4446,2022-07-05 5:00:00,60+,Female,West,Pediatrics,Medication,Routine,5.2,52305
4447,2022-07-05 6:00:00,18-30,Male,North,Cardiology,Surgery,Emergency,4.2,48954
4448,2022-07-05 7:00:00,46-60,Female,West,Cardiology,Surgery,Routine,4.7,101501
4449,2022-07-05 8:00:00,31-45,Female,South,Cardiology,Surgery,Routine,4.3,85699
4450,2022-07-05 9:00:00,46-60,Female,North,Neurology,Surgery,Routine,6,64910
4451,2022-07-05 10:00:00,31-45,Female,South,Cardiology,Observation,Emergency,2.7,56569
4452,2022-07-05 11:00:00,31-45,Male,West,Pediatrics,Observation,Routine,4.4,65763
4453,2022-07-05 12:00:00,46-60,Male,West,Pediatrics,Medication,Routine,4.5,71537
4454,2022-07-05 13:00:00,46-60,Female,West,Neurology,Therapy,Routine,1.9,63377
4455,2022-07-05 14:00:00,60+,Female,North,Orthopedics,Medication,Emergency,6.6,39972
4456,2022-07-05 15:00:00,18-30,Male,South,Neurology,Therapy,Routine,3.1,90690
4457,2022-07-05 16:00:00,46-60,Female,South,Cardiology,Surgery,Emergency,6,59924
4458,2022-07-05 17:00:00,18-30,Female,West,Neurology,Surgery,Routine,4.2,95279
4459,2022-07-05 18:00:00,31-45,Female,West,Pediatrics,Surgery,Routine,7.3,58743
4460,2022-07-05 19:00:00,31-45,Male,West,Neurology,Surgery,Routine,1.9,50087
4461,2022-07-05 20:00:00,31-45,Female,West,Neurology,Observation,Emergency,1.8,82683
4462,2022-07-05 21:00:00,31-45,Male,East,Orthopedics,Medication,Routine,2.2,61024
4463,2022-07-05 22:00:00,60+,Male,East,Pediatrics,Therapy,Routine,4.3,57668
4464,2022-07-05 23:00:00,18-30,Male,East,General Medicine,Therapy,Routine,7.1,30993
4465,2022-07-06 0:00:00,46-60,Female,West,General Medicine,Observation,Routine,7.2,68204
4466,2022-07-06 1:00:00,31-45,Female,West,Pediatrics,Surgery,Routine,0.6,45134
4467,2022-07-06 2:00:00,18-30,Male,South,General Medicine,Medication,Emergency,4.5,46044
4468,2022-07-06 3:00:00,18-30,Male,North,Cardiology,Surgery,Routine,2.4,45189
4469,2022-07-06 4:00:00,60+,Male,South,General Medicine,Observation,Routine,5.6,63781
4470,2022-07-06 5:00:00,60+,Female,East,Cardiology,Therapy,Routine,6.2,24292
4471,2022-07-06 6:00:00,60+,Female,South,Pediatrics,Observation,Routine,3.9,50783
4472,2022-07-06 7:00:00,60+,Male,West,General Medicine,Therapy,Routine,4.2,74606
4473,2022-07-06 8:00:00,18-30,Male,East,General Medicine,Medication,Routine,4.1,30087
4474,2022-07-06 9:00:00,31-45,Female,East,Cardiology,Therapy,Emergency,2.4,58458
4475,2022-07-06 10:00:00,46-60,Male,North,Cardiology,Medication,Routine,4.9,42372
4476,2022-07-06 11:00:00,31-45,Female,North,Neurology,Surgery,Emergency,3.5,46926
4477,2022-07-06 12:00:00,31-45,Female,East,Orthopedics,Surgery,Routine,5.9,88103
4478,2022-07-06 13:00:00,31-45,Male,East,General Medicine,Observation,Routine,3.8,21990
4479,2022-07-06 14:00:00,31-45,Male,South,Orthopedics,Medication,Emergency,2.3,70313
4480,2022-07-06 15:00:00,31-45,Female,East,Orthopedics,Surgery,Emergency,0.9,45441
4481,2022-07-06 16:00:00,18-30,Female,West,General Medicine,Medication,Routine,0.3,44447
4482,2022-07-06 17:00:00,31-45,Female,South,Cardiology,Surgery,Routine,6.6,32769
4483,2022-07-06 18:00:00,31-45,Female,West,Neurology,Surgery,Routine,3.1,70078
4484,2022-07-06 19:00:00,31-45,Female,West,Pediatrics,Therapy,Routine,4.7,51172
4485,2022-07-06 20:00:00,18-30,Male,West,General Medicine,Observation,Routine,7.6,48647
4486,2022-07-06 21:00:00,46-60,Female,East,General Medicine,Therapy,Emergency,2.9,57197
4487,2022-07-06 22:00:00,18-30,Female,North,Pediatrics,Medication,Routine,2.7,51594
4488,2022-07-06 23:00:00,31-45,Female,North,Orthopedics,Surgery,Routine,3.7,14986
4489,2022-07-07 0:00:00,46-60,Male,West,Neurology,Observation,Routine,4.1,45184
4490,2022-07-07 1:00:00,31-45,Male,East,Orthopedics,Surgery,Routine,7.8,72909
4491,2022-07-07 2:00:00,31-45,Female,South,Pediatrics,Surgery,Routine,7.1,24868
4492,2022-07-07 3:00:00,46-60,Female,West,Pediatrics,Therapy,Routine,5.2,33201
4493,2022-07-07 4:00:00,31-45,Male,South,Neurology,Medication,Emergency,6.9,46464
4494,2022-07-07 5:00:00,46-60,Male,South,Pediatrics,Observation,Routine,3.6,40488
4495,2022-07-07 6:00:00,46-60,Male,East,Pediatrics,Observation,Emergency,4.6,54442
4496,2022-07-07 7:00:00,46-60,Male,East,Neurology,Observation,Routine,3.4,33138
4497,2022-07-07 8:00:00,31-45,Female,North,General Medicine,Medication,Emergency,1.4,47243
4498,2022-07-07 9:00:00,18-30,Male,North,Orthopedics,Observation,Emergency,6.4,54040
4499,2022-07-07 10:00:00,31-45,Female,East,General Medicine,Medication,Emergency,5.1,67979
4500,2022-07-07 11:00:00,31-45,Female,West,General Medicine,Observation,Emergency,4,79896
4501,2022-07-07 12:00:00,31-45,Male,North,Orthopedics,Surgery,Routine,4,49769
4502,2022-07-07 13:00:00,31-45,Male,South,General Medicine,Medication,Emergency,1,92761
4503,2022-07-07 14:00:00,31-45,Male,West,Neurology,Therapy,Emergency,2,51322
4504,2022-07-07 15:00:00,18-30,Male,South,Orthopedics,Observation,Routine,4.7,71578
4505,2022-07-07 16:00:00,31-45,Female,East,Cardiology,Therapy,Routine,2.9,93630
4506,2022-07-07 17:00:00,31-45,Female,South,General Medicine,Medication,Routine,3.6,57786
4507,2022-07-07 18:00:00,46-60,Female,West,Pediatrics,Surgery,Routine,3.8,27529
4508,2022-07-07 19:00:00,18-30,Male,East,Orthopedics,Therapy,Routine,2.6,56818
4509,2022-07-07 20:00:00,31-45,Female,West,Cardiology,Therapy,Routine,2.1,42767
4510,2022-07-07 21:00:00,60+,Male,South,Pediatrics,Surgery,Routine,0.8,49511
4511,2022-07-07 22:00:00,18-30,Female,West,Cardiology,Surgery,Emergency,3.7,94700
4512,2022-07-07 23:00:00,31-45,Male,East,General Medicine,Medication,Routine,5.2,30545
4513,2022-07-08 0:00:00,18-30,Female,South,Pediatrics,Observation,Emergency,0.7,61009
4514,2022-07-08 1:00:00,46-60,Female,South,General Medicine,Therapy,Routine,4,37446
4515,2022-07-08 2:00:00,31-45,Male,North,Pediatrics,Therapy,Routine,4.6,48847
4516,2022-07-08 3:00:00,31-45,Female,North,Orthopedics,Medication,Routine,2,69897
4517,2022-07-08 4:00:00,31-45,Female,West,Neurology,Observation,Routine,6.8,61363
4518,2022-07-08 5:00:00,60+,Male,North,Neurology,Medication,Routine,3.2,50499
4519,2022-07-08 6:00:00,18-30,Male,North,Cardiology,Therapy,Routine,3.8,42004
4520,2022-07-08 7:00:00,18-30,Male,North,Pediatrics,Therapy,Routine,3.7,61322
4521,2022-07-08 8:00:00,60+,Male,North,General Medicine,Surgery,Routine,0.5,89154
4522,2022-07-08 9:00:00,31-45,Male,East,Orthopedics,Surgery,Routine,6,36973
4523,2022-07-08 10:00:00,60+,Female,East,Orthopedics,Observation,Routine,2.1,93233
4524,2022-07-08 11:00:00,31-45,Male,North,Orthopedics,Therapy,Routine,3.5,78990
4525,2022-07-08 12:00:00,46-60,Female,West,Neurology,Therapy,Routine,5.2,82387
4526,2022-07-08 13:00:00,31-45,Female,East,General Medicine,Surgery,Routine,6.9,61169
4527,2022-07-08 14:00:00,46-60,Male,North,Orthopedics,Medication,Routine,1.8,78423
4528,2022-07-08 15:00:00,60+,Female,East,Orthopedics,Medication,Routine,3.1,34823
4529,2022-07-08 16:00:00,31-45,Female,South,Cardiology,Therapy,Routine,6.8,41639
4530,2022-07-08 17:00:00,18-30,Male,East,Pediatrics,Therapy,Routine,4.9,70316
4531,2022-07-08 18:00:00,31-45,Female,East,Pediatrics,Observation,Routine,5.3,60917
4532,2022-07-08 19:00:00,18-30,Male,West,Pediatrics,Observation,Routine,1.9,52032
4533,2022-07-08 20:00:00,18-30,Male,East,Cardiology,Surgery,Routine,3.2,4948
4534,2022-07-08 21:00:00,31-45,Male,West,Neurology,Therapy,Routine,3.7,46291
4535,2022-07-08 22:00:00,31-45,Female,South,Cardiology,Medication,Emergency,2.3,31519
4536,2022-07-08 23:00:00,31-45,Female,North,Orthopedics,Observation,Emergency,0.7,64871
4537,2022-07-09 0:00:00,31-45,Female,West,General Medicine,Surgery,Routine,3,51177
4538,2022-07-09 1:00:00,46-60,Female,East,Orthopedics,Surgery,Emergency,6.7,42434
4539,2022-07-09 2:00:00,18-30,Male,East,Orthopedics,Medication,Routine,4.1,107858
4540,2022-07-09 3:00:00,18-30,Female,West,General Medicine,Observation,Routine,6.7,75763
4541,2022-07-09 4:00:00,18-30,Male,South,Pediatrics,Medication,Emergency,4.4,76117
4542,2022-07-09 5:00:00,31-45,Female,North,Cardiology,Surgery,Emergency,2.5,99044
4543,2022-07-09 6:00:00,18-30,Female,East,Neurology,Therapy,Routine,6.6,71044
4544,2022-07-09 7:00:00,31-45,Female,South,Orthopedics,Medication,Routine,4.4,39581
4545,2022-07-09 8:00:00,31-45,Female,North,Orthopedics,Surgery,Routine,5.9,37242
4546,2022-07-09 9:00:00,46-60,Female,North,Neurology,Therapy,Routine,1.9,74298
4547,2022-07-09 10:00:00,18-30,Male,East,Cardiology,Therapy,Routine,6.1,13813
4548,2022-07-09 11:00:00,46-60,Female,West,Orthopedics,Observation,Routine,6.1,53444
4549,2022-07-09 12:00:00,46-60,Female,East,Neurology,Observation,Emergency,4.6,11578
4550,2022-07-09 13:00:00,46-60,Female,East,Orthopedics,Surgery,Routine,2.4,56977
4551,2022-07-09 14:00:00,60+,Female,East,Pediatrics,Medication,Emergency,3.9,72081
4552,2022-07-09 15:00:00,18-30,Male,South,Pediatrics,Therapy,Routine,5.2,60588
4553,2022-07-09 16:00:00,18-30,Female,West,Orthopedics,Observation,Routine,4.5,73762
4554,2022-07-09 17:00:00,60+,Male,South,Orthopedics,Observation,Routine,5.2,94297
4555,2022-07-09 18:00:00,31-45,Female,East,Pediatrics,Medication,Routine,6,52129
4556,2022-07-09 19:00:00,31-45,Male,West,Orthopedics,Observation,Routine,2.7,111153
4557,2022-07-09 20:00:00,46-60,Male,North,Cardiology,Surgery,Routine,1.7,59253
4558,2022-07-09 21:00:00,46-60,Male,West,Cardiology,Medication,Routine,3.9,73983
4559,2022-07-09 22:00:00,60+,Male,East,General Medicine,Therapy,Routine,3.3,42779
4560,2022-07-09 23:00:00,60+,Male,West,Cardiology,Surgery,Routine,5.6,87386
4561,2022-07-10 0:00:00,46-60,Female,North,Orthopedics,Therapy,Routine,1.9,75834
4562,2022-07-10 1:00:00,31-45,Male,North,Orthopedics,Therapy,Routine,6,84429
4563,2022-07-10 2:00:00,60+,Female,West,Neurology,Observation,Routine,6.7,56090
4564,2022-07-10 3:00:00,18-30,Male,North,Cardiology,Surgery,Routine,4,29892
4565,2022-07-10 4:00:00,18-30,Male,South,Pediatrics,Surgery,Emergency,4.1,64208
4566,2022-07-10 5:00:00,60+,Female,West,Pediatrics,Medication,Routine,2.5,21060
4567,2022-07-10 6:00:00,31-45,Male,North,General Medicine,Surgery,Routine,2.9,48276
4568,2022-07-10 7:00:00,18-30,Male,North,Neurology,Medication,Routine,3.2,58822
4569,2022-07-10 8:00:00,18-30,Male,West,Pediatrics,Surgery,Routine,6.9,102544
4570,2022-07-10 9:00:00,60+,Male,South,General Medicine,Therapy,Routine,3.9,61371
4571,2022-07-10 10:00:00,31-45,Female,West,Cardiology,Medication,Routine,1.4,57791
4572,2022-07-10 11:00:00,46-60,Male,North,Neurology,Surgery,Emergency,4.5,53739
4573,2022-07-10 12:00:00,18-30,Male,West,Neurology,Medication,Routine,5.7,28158
4574,2022-07-10 13:00:00,46-60,Female,North,Orthopedics,Observation,Routine,3.9,56717
4575,2022-07-10 14:00:00,46-60,Female,East,Cardiology,Observation,Routine,6.9,57058
4576,2022-07-10 15:00:00,31-45,Male,West,Neurology,Medication,Routine,5.6,35628
4577,2022-07-10 16:00:00,31-45,Male,West,General Medicine,Medication,Routine,1.9,31265
4578,2022-07-10 17:00:00,18-30,Female,North,Pediatrics,Therapy,Emergency,2.9,45369
4579,2022-07-10 18:00:00,60+,Male,North,Cardiology,Surgery,Emergency,4.5,56299
4580,2022-07-10 19:00:00,46-60,Female,North,Cardiology,Observation,Emergency,0.7,45849
4581,2022-07-10 20:00:00,60+,Male,North,Neurology,Observation,Routine,4.7,33982
4582,2022-07-10 21:00:00,31-45,Female,West,Neurology,Surgery,Emergency,0.5,60785
4583,2022-07-10 22:00:00,46-60,Female,North,Neurology,Observation,Routine,6,65777
4584,2022-07-10 23:00:00,46-60,Female,West,General Medicine,Observation,Emergency,5.8,57426
4585,2022-07-11 0:00:00,46-60,Male,South,Orthopedics,Medication,Emergency,5,43740
4586,2022-07-11 1:00:00,60+,Male,West,Neurology,Observation,Routine,2.6,66897
4587,2022-07-11 2:00:00,31-45,Male,North,Orthopedics,Observation,Routine,4.3,51189
4588,2022-07-11 3:00:00,18-30,Male,North,Orthopedics,Observation,Routine,3,31218
4589,2022-07-11 4:00:00,46-60,Female,South,Cardiology,Surgery,Emergency,1.9,75725
4590,2022-07-11 5:00:00,46-60,Female,West,Pediatrics,Therapy,Routine,3.3,62070
4591,2022-07-11 6:00:00,31-45,Female,South,Pediatrics,Medication,Emergency,5.4,52614
4592,2022-07-11 7:00:00,18-30,Male,West,General Medicine,Therapy,Routine,4.1,23579
4593,2022-07-11 8:00:00,31-45,Male,North,General Medicine,Observation,Routine,6.9,40103
4594,2022-07-11 9:00:00,31-45,Male,West,Pediatrics,Observation,Routine,5.5,95371
4595,2022-07-11 10:00:00,31-45,Female,North,Pediatrics,Observation,Emergency,5.3,24833
4596,2022-07-11 11:00:00,46-60,Male,North,Cardiology,Therapy,Routine,0.8,49973
4597,2022-07-11 12:00:00,46-60,Male,East,Cardiology,Surgery,Routine,3.4,54673
4598,2022-07-11 13:00:00,18-30,Female,East,Pediatrics,Surgery,Routine,1.9,61410
4599,2022-07-11 14:00:00,31-45,Female,West,Neurology,Medication,Routine,3.6,25057
4600,2022-07-11 15:00:00,31-45,Male,North,Neurology,Therapy,Routine,2.6,58484
4601,2022-07-11 16:00:00,18-30,Female,South,Cardiology,Surgery,Routine,3.2,21278
4602,2022-07-11 17:00:00,46-60,Male,North,Orthopedics,Medication,Emergency,6.1,56949
4603,2022-07-11 18:00:00,60+,Female,South,Pediatrics,Observation,Emergency,5,41952
4604,2022-07-11 19:00:00,31-45,Female,West,General Medicine,Observation,Routine,6,37683
4605,2022-07-11 20:00:00,46-60,Female,West,Neurology,Medication,Emergency,0.8,71696
4606,2022-07-11 21:00:00,60+,Male,South,Orthopedics,Surgery,Emergency,4.1,50288
4607,2022-07-11 22:00:00,46-60,Male,South,Neurology,Therapy,Routine,5.9,64474
4608,2022-07-11 23:00:00,18-30,Male,North,Orthopedics,Medication,Routine,7,65137
4609,2022-07-12 0:00:00,60+,Female,West,Pediatrics,Surgery,Routine,0.9,80399
4610,2022-07-12 1:00:00,31-45,Female,North,Pediatrics,Medication,Routine,3.3,30835
4611,2022-07-12 2:00:00,31-45,Female,South,Pediatrics,Surgery,Routine,6.1,73380
4612,2022-07-12 3:00:00,18-30,Female,East,Cardiology,Observation,Emergency,3.6,55329
4613,2022-07-12 4:00:00,31-45,Male,East,Orthopedics,Medication,Emergency,2.2,47438
4614,2022-07-12 5:00:00,18-30,Male,East,General Medicine,Therapy,Routine,0.9,32015
4615,2022-07-12 6:00:00,18-30,Male,South,General Medicine,Medication,Routine,2.1,67132
4616,2022-07-12 7:00:00,31-45,Female,North,Pediatrics,Observation,Routine,0.6,36556
4617,2022-07-12 8:00:00,46-60,Female,West,General Medicine,Observation,Emergency,4.1,65356
4618,2022-07-12 9:00:00,60+,Male,South,Neurology,Surgery,Routine,5.8,93557
4619,2022-07-12 10:00:00,31-45,Female,East,Orthopedics,Observation,Routine,1.5,74600
4620,2022-07-12 11:00:00,60+,Male,North,Orthopedics,Surgery,Routine,4.5,82829
4621,2022-07-12 12:00:00,60+,Female,West,Orthopedics,Observation,Routine,5.7,40620
4622,2022-07-12 13:00:00,46-60,Female,West,Neurology,Surgery,Routine,4,70255
4623,2022-07-12 14:00:00,18-30,Male,South,Cardiology,Therapy,Emergency,0.8,32116
4624,2022-07-12 15:00:00,46-60,Male,South,Neurology,Surgery,Routine,4.8,50330
4625,2022-07-12 16:00:00,60+,Female,West,Orthopedics,Surgery,Emergency,3.9,89825
4626,2022-07-12 17:00:00,46-60,Male,West,Orthopedics,Therapy,Routine,3.7,42843
4627,2022-07-12 18:00:00,31-45,Male,East,Orthopedics,Surgery,Routine,2.9,77227
4628,2022-07-12 19:00:00,31-45,Female,West,General Medicine,Surgery,Routine,4.2,75313
4629,2022-07-12 20:00:00,46-60,Female,South,Cardiology,Therapy,Emergency,5,76495
4630,2022-07-12 21:00:00,31-45,Female,North,Neurology,Observation,Emergency,8.8,29660
4631,2022-07-12 22:00:00,18-30,Male,East,Orthopedics,Medication,Routine,4.2,65504
4632,2022-07-12 23:00:00,31-45,Female,East,Pediatrics,Surgery,Emergency,7,51868
4633,2022-07-13 0:00:00,46-60,Female,West,Cardiology,Observation,Routine,4.7,76770
4634,2022-07-13 1:00:00,60+,Female,North,Pediatrics,Medication,Routine,3.8,21900
4635,2022-07-13 2:00:00,18-30,Female,East,Cardiology,Therapy,Routine,4.3,62356
4636,2022-07-13 3:00:00,60+,Female,South,Orthopedics,Surgery,Emergency,1.6,59528
4637,2022-07-13 4:00:00,31-45,Male,West,Cardiology,Surgery,Routine,4.6,15198
4638,2022-07-13 5:00:00,46-60,Female,South,Cardiology,Therapy,Routine,0,37292
4639,2022-07-13 6:00:00,46-60,Female,West,Orthopedics,Surgery,Routine,2.3,18397
4640,2022-07-13 7:00:00,46-60,Male,East,Pediatrics,Medication,Routine,4.2,40473
4641,2022-07-13 8:00:00,60+,Female,West,Pediatrics,Medication,Routine,6.4,65984
4642,2022-07-13 9:00:00,31-45,Female,North,General Medicine,Therapy,Routine,6.9,58907
4643,2022-07-13 10:00:00,60+,Male,South,Pediatrics,Surgery,Routine,3.5,58388
4644,2022-07-13 11:00:00,18-30,Female,North,Pediatrics,Observation,Emergency,4.3,34205
4645,2022-07-13 12:00:00,46-60,Male,South,Cardiology,Surgery,Routine,6,77409
4646,2022-07-13 13:00:00,46-60,Female,South,General Medicine,Therapy,Routine,1.3,54624
4647,2022-07-13 14:00:00,46-60,Male,West,Orthopedics,Observation,Routine,4.8,55674
4648,2022-07-13 15:00:00,31-45,Male,East,Orthopedics,Medication,Routine,2.3,73808
4649,2022-07-13 16:00:00,60+,Female,East,Neurology,Medication,Emergency,3.7,35173
4650,2022-07-13 17:00:00,18-30,Male,North,General Medicine,Observation,Routine,3.1,59571
4651,2022-07-13 18:00:00,18-30,Male,West,Cardiology,Observation,Emergency,4.9,63469
4652,2022-07-13 19:00:00,46-60,Female,East,Neurology,Therapy,Emergency,5.1,44089
4653,2022-07-13 20:00:00,31-45,Female,South,Neurology,Surgery,Emergency,5.8,68047
4654,2022-07-13 21:00:00,46-60,Male,South,Orthopedics,Medication,Routine,4.7,64542
4655,2022-07-13 22:00:00,31-45,Female,West,Pediatrics,Surgery,Routine,4.3,52976
4656,2022-07-13 23:00:00,18-30,Male,North,Cardiology,Medication,Routine,7.7,52357
4657,2022-07-14 0:00:00,46-60,Male,West,General Medicine,Surgery,Emergency,1,65471
4658,2022-07-14 1:00:00,31-45,Female,North,Neurology,Medication,Routine,7.4,70769
4659,2022-07-14 2:00:00,18-30,Female,West,Cardiology,Surgery,Routine,3.4,56258
4660,2022-07-14 3:00:00,46-60,Male,South,Orthopedics,Therapy,Routine,5.1,77404
4661,2022-07-14 4:00:00,31-45,Female,West,Neurology,Medication,Routine,3.3,68171
4662,2022-07-14 5:00:00,46-60,Female,East,Neurology,Therapy,Emergency,2.6,19231
4663,2022-07-14 6:00:00,31-45,Male,East,Orthopedics,Medication,Routine,5,26902
4664,2022-07-14 7:00:00,46-60,Male,West,Orthopedics,Medication,Routine,6.1,78645
4665,2022-07-14 8:00:00,46-60,Male,North,Orthopedics,Medication,Routine,4.9,50065
4666,2022-07-14 9:00:00,46-60,Male,North,Cardiology,Surgery,Routine,2.9,58284
4667,2022-07-14 10:00:00,18-30,Male,South,Cardiology,Medication,Emergency,11.2,77786
4668,2022-07-14 11:00:00,46-60,Male,South,Cardiology,Therapy,Emergency,6.4,54872
4669,2022-07-14 12:00:00,46-60,Female,North,Pediatrics,Surgery,Routine,5.9,55745
4670,2022-07-14 13:00:00,46-60,Male,West,Neurology,Surgery,Routine,3.3,37625
4671,2022-07-14 14:00:00,31-45,Female,South,Cardiology,Medication,Routine,2.7,62400
4672,2022-07-14 15:00:00,60+,Female,North,Pediatrics,Observation,Emergency,3.4,66730
4673,2022-07-14 16:00:00,46-60,Male,North,Neurology,Surgery,Emergency,6.2,43442
4674,2022-07-14 17:00:00,18-30,Female,West,Cardiology,Medication,Emergency,2,36560
4675,2022-07-14 18:00:00,31-45,Male,East,Orthopedics,Therapy,Routine,1.9,107526
4676,2022-07-14 19:00:00,60+,Female,North,General Medicine,Observation,Emergency,5.1,53142
4677,2022-07-14 20:00:00,18-30,Male,South,Cardiology,Surgery,Emergency,4.6,41326
4678,2022-07-14 21:00:00,60+,Male,West,General Medicine,Observation,Routine,2.5,69132
4679,2022-07-14 22:00:00,46-60,Male,West,Cardiology,Surgery,Routine,1.8,53984
4680,2022-07-14 23:00:00,46-60,Male,West,Orthopedics,Observation,Emergency,6.9,33285
4681,2022-07-15 0:00:00,31-45,Female,East,General Medicine,Observation,Routine,4.7,64661
4682,2022-07-15 1:00:00,18-30,Female,East,Pediatrics,Therapy,Routine,1.3,37938
4683,2022-07-15 2:00:00,60+,Female,South,Orthopedics,Observation,Routine,1.4,86529
4684,2022-07-15 3:00:00,31-45,Female,South,General Medicine,Therapy,Routine,3.3,64890
4685,2022-07-15 4:00:00,46-60,Female,West,General Medicine,Medication,Routine,5.5,49462
4686,2022-07-15 5:00:00,31-45,Male,South,Orthopedics,Surgery,Routine,5.2,57187
4687,2022-07-15 6:00:00,18-30,Male,North,Orthopedics,Therapy,Emergency,6.3,73066
4688,2022-07-15 7:00:00,18-30,Male,East,Orthopedics,Surgery,Emergency,1,58719
4689,2022-07-15 8:00:00,31-45,Male,West,Neurology,Therapy,Emergency,4.4,97442
4690,2022-07-15 9:00:00,60+,Male,West,Pediatrics,Surgery,Routine,6.9,77717
4691,2022-07-15 10:00:00,31-45,Female,North,Cardiology,Therapy,Routine,6.7,64752
4692,2022-07-15 11:00:00,31-45,Male,North,General Medicine,Surgery,Routine,4.7,36260
4693,2022-07-15 12:00:00,31-45,Male,North,Cardiology,Medication,Routine,8.7,52062
4694,2022-07-15 13:00:00,31-45,Female,North,Orthopedics,Surgery,Routine,5.2,64577
4695,2022-07-15 14:00:00,31-45,Female,West,Pediatrics,Medication,Emergency,6.1,38543
4696,2022-07-15 15:00:00,60+,Male,East,Pediatrics,Medication,Routine,4.1,80869
4697,2022-07-15 16:00:00,31-45,Male,East,Neurology,Medication,Routine,2.4,35517
4698,2022-07-15 17:00:00,31-45,Female,North,Orthopedics,Observation,Routine,2.2,42255
4699,2022-07-15 18:00:00,18-30,Male,South,General Medicine,Surgery,Routine,4.4,43754
4700,2022-07-15 19:00:00,60+,Male,West,Neurology,Observation,Emergency,3.6,69876
4701,2022-07-15 20:00:00,18-30,Male,East,Orthopedics,Observation,Emergency,0.5,38901
4702,2022-07-15 21:00:00,18-30,Female,North,Neurology,Surgery,Routine,1.9,19000
4703,2022-07-15 22:00:00,46-60,Male,South,Cardiology,Medication,Routine,3.4,76761
4704,2022-07-15 23:00:00,31-45,Male,South,Orthopedics,Observation,Routine,5.5,46112
4705,2022-07-16 0:00:00,31-45,Female,North,General Medicine,Observation,Emergency,4,33630
4706,2022-07-16 1:00:00,31-45,Female,West,General Medicine,Therapy,Routine,3.9,39903
4707,2022-07-16 2:00:00,46-60,Female,East,Orthopedics,Surgery,Routine,2,89335
4708,2022-07-16 3:00:00,18-30,Male,South,Neurology,Observation,Routine,4,41859
4709,2022-07-16 4:00:00,46-60,Female,East,Pediatrics,Surgery,Routine,6.6,52533
4710,2022-07-16 5:00:00,46-60,Male,East,Orthopedics,Surgery,Routine,4.3,46062
4711,2022-07-16 6:00:00,31-45,Female,South,General Medicine,Observation,Routine,1,30347
4712,2022-07-16 7:00:00,31-45,Male,North,Cardiology,Surgery,Routine,1.5,40146
4713,2022-07-16 8:00:00,31-45,Female,South,General Medicine,Medication,Routine,5.2,28978
4714,2022-07-16 9:00:00,46-60,Male,South,Pediatrics,Observation,Emergency,3.6,74118
4715,2022-07-16 10:00:00,31-45,Male,West,General Medicine,Observation,Routine,3.9,57018
4716,2022-07-16 11:00:00,31-45,Female,East,Pediatrics,Observation,Routine,2.8,104654
4717,2022-07-16 12:00:00,31-45,Female,North,Orthopedics,Therapy,Emergency,5,40822
4718,2022-07-16 13:00:00,60+,Male,East,General Medicine,Therapy,Emergency,3.4,37823
4719,2022-07-16 14:00:00,31-45,Female,South,Neurology,Therapy,Routine,3.6,85675
4720,2022-07-16 15:00:00,60+,Male,North,Neurology,Therapy,Routine,2.3,76160
4721,2022-07-16 16:00:00,31-45,Female,North,General Medicine,Observation,Routine,5.8,62695
4722,2022-07-16 17:00:00,18-30,Female,North,General Medicine,Medication,Emergency,3.6,32726
4723,2022-07-16 18:00:00,18-30,Male,North,Cardiology,Surgery,Emergency,5.2,89900
4724,2022-07-16 19:00:00,31-45,Female,West,General Medicine,Surgery,Routine,1.6,53558
4725,2022-07-16 20:00:00,18-30,Female,North,Cardiology,Observation,Routine,7.5,46386
4726,2022-07-16 21:00:00,18-30,Male,South,Cardiology,Medication,Routine,6.6,77859
4727,2022-07-16 22:00:00,60+,Male,West,Cardiology,Surgery,Routine,0.2,54554
4728,2022-07-16 23:00:00,46-60,Female,South,Cardiology,Medication,Routine,2.4,31687
4729,2022-07-17 0:00:00,46-60,Male,South,Orthopedics,Observation,Routine,5,55806
4730,2022-07-17 1:00:00,18-30,Female,East,Neurology,Therapy,Routine,1.4,39373
4731,2022-07-17 2:00:00,18-30,Female,North,Cardiology,Medication,Routine,3.7,5187
4732,2022-07-17 3:00:00,18-30,Male,North,Neurology,Surgery,Routine,4.9,37366
4733,2022-07-17 4:00:00,46-60,Male,South,Cardiology,Surgery,Routine,3.6,44445
4734,2022-07-17 5:00:00,60+,Male,North,Neurology,Surgery,Routine,5.1,31887
4735,2022-07-17 6:00:00,31-45,Male,West,General Medicine,Therapy,Routine,2.6,66505
4736,2022-07-17 7:00:00,18-30,Male,East,General Medicine,Medication,Emergency,0.5,39451
4737,2022-07-17 8:00:00,31-45,Male,North,Neurology,Medication,Routine,6,64569
4738,2022-07-17 9:00:00,31-45,Female,North,Cardiology,Surgery,Emergency,6,30334
4739,2022-07-17 10:00:00,31-45,Female,West,Orthopedics,Medication,Routine,9,73184
4740,2022-07-17 11:00:00,46-60,Male,East,Neurology,Surgery,Emergency,0.4,29470
4741,2022-07-17 12:00:00,46-60,Female,West,Pediatrics,Medication,Emergency,5.5,8169
4742,2022-07-17 13:00:00,18-30,Female,South,Orthopedics,Therapy,Routine,0.1,79745
4743,2022-07-17 14:00:00,18-30,Female,South,Pediatrics,Therapy,Routine,7.5,37882
4744,2022-07-17 15:00:00,60+,Female,North,Neurology,Observation,Routine,5,90139
4745,2022-07-17 16:00:00,18-30,Male,East,Cardiology,Observation,Emergency,2.1,66292
4746,2022-07-17 17:00:00,18-30,Female,South,Pediatrics,Observation,Routine,5.6,70805
4747,2022-07-17 18:00:00,18-30,Female,West,Neurology,Medication,Routine,2.9,75909
4748,2022-07-17 19:00:00,18-30,Male,South,Orthopedics,Therapy,Routine,4.6,57254
4749,2022-07-17 20:00:00,31-45,Male,South,Cardiology,Therapy,Emergency,4.4,57481
4750,2022-07-17 21:00:00,46-60,Male,West,Pediatrics,Therapy,Routine,7.5,80627
4751,2022-07-17 22:00:00,31-45,Male,North,Neurology,Surgery,Routine,7.6,57227
4752,2022-07-17 23:00:00,31-45,Female,East,Cardiology,Medication,Routine,2.8,40436
4753,2022-07-18 0:00:00,46-60,Male,North,Cardiology,Medication,Routine,6.1,66715
4754,2022-07-18 1:00:00,31-45,Female,West,General Medicine,Observation,Routine,4.7,12727
4755,2022-07-18 2:00:00,60+,Female,South,Cardiology,Surgery,Routine,1.2,81391
4756,2022-07-18 3:00:00,60+,Male,East,Neurology,Surgery,Emergency,2.6,81809
4757,2022-07-18 4:00:00,18-30,Male,North,Orthopedics,Therapy,Emergency,8.7,78963
4758,2022-07-18 5:00:00,46-60,Male,West,General Medicine,Observation,Emergency,4.7,78195
4759,2022-07-18 6:00:00,31-45,Male,South,Neurology,Medication,Routine,6,53316
4760,2022-07-18 7:00:00,60+,Male,South,Neurology,Surgery,Emergency,3.6,52866
4761,2022-07-18 8:00:00,31-45,Male,North,Neurology,Therapy,Routine,2.9,30407
4762,2022-07-18 9:00:00,60+,Female,West,Pediatrics,Medication,Routine,4.1,89961
4763,2022-07-18 10:00:00,46-60,Female,South,Pediatrics,Therapy,Emergency,3.5,45300
4764,2022-07-18 11:00:00,18-30,Female,South,Orthopedics,Medication,Emergency,1,61798
4765,2022-07-18 12:00:00,31-45,Female,East,Neurology,Therapy,Routine,2,60081
4766,2022-07-18 13:00:00,60+,Male,South,Pediatrics,Medication,Emergency,5.4,28192
4767,2022-07-18 14:00:00,60+,Male,North,Pediatrics,Observation,Emergency,3.2,20106
4768,2022-07-18 15:00:00,18-30,Female,West,Pediatrics,Medication,Routine,4.1,55112
4769,2022-07-18 16:00:00,46-60,Female,West,Orthopedics,Medication,Routine,4.5,45925
4770,2022-07-18 17:00:00,31-45,Female,East,Orthopedics,Medication,Emergency,4.6,53211
4771,2022-07-18 18:00:00,18-30,Male,West,Neurology,Therapy,Routine,6.3,76308
4772,2022-07-18 19:00:00,31-45,Male,North,General Medicine,Surgery,Routine,1.8,59499
4773,2022-07-18 20:00:00,18-30,Male,South,Neurology,Medication,Emergency,5.1,70170
4774,2022-07-18 21:00:00,46-60,Female,East,Pediatrics,Medication,Routine,5.5,63907
4775,2022-07-18 22:00:00,31-45,Female,West,Pediatrics,Observation,Routine,6,48673
4776,2022-07-18 23:00:00,46-60,Male,East,Cardiology,Medication,Routine,1.2,34964
4777,2022-07-19 0:00:00,18-30,Male,East,Neurology,Observation,Routine,4.5,60294
4778,2022-07-19 1:00:00,31-45,Female,West,Pediatrics,Medication,Emergency,7.4,56678
4779,2022-07-19 2:00:00,18-30,Female,East,Pediatrics,Therapy,Routine,3.8,73303
4780,2022-07-19 3:00:00,18-30,Male,West,General Medicine,Surgery,Routine,5,51982
4781,2022-07-19 4:00:00,18-30,Female,North,Cardiology,Surgery,Emergency,5.6,49053
4782,2022-07-19 5:00:00,18-30,Male,West,Neurology,Surgery,Emergency,1.9,50410
4783,2022-07-19 6:00:00,31-45,Male,South,Orthopedics,Therapy,Routine,7.7,36625
4784,2022-07-19 7:00:00,31-45,Female,West,Neurology,Observation,Emergency,5,83938
4785,2022-07-19 8:00:00,31-45,Female,South,Neurology,Surgery,Routine,5,77793
4786,2022-07-19 9:00:00,31-45,Female,East,General Medicine,Therapy,Routine,0.7,30739
4787,2022-07-19 10:00:00,60+,Male,West,Neurology,Therapy,Routine,5.6,71079
4788,2022-07-19 11:00:00,60+,Female,South,General Medicine,Medication,Routine,5,18100
4789,2022-07-19 12:00:00,31-45,Female,West,General Medicine,Observation,Routine,7.2,74706
4790,2022-07-19 13:00:00,31-45,Male,West,Pediatrics,Therapy,Routine,3.4,41073
4791,2022-07-19 14:00:00,18-30,Male,West,Orthopedics,Observation,Routine,2,62198
4792,2022-07-19 15:00:00,60+,Female,North,General Medicine,Surgery,Routine,2.6,16410
4793,2022-07-19 16:00:00,18-30,Male,South,Cardiology,Surgery,Routine,3,31026
4794,2022-07-19 17:00:00,31-45,Male,North,Cardiology,Surgery,Routine,1.8,64374
4795,2022-07-19 18:00:00,31-45,Male,North,Orthopedics,Medication,Routine,6.6,40982
4796,2022-07-19 19:00:00,31-45,Female,South,General Medicine,Medication,Routine,6.7,38201
4797,2022-07-19 20:00:00,18-30,Female,West,Orthopedics,Observation,Routine,3.6,82917
4798,2022-07-19 21:00:00,46-60,Male,North,Pediatrics,Observation,Routine,3.2,99219
4799,2022-07-19 22:00:00,18-30,Male,North,Cardiology,Medication,Routine,0.4,73740
4800,2022-07-19 23:00:00,46-60,Male,North,Neurology,Therapy,Routine,5.4,33162
4801,2022-07-20 0:00:00,18-30,Female,West,Cardiology,Observation,Emergency,7.3,90270
4802,2022-07-20 1:00:00,18-30,Male,North,General Medicine,Observation,Emergency,2.7,23771
4803,2022-07-20 2:00:00,60+,Male,East,Orthopedics,Surgery,Emergency,3.8,48910
4804,2022-07-20 3:00:00,18-30,Female,South,Cardiology,Observation,Routine,4.9,56096
4805,2022-07-20 4:00:00,46-60,Male,East,Neurology,Observation,Routine,7.4,93481
4806,2022-07-20 5:00:00,31-45,Female,West,Neurology,Therapy,Routine,4.4,73253
4807,2022-07-20 6:00:00,18-30,Female,North,Orthopedics,Observation,Emergency,4.4,45725
4808,2022-07-20 7:00:00,60+,Female,South,Orthopedics,Therapy,Routine,4.4,36101
4809,2022-07-20 8:00:00,18-30,Male,North,Cardiology,Surgery,Routine,1.1,75044
4810,2022-07-20 9:00:00,60+,Male,West,General Medicine,Medication,Routine,1.1,44333
4811,2022-07-20 10:00:00,18-30,Female,South,Pediatrics,Surgery,Emergency,2.4,59335
4812,2022-07-20 11:00:00,60+,Male,East,Neurology,Therapy,Routine,6,27604
4813,2022-07-20 12:00:00,18-30,Female,South,Orthopedics,Therapy,Routine,3.3,66385
4814,2022-07-20 13:00:00,31-45,Male,North,Pediatrics,Observation,Emergency,2.9,64774
4815,2022-07-20 14:00:00,46-60,Female,South,Pediatrics,Observation,Routine,2.9,30168
4816,2022-07-20 15:00:00,60+,Female,West,Pediatrics,Medication,Routine,3.7,75632
4817,2022-07-20 16:00:00,60+,Male,West,General Medicine,Therapy,Routine,7.4,66095
4818,2022-07-20 17:00:00,46-60,Male,South,Orthopedics,Therapy,Routine,3.7,69800
4819,2022-07-20 18:00:00,60+,Male,West,Neurology,Surgery,Routine,2.4,47426
4820,2022-07-20 19:00:00,18-30,Male,West,Orthopedics,Medication,Routine,4.1,58579
4821,2022-07-20 20:00:00,31-45,Female,West,Cardiology,Surgery,Routine,7.5,56268
4822,2022-07-20 21:00:00,31-45,Female,East,Neurology,Observation,Emergency,3,52037
4823,2022-07-20 22:00:00,31-45,Male,North,Orthopedics,Observation,Routine,1.6,58410
4824,2022-07-20 23:00:00,31-45,Male,West,Neurology,Surgery,Routine,3,80129
4825,2022-07-21 0:00:00,31-45,Female,South,Cardiology,Observation,Routine,4.3,76499
4826,2022-07-21 1:00:00,18-30,Male,West,Neurology,Surgery,Emergency,5.4,31363
4827,2022-07-21 2:00:00,46-60,Male,East,Pediatrics,Therapy,Routine,6,74708
4828,2022-07-21 3:00:00,18-30,Male,South,General Medicine,Therapy,Routine,1.9,78823
4829,2022-07-21 4:00:00,31-45,Male,North,Cardiology,Observation,Routine,2.1,51976
4830,2022-07-21 5:00:00,31-45,Female,South,Neurology,Medication,Routine,3.4,65169
4831,2022-07-21 6:00:00,46-60,Female,South,Cardiology,Therapy,Routine,5.4,64880
4832,2022-07-21 7:00:00,46-60,Male,South,Pediatrics,Observation,Emergency,1.5,38001
4833,2022-07-21 8:00:00,46-60,Female,South,General Medicine,Medication,Routine,2.8,47361
4834,2022-07-21 9:00:00,18-30,Male,West,Cardiology,Observation,Emergency,2.8,70016
4835,2022-07-21 10:00:00,31-45,Male,North,Pediatrics,Surgery,Routine,5.9,45084
4836,2022-07-21 11:00:00,18-30,Male,West,Pediatrics,Observation,Emergency,5.1,74510
4837,2022-07-21 12:00:00,31-45,Female,East,Pediatrics,Surgery,Routine,5.8,81099
4838,2022-07-21 13:00:00,31-45,Female,East,Neurology,Therapy,Routine,6.7,77873
4839,2022-07-21 14:00:00,18-30,Female,South,Orthopedics,Therapy,Routine,3.4,94596
4840,2022-07-21 15:00:00,31-45,Female,West,Cardiology,Observation,Routine,1.6,53185
4841,2022-07-21 16:00:00,60+,Female,West,Orthopedics,Medication,Emergency,1.6,58544
4842,2022-07-21 17:00:00,60+,Male,North,Pediatrics,Observation,Routine,0.3,61413
4843,2022-07-21 18:00:00,31-45,Male,North,Orthopedics,Observation,Routine,3.1,53792
4844,2022-07-21 19:00:00,18-30,Female,North,Pediatrics,Therapy,Routine,3.2,65844
4845,2022-07-21 20:00:00,18-30,Female,West,Pediatrics,Therapy,Emergency,5.6,20776
4846,2022-07-21 21:00:00,31-45,Female,North,General Medicine,Observation,Routine,4,59098
4847,2022-07-21 22:00:00,60+,Male,North,General Medicine,Therapy,Emergency,3,27451
4848,2022-07-21 23:00:00,18-30,Female,North,Orthopedics,Surgery,Emergency,3.8,35748
4849,2022-07-22 0:00:00,46-60,Male,South,Cardiology,Observation,Emergency,1.9,69658
4850,2022-07-22 1:00:00,18-30,Male,East,Orthopedics,Therapy,Routine,6.1,51018
4851,2022-07-22 2:00:00,60+,Female,East,Cardiology,Observation,Routine,2.4,68952
4852,2022-07-22 3:00:00,31-45,Male,West,Orthopedics,Therapy,Routine,1.7,50584
4853,2022-07-22 4:00:00,46-60,Male,West,Neurology,Surgery,Emergency,5.6,77128
4854,2022-07-22 5:00:00,31-45,Female,South,Neurology,Surgery,Emergency,5.1,50218
4855,2022-07-22 6:00:00,46-60,Male,East,Cardiology,Observation,Routine,0.6,15902
4856,2022-07-22 7:00:00,18-30,Female,North,General Medicine,Surgery,Emergency,5.7,59508
4857,2022-07-22 8:00:00,18-30,Male,North,Cardiology,Surgery,Routine,2.5,11623
4858,2022-07-22 9:00:00,60+,Female,West,Orthopedics,Therapy,Routine,3.3,25946
4859,2022-07-22 10:00:00,60+,Female,East,Pediatrics,Observation,Routine,4.4,37341
4860,2022-07-22 11:00:00,60+,Male,West,Neurology,Therapy,Emergency,5.2,34846
4861,2022-07-22 12:00:00,46-60,Female,West,Pediatrics,Therapy,Emergency,4.9,44099
4862,2022-07-22 13:00:00,46-60,Male,North,Neurology,Medication,Emergency,3.9,34159
4863,2022-07-22 14:00:00,18-30,Male,North,Orthopedics,Surgery,Emergency,3.2,26881
4864,2022-07-22 15:00:00,31-45,Female,East,Neurology,Therapy,Routine,4.8,85837
4865,2022-07-22 16:00:00,31-45,Male,West,Cardiology,Therapy,Emergency,3.8,41437
4866,2022-07-22 17:00:00,46-60,Female,South,Pediatrics,Therapy,Routine,7.6,10385
4867,2022-07-22 18:00:00,31-45,Male,East,Pediatrics,Surgery,Emergency,5.2,47782
4868,2022-07-22 19:00:00,18-30,Male,West,Orthopedics,Surgery,Emergency,2.2,32505
4869,2022-07-22 20:00:00,31-45,Female,East,Pediatrics,Surgery,Routine,3,37301
4870,2022-07-22 21:00:00,46-60,Male,East,Orthopedics,Observation,Routine,4.1,69207
4871,2022-07-22 22:00:00,31-45,Male,East,General Medicine,Therapy,Routine,6.6,46037
4872,2022-07-22 23:00:00,18-30,Male,South,Cardiology,Surgery,Emergency,6.8,31948
4873,2022-07-23 0:00:00,18-30,Male,South,Neurology,Therapy,Routine,3.2,63925
4874,2022-07-23 1:00:00,18-30,Male,North,Neurology,Observation,Routine,2.1,77999
4875,2022-07-23 2:00:00,31-45,Male,North,Neurology,Medication,Emergency,1.9,65737
4876,2022-07-23 3:00:00,46-60,Male,West,General Medicine,Observation,Routine,4.5,5929
4877,2022-07-23 4:00:00,46-60,Male,East,Cardiology,Surgery,Routine,8.6,32700
4878,2022-07-23 5:00:00,46-60,Female,West,Pediatrics,Surgery,Routine,5.1,55949
4879,2022-07-23 6:00:00,31-45,Male,North,Pediatrics,Observation,Routine,0.8,50114
4880,2022-07-23 7:00:00,46-60,Male,South,Cardiology,Therapy,Emergency,2.5,48454
4881,2022-07-23 8:00:00,18-30,Female,North,Cardiology,Surgery,Routine,2.8,35345
4882,2022-07-23 9:00:00,31-45,Female,West,Neurology,Surgery,Routine,2.4,26888
4883,2022-07-23 10:00:00,46-60,Female,North,Pediatrics,Observation,Routine,3.2,95156
4884,2022-07-23 11:00:00,18-30,Male,West,Cardiology,Therapy,Routine,4.7,55542
4885,2022-07-23 12:00:00,18-30,Female,West,Pediatrics,Observation,Emergency,5.4,67842
4886,2022-07-23 13:00:00,60+,Female,West,Cardiology,Observation,Emergency,6.2,55125
4887,2022-07-23 14:00:00,31-45,Male,West,Orthopedics,Therapy,Routine,5,55927
4888,2022-07-23 15:00:00,46-60,Male,North,Neurology,Therapy,Routine,0.1,53758
4889,2022-07-23 16:00:00,18-30,Female,West,Cardiology,Medication,Routine,1.9,32591
4890,2022-07-23 17:00:00,46-60,Female,West,General Medicine,Observation,Routine,3.7,24710
4891,2022-07-23 18:00:00,31-45,Male,East,Cardiology,Therapy,Routine,4.3,62725
4892,2022-07-23 19:00:00,18-30,Male,West,Orthopedics,Surgery,Emergency,5.7,58757
4893,2022-07-23 20:00:00,46-60,Male,North,General Medicine,Medication,Routine,4.1,73766
4894,2022-07-23 21:00:00,18-30,Male,West,General Medicine,Observation,Routine,4.1,69707
4895,2022-07-23 22:00:00,31-45,Male,South,Cardiology,Therapy,Routine,4.5,38830
4896,2022-07-23 23:00:00,18-30,Female,South,Orthopedics,Medication,Routine,3.5,77652
4897,2022-07-24 0:00:00,18-30,Male,West,General Medicine,Medication,Emergency,4.2,70301
4898,2022-07-24 1:00:00,31-45,Male,South,Neurology,Surgery,Routine,6.3,68817
4899,2022-07-24 2:00:00,18-30,Male,South,Neurology,Medication,Routine,3.8,99987
4900,2022-07-24 3:00:00,60+,Male,North,Pediatrics,Observation,Routine,3.9,95879
4901,2022-07-24 4:00:00,18-30,Male,East,Pediatrics,Therapy,Emergency,3.9,68798
4902,2022-07-24 5:00:00,31-45,Female,South,Orthopedics,Medication,Routine,6.6,66304
4903,2022-07-24 6:00:00,18-30,Male,South,General Medicine,Medication,Emergency,1.8,76633
4904,2022-07-24 7:00:00,31-45,Female,East,Neurology,Observation,Routine,7.6,43321
4905,2022-07-24 8:00:00,60+,Male,East,Neurology,Surgery,Emergency,1.6,43603
4906,2022-07-24 9:00:00,18-30,Female,South,Orthopedics,Surgery,Emergency,2.7,68468
4907,2022-07-24 10:00:00,60+,Female,West,General Medicine,Therapy,Routine,5.5,37870
4908,2022-07-24 11:00:00,18-30,Male,South,Orthopedics,Observation,Emergency,6.1,66855
4909,2022-07-24 12:00:00,46-60,Male,West,Cardiology,Surgery,Routine,1.2,58137
4910,2022-07-24 13:00:00,31-45,Male,West,Neurology,Therapy,Routine,1.8,37876
4911,2022-07-24 14:00:00,60+,Male,West,Orthopedics,Therapy,Routine,4.6,55517
4912,2022-07-24 15:00:00,31-45,Male,East,Orthopedics,Surgery,Routine,8.7,81102
4913,2022-07-24 16:00:00,31-45,Female,South,Cardiology,Observation,Routine,6.5,56647
4914,2022-07-24 17:00:00,18-30,Male,South,Pediatrics,Medication,Emergency,3.5,56731
4915,2022-07-24 18:00:00,18-30,Male,North,Neurology,Surgery,Emergency,0.8,61580
4916,2022-07-24 19:00:00,60+,Female,East,Orthopedics,Medication,Routine,4.2,64184
4917,2022-07-24 20:00:00,31-45,Male,North,Neurology,Medication,Emergency,4.7,48383
4918,2022-07-24 21:00:00,31-45,Female,North,Pediatrics,Observation,Routine,3.2,62005
4919,2022-07-24 22:00:00,46-60,Male,West,Orthopedics,Observation,Routine,2.3,34019
4920,2022-07-24 23:00:00,31-45,Female,East,Cardiology,Therapy,Emergency,4.3,39019
4921,2022-07-25 0:00:00,60+,Male,North,Neurology,Observation,Routine,2.1,41577
4922,2022-07-25 1:00:00,46-60,Female,South,Cardiology,Therapy,Routine,7.7,64395
4923,2022-07-25 2:00:00,31-45,Female,North,Pediatrics,Surgery,Emergency,7,58205
4924,2022-07-25 3:00:00,60+,Male,East,Pediatrics,Medication,Routine,5.3,52313
4925,2022-07-25 4:00:00,18-30,Male,South,Neurology,Observation,Routine,4.2,68815
4926,2022-07-25 5:00:00,31-45,Male,South,Pediatrics,Surgery,Routine,2.7,62577
4927,2022-07-25 6:00:00,31-45,Female,South,General Medicine,Therapy,Routine,4,49200
4928,2022-07-25 7:00:00,18-30,Female,West,Neurology,Observation,Emergency,7.3,34295
4929,2022-07-25 8:00:00,46-60,Female,South,General Medicine,Medication,Routine,5.7,38606
4930,2022-07-25 9:00:00,60+,Male,West,Pediatrics,Surgery,Routine,4.4,25664
4931,2022-07-25 10:00:00,31-45,Male,West,Neurology,Observation,Routine,5.8,57811
4932,2022-07-25 11:00:00,31-45,Female,North,General Medicine,Observation,Routine,5.1,37757
4933,2022-07-25 12:00:00,60+,Male,North,Pediatrics,Surgery,Routine,4.8,45094
4934,2022-07-25 13:00:00,31-45,Female,South,Orthopedics,Therapy,Routine,6,52448
4935,2022-07-25 14:00:00,31-45,Male,East,Orthopedics,Therapy,Routine,5,75880
4936,2022-07-25 15:00:00,31-45,Male,South,Cardiology,Observation,Routine,5.7,73576
4937,2022-07-25 16:00:00,60+,Female,North,Orthopedics,Therapy,Routine,4.3,53906
4938,2022-07-25 17:00:00,31-45,Male,South,General Medicine,Therapy,Emergency,3.5,80310
4939,2022-07-25 18:00:00,46-60,Male,North,Orthopedics,Surgery,Emergency,2.9,14753
4940,2022-07-25 19:00:00,46-60,Male,South,Neurology,Therapy,Emergency,2.7,92544
4941,2022-07-25 20:00:00,31-45,Male,East,Neurology,Therapy,Routine,0.8,68850
4942,2022-07-25 21:00:00,31-45,Male,South,Neurology,Surgery,Routine,2.2,57056
4943,2022-07-25 22:00:00,46-60,Female,East,Orthopedics,Observation,Emergency,2.1,37173
4944,2022-07-25 23:00:00,31-45,Male,East,Orthopedics,Observation,Routine,3,46239
4945,2022-07-26 0:00:00,46-60,Female,South,Cardiology,Surgery,Routine,7.1,67187
4946,2022-07-26 1:00:00,60+,Male,East,Pediatrics,Medication,Emergency,3.7,67642
4947,2022-07-26 2:00:00,46-60,Male,East,Cardiology,Surgery,Emergency,4.5,68368
4948,2022-07-26 3:00:00,46-60,Female,North,General Medicine,Medication,Emergency,4.5,40430
4949,2022-07-26 4:00:00,46-60,Female,North,Neurology,Therapy,Emergency,7.2,36403
4950,2022-07-26 5:00:00,46-60,Male,East,Orthopedics,Observation,Routine,2.8,58904
4951,2022-07-26 6:00:00,31-45,Male,West,Pediatrics,Medication,Routine,3.6,70397
4952,2022-07-26 7:00:00,18-30,Female,South,Pediatrics,Medication,Emergency,3.8,55064
4953,2022-07-26 8:00:00,31-45,Female,East,Orthopedics,Therapy,Routine,6.3,84630
4954,2022-07-26 9:00:00,46-60,Female,South,Cardiology,Observation,Emergency,6.7,55663
4955,2022-07-26 10:00:00,31-45,Female,North,Pediatrics,Therapy,Routine,4.9,54986
4956,2022-07-26 11:00:00,46-60,Male,South,Cardiology,Observation,Routine,6.5,68411
4957,2022-07-26 12:00:00,31-45,Male,East,Orthopedics,Observation,Emergency,4.4,79385
4958,2022-07-26 13:00:00,46-60,Male,East,Cardiology,Therapy,Routine,3.7,28015
4959,2022-07-26 14:00:00,18-30,Male,East,Neurology,Medication,Emergency,6.4,32640
4960,2022-07-26 15:00:00,46-60,Male,East,Orthopedics,Surgery,Routine,5,48735
4961,2022-07-26 16:00:00,31-45,Female,West,Orthopedics,Observation,Emergency,2.5,118179
4962,2022-07-26 17:00:00,18-30,Female,West,Pediatrics,Observation,Routine,6,49771
4963,2022-07-26 18:00:00,31-45,Female,West,Pediatrics,Surgery,Routine,3.6,52564
4964,2022-07-26 19:00:00,46-60,Male,East,Pediatrics,Surgery,Routine,3.3,67367
4965,2022-07-26 20:00:00,31-45,Female,West,Neurology,Therapy,Routine,5.8,74539
4966,2022-07-26 21:00:00,18-30,Male,South,Neurology,Observation,Emergency,3.8,58396
4967,2022-07-26 22:00:00,60+,Male,East,General Medicine,Therapy,Routine,4.8,78287
4968,2022-07-26 23:00:00,46-60,Male,North,Orthopedics,Surgery,Routine,5.3,31121
4969,2022-07-27 0:00:00,60+,Female,East,Pediatrics,Therapy,Routine,2.4,39678
4970,2022-07-27 1:00:00,31-45,Male,South,Orthopedics,Observation,Routine,4.8,78250
4971,2022-07-27 2:00:00,31-45,Male,West,Cardiology,Medication,Routine,6.7,55219
4972,2022-07-27 3:00:00,60+,Female,East,Neurology,Medication,Routine,2.1,29751
4973,2022-07-27 4:00:00,31-45,Male,West,General Medicine,Observation,Routine,4.9,28549
4974,2022-07-27 5:00:00,46-60,Female,East,Cardiology,Therapy,Emergency,2.3,38781
4975,2022-07-27 6:00:00,31-45,Male,South,Orthopedics,Surgery,Routine,6,55043
4976,2022-07-27 7:00:00,31-45,Female,East,Neurology,Surgery,Emergency,6,64348
4977,2022-07-27 8:00:00,18-30,Male,West,Pediatrics,Medication,Routine,3.3,48419
4978,2022-07-27 9:00:00,18-30,Male,West,Cardiology,Therapy,Routine,8.4,62700
4979,2022-07-27 10:00:00,18-30,Female,South,Neurology,Surgery,Routine,6.2,46259
4980,2022-07-27 11:00:00,18-30,Male,East,Orthopedics,Surgery,Routine,5.4,79478
4981,2022-07-27 12:00:00,60+,Female,North,Orthopedics,Observation,Routine,5.3,106037
4982,2022-07-27 13:00:00,18-30,Male,East,Cardiology,Therapy,Emergency,6,47148
4983,2022-07-27 14:00:00,46-60,Female,South,Cardiology,Therapy,Routine,2,64599
4984,2022-07-27 15:00:00,46-60,Male,North,Cardiology,Surgery,Emergency,4.4,62968
4985,2022-07-27 16:00:00,31-45,Male,South,General Medicine,Therapy,Routine,4.8,57774
4986,2022-07-27 17:00:00,18-30,Male,East,Pediatrics,Therapy,Routine,3.2,68065
4987,2022-07-27 18:00:00,46-60,Female,North,Neurology,Therapy,Routine,4.9,64576
4988,2022-07-27 19:00:00,46-60,Female,South,Orthopedics,Observation,Emergency,6.5,45579
4989,2022-07-27 20:00:00,46-60,Female,West,Orthopedics,Surgery,Routine,3.2,81331
4990,2022-07-27 21:00:00,46-60,Female,North,Pediatrics,Medication,Emergency,3.9,59033
4991,2022-07-27 22:00:00,60+,Female,North,Cardiology,Therapy,Routine,2.4,47304
4992,2022-07-27 23:00:00,31-45,Male,South,Cardiology,Surgery,Routine,0.4,103864
4993,2022-07-28 0:00:00,31-45,Male,West,Orthopedics,Medication,Routine,5.6,52676
4994,2022-07-28 1:00:00,46-60,Male,North,Pediatrics,Observation,Emergency,3.9,60099
4995,2022-07-28 2:00:00,18-30,Male,South,Orthopedics,Surgery,Emergency,4.1,58509
4996,2022-07-28 3:00:00,60+,Male,North,Cardiology,Observation,Routine,2,52402
4997,2022-07-28 4:00:00,18-30,Female,North,Neurology,Surgery,Emergency,3.6,63973
4998,2022-07-28 5:00:00,31-45,Male,North,Cardiology,Observation,Routine,6.2,38100
4999,2022-07-28 6:00:00,46-60,Female,West,Neurology,Surgery,Emergency,4,66931
5000,2022-07-28 7:00:00,31-45,Male,East,General Medicine,Observation,Emergency,4.1,19833